refs,hyps,same_indices,random_indices,same_index_bleu1,different_index_bleu1,same_index_bleu2,different_index_bleu2,same_index_bleu3,different_index_bleu3,same_index_bleu4,different_index_bleu4,same_index_rouge,different_index_rouge,same_index_bert,different_index_bert,same_index_bleurt,different_index_bleurt
regen und schnee lassen an den alpen in der nacht nach im norden und nordosten fallen hier und da schauer sonst ist das klar .,"{'25October_2010_Monday_tagesschau-17', 'die regenwolken lassen im laufe des tages nach am alpenrand schwächt sich ein wenig ab im norden und nordosten regnet es mitunter kräftig sonst zeigen sich auch die sterne .'}","(0, 0)","[555, 331]",26.66666666666667,24.999999999999996,16.609095970747997,15.075567228888186,12.536837148130132,0.0,9.24272533424404,0.0,28.621700879701006,24.999999999950003,73.9209234714508,64.35250043869019,0.40106087923049927,0.170101597905159
am donnerstag regen in der nordhälfte in der südhälfte mal sonne mal wolken ähnliches wetter dann auch am freitag .,"{'am donnerstag regnet es in der nordwesthälfte ab und an richtung südosten ist es mal sonnig mal wolkig und im laufe des freitags erwartet uns dann verbreitet unbeständiges wetter .', '25October_2010_Monday_tagesschau-24'}","(1, 1)","[641, 226]",30.000000000000004,21.42857142857143,14.383899044561527,0.0,0.0,0.0,0.0,0.0,29.714285714216647,15.951626835520266,76.97002291679382,67.4602210521698,0.5554611086845398,0.25840020179748535
vom nordmeer zieht ein kräftiges tief heran und bringt uns ab den morgenstunden heftige schneefälle zum teil auch gefrierenden regen .,"{'ein kräftiges tief über der nordsee sorgt ab morgen früh für teilweise kräftige schneefälle und gefrierenden regen .', '15December_2010_Wednesday_tagesschau-37'}","(2, 2)","[40, 541]",42.3240862445307,14.285714285714283,29.034083633546143,0.0,20.738688197662302,0.0,0.0,0.0,40.54859868810035,15.811965811896684,81.85043931007385,70.45031189918518,0.6861161589622498,0.28154635429382324
sonnig geht es auch ins wochenende samstag ein herrlicher tag mit temperaturen bis siebzehn grad hier im westen .,"{'10March_2011_Thursday_heute-58', 'am wochenende wieder sonniger am samstag in küstennähe kühle temperaturen bis siebzehn grad .'}","(3, 3)","[298, 499]",34.98362686875651,7.6923076923076925,23.766694364746083,0.0,18.745356891893348,0.0,14.306909193989338,0.0,40.60189524105358,8.219954648462538,78.59607338905334,63.283079862594604,0.5523226857185364,0.23009547591209412
deutschland liegt morgen unter hochdruckeinfluss der die wolken weitgehend vertreibt .,"{'14August_2009_Friday_tagesschau-62', 'deutschland liegt morgen unter hochdruckeinfluss und einer mischung aus wolken und nebel .'}","(4, 4)","[583, 106]",53.846153846153854,18.18181818181818,42.365927286816174,0.0,36.58086754000064,0.0,31.455601883230702,0.0,57.539682539618994,20.310633213790656,83.81776809692383,67.23468899726868,0.5496571660041809,0.1728363335132599
am sonntag im nordwesten eine mischung aus sonne und wolken mit einigen zum teil gewittrigen schauern .,"{'14August_2009_Friday_tagesschau-73', 'am sonntag im norden und westen mal sonne mal wolken mit einzelnen gewittern .'}","(5, 5)","[341, 343]",46.1210141145937,10.714285714285714,29.309392955596486,0.0,17.944158607337513,0.0,0.0,0.0,44.33851377821339,11.554548623171469,82.67254829406738,67.15885996818542,0.5533656477928162,0.28930985927581787
örtlich schauer oder gewitter die heftig sein können .,"{'14August_2009_Friday_tagesschau-75', 'hier und da gibt es schauer oder gewitter die heftig sein können .'}","(6, 6)","[627, 309]",61.538461538461554,5.2688934434982695,59.914468951527816,0.0,58.06850761490637,0.0,55.93684915933074,0.0,68.35269993157804,6.566303651499947,88.2727324962616,62.63178586959839,0.7539201378822327,0.11729857325553894
in den nächsten tagen geht es auf jeden fall winterlich weiter immer wieder mal mit etwas schnee .,"{'26January_2010_Tuesday_heute-105', 'im laufe des tages wird es bei uns winterlicher mit schneeschauern .'}","(7, 7)","[586, 380]",15.163266492815833,24.999999999999996,0.0,0.0,0.0,0.0,0.0,0.0,18.571428571420732,16.666666666616667,76.31157636642456,67.63094663619995,0.5500715374946594,0.3405822813510895
und zum wochenende wird es dann sogar wieder ein bisschen kälter .,"{'am wochenende wird es noch kälter .', '26January_2010_Tuesday_heute-106'}","(8, 8)","[330, 362]",34.96726139692524,9.622060754546368,29.255709848175414,0.0,20.311732914425207,0.0,0.0,0.0,46.59584741670813,12.424961608263171,87.02893257141113,66.24492406845093,0.7037301659584045,0.054816536605358124
auch morgen erwartet uns eine ruhige herbstmischung aus hochnebel wolken und sonne .,"{'01November_2010_Monday_tagesschau-133', 'morgen erwartet uns eine meist trübe mischung aus nebel wolken und sonne .'}","(9, 9)","[65, 294]",69.23076923076921,4.999999999999999,58.834840541455215,0.0,50.11627948853365,0.0,39.832871551569504,0.0,69.23076923071922,5.230769230741207,86.538827419281,62.567877769470215,0.6652044057846069,0.3288481533527374
später breiten sich aber nebel oder hochnebelfelder aus .,"{'01November_2010_Monday_tagesschau-136', 'später bilden sich stellenweise nebel oder hochnebelfelder .'}","(10, 10)","[469, 175]",66.18726769384463,7.142857142857142,40.8516685199919,0.0,29.062112480751335,0.0,0.0,0.0,70.10475423042197,7.779141104227431,92.66390800476074,64.3114447593689,0.7891693711280823,0.22877326607704163
die halten sich morgen recht zäh .,"{'morgen lässt der schneefall allmählich nach .', '01November_2010_Monday_tagesschau-137'}","(11, 11)","[594, 50]",28.57142857142857,15.15914396500328,0.0,0.0,0.0,0.0,0.0,0.0,28.571428571378572,16.439909297020385,72.51540422439575,62.12203502655029,0.26419365406036377,0.15316982567310333
in deutschland gibt es nur schwache luftdruckunterschiede .,"{'in weiten teilen deutschlands schwacher bis mäßiger wind aus unterschiedlichen richtungen .', '08May_2010_Saturday_tagesschau-175'}","(12, 12)","[190, 17]",16.666666666666668,12.500000000000002,0.0,0.0,0.0,0.0,0.0,0.0,18.571428571359508,13.893495485466042,72.27896451950073,64.36641216278076,0.47466546297073364,0.11292707175016403
vom mittelmeer fließt feuchte luft heran in der sich zum teil kräftige gewitter entwickeln können .,"{'08May_2010_Saturday_tagesschau-176', 'die feuchte luft im südosten verlagert sich nach osten in der sich einzelne gewitterschauer und gewitter entwickeln können .'}","(13, 13)","[156, 533]",47.368421052631575,14.285714285714283,39.735970711951325,0.0,30.316565239292984,0.0,20.42819529610957,0.0,50.68918302138757,15.55828220852191,79.67222929000854,61.074745655059814,0.435840904712677,0.20890438556671143
ganz ähnliche temperaturen wie heute zwischen sechs und elf grad .,"{'24November_2011_Thursday_heute-224', 'ähnliches wetter dann auch heute mit sechs bis elf grad .'}","(14, 14)","[250, 235]",45.45454545454545,12.980013051190083,30.15113445777636,0.0,21.616643908267584,0.0,0.0,0.0,45.454545454495445,14.462081128722264,80.34471869468689,70.3130304813385,0.7120193839073181,0.5069200396537781
in der nordhälfte gibt es zu beginn der nacht noch einzelne heftige schauer und gewitter dann klar dass dort teilweise auf .,"{'21August_2011_Sunday_tagesschau-263', 'in der nordhälfte beginnt die nacht mit teilweise kräftigen schauern und gewittern die später auch mal dichter werden .'}","(15, 15)","[550, 275]",31.460935049288132,18.710139700632354,17.277390606799415,0.0,11.445765832396242,0.0,0.0,0.0,28.95984463354106,19.314683442601666,82.02288150787354,67.53020286560059,0.5260024070739746,0.14381785690784454
und bis zum abend kann die schneefallgrenze auch bis in die niederungen sinken .,"{'22November_2010_Monday_heute-283', 'bis zum abend beruhigt sich das wetter vorübergehend bevor sich wieder der nebel ausbreitet .'}","(16, 16)","[433, 148]",26.66666666666667,1.3899960383483787,19.51800145897067,0.0,14.310092685025484,0.0,0.0,0.0,27.520836737972665,10.05508727683669,74.59182143211365,66.48516654968262,0.4549911618232727,0.28939011693000793
und nun die wettervorhersage für morgen freitag den fünfzehnten oktober .,"{'14October_2010_Thursday_tagesschau-287', 'und nun die wettervorhersage für morgen freitag den fünfzehnten oktober .'}","(17, 17)","[82, 419]",100.00000000000004,11.111111111111109,100.00000000000004,0.0,100.00000000000004,0.0,100.00000000000004,0.0,99.99999999994999,12.126865671574393,99.99999403953552,71.19218707084656,1.0014368295669556,0.27294105291366577
morgen früh bildet sich über der nordsee ein neues tief das von norden für kräftigen regen sorgt .,"{'an den küsten ist es stark bewölkt in der nordhälfte regnet es mitunter kräftig .', '14October_2010_Thursday_tagesschau-290'}","(18, 18)","[103, 420]",10.916410041039759,8.131393194811983,0.0,0.0,0.0,0.0,0.0,0.0,11.92570869987219,11.731772490144502,69.00002956390381,67.00001955032349,0.4174814224243164,0.26639115810394287
heute nacht ist es im süden teils klar teilweise aber auch nebel .,"{'14October_2010_Thursday_tagesschau-291', 'heute nacht ist es im süden verbreitet klar örtlich bildet sich nebel .'}","(19, 19)","[521, 446]",69.23076923076921,9.735009788392562,58.834840541455215,0.0,50.11627948853365,0.0,44.08231875586728,0.0,69.23076923071922,10.846560846535318,82.34025239944458,66.39605164527893,0.5671554207801819,0.09750784933567047
im verlauf kommt im norden und nordwesten teilweise kräftiger regen auf einzelne gewitter sind dabei .,"{'im norden und nordwesten regnet es gebietsweise teilweise auch kräftig auch gewitter sind mit dabei .', '14October_2010_Thursday_tagesschau-294'}","(20, 20)","[188, 24]",56.24999999999999,14.285714285714283,43.30127018922193,0.0,29.92042402942877,0.0,21.305413619585096,0.0,56.24999999994999,15.55828220852191,84.0405523777008,69.59737539291382,0.6818984746932983,0.28521016240119934
morgen scheint dann wieder überall die sonne .,"{'06April_2010_Tuesday_tagesschau-306', 'morgen wird es überwiegend sonnig .'}","(21, 21)","[324, 371]",23.884377019126312,18.18181818181818,0.0,0.0,0.0,0.0,0.0,0.0,27.47252747250878,20.297349709051105,78.60280275344849,63.17412853240967,0.8263768553733826,0.1569989174604416
am samstag regnet es im südosten und an der ostsee dort ist es teilweise windig sonst regnet es nur vereinzelt teilweise zeigt sich die sonne .,"{'12May_2010_Wednesday_tagesschau-323', 'am samstag regnet es in der südosthälfte gebietsweise kräftig an der nordsee ist es weiter windig sonst regnet es mancherorts und stellenweise zeigt sich die sonne .'}","(22, 22)","[456, 459]",66.66666666666669,8.785910567087734,55.470019622522905,0.0,44.16635478536996,0.0,34.61631665891904,0.0,64.10531683614703,11.770451770453395,84.36076045036316,67.82267093658447,0.6298196315765381,0.23603278398513794
am donnerstag ist es in der südosthälfte weiterhin wechselhaft nach nordwesten hin ist es freundlich .,"{'12April_2010_Monday_tagesschau-365', 'am donnerstag in der südosthälfte weiter unbeständiges wetter in der nordwesthälfte wird es zunehmend freundlicher .'}","(23, 23)","[361, 75]",43.74999999999999,13.333333333333334,29.580398915498076,0.0,18.420157493201934,0.0,0.0,0.0,43.74999999995,14.87007975296058,83.91677141189575,73.10442924499512,0.6356192827224731,0.5252447128295898
im westen und nordwesten beruhigt sich das wetter später wieder .,"{'12July_2010_Monday_tagesschau-373', 'im westen und nordwesten lockert es später wieder auf .'}","(24, 24)","[219, 453]",63.33861926251719,18.18181818181818,50.469419878866006,0.0,38.623864841264314,0.0,29.377167835760567,0.0,66.36636636632652,19.611650485371555,87.60111331939697,65.86256623268127,0.7550827860832214,0.19951671361923218
morgen gibt es im osten und südosten bei einer mischung aus sonne und wolken zum teil kräftige schauer oder gewitter .,"{'morgen im osten und südosten eine mischung aus sonne und wolken teilweise gibt es kräftige schauer oder gewitter .', '12July_2010_Monday_tagesschau-374'}","(25, 25)","[141, 434]",80.53415603309686,23.337955174478605,69.5163277396321,0.0,58.93407892484591,0.0,48.98448862114775,0.0,74.62779156323612,18.60521235517586,93.26954483985901,70.45745253562927,0.719115138053894,0.2747204005718231
temperaturen nur so um die null grad am kältesten im norden bis minus fünf grad .,"{'am tag null grad bei dauerfrost im norden bis minus fünf grad .', '17February_2011_Thursday_heute-387'}","(26, 26)","[41, 447]",61.07097367830395,18.18181818181818,53.18203081300615,0.0,46.733515317882976,0.0,42.43076721113252,0.0,60.78182107100406,20.054945054890666,80.26453256607056,67.81866550445557,0.4791969060897827,0.3659699261188507
die luft die in der kommenden woche zu uns strömt ist deutlich kühler .,"{'17April_2010_Saturday_tagesschau-399', 'in der neuen woche strömt dann noch kühlere luft zu uns .'}","(27, 27)","[508, 159]",56.43211499270762,22.22222222222222,29.47071089565879,0.0,0.0,0.0,0.0,0.0,45.617173524117035,22.222222222172224,82.58302211761475,60.737764835357666,0.7080582976341248,0.2699942886829376
am dienstag ist es teils freundlich teils stärker bewölkt einige regenschauer sind dabei mitunter auch gewitter .,"{'am dienstag scheint häufig die sonne hier und da aber auch mal dichtere wolken und gelegentlich unbeständige schauer oder gewitter .', '17April_2010_Saturday_tagesschau-406'}","(28, 28)","[399, 554]",23.80952380952381,9.090909090909093,15.430334996209194,0.0,0.0,0.0,0.0,0.0,25.751375758365096,9.480909480850892,76.29712224006653,68.28041076660156,0.49055761098861694,0.3006749749183655
am sonntag im norden und in der mitte schauer dabei ist es im norden stürmisch .,"{'am sonntag im norden und in der mitte niederschläge im norden und nordwesten im norden stürmische böen .', '01October_2009_Thursday_tagesschau-420'}","(29, 29)","[154, 220]",61.1111111111111,8.591115984887153,53.62664443598957,0.0,47.59896445368891,0.0,43.54294657746997,0.0,64.26269137786073,10.03798155180206,85.64649224281311,61.8402898311615,0.43845903873443604,0.06357889622449875
im süden freundliches wetter .,"{'richtung süden ist es freundlicher .', '01October_2009_Thursday_tagesschau-421'}","(30, 30)","[534, 161]",33.333333333333336,21.42857142857143,0.0,12.838814775327391,0.0,0.0,0.0,0.0,35.77712609964235,23.513513513462183,70.81350684165955,75.43314099311829,0.6988848447799683,0.4750123620033264
der donnerstag wird dann richtig krass da erwarten wir unwetter in deutschland und große temperaturunterschiede sechs bis zwanzig grad .,"{'04May_2010_Tuesday_heute-460', 'am donnerstag gibt es wieder eine neue wetterfront ein neues unwettertief das für deutschland temperaturunterschiede sorgt mit sechsundzwanzig bis sechsundzwanzig grad .'}","(31, 31)","[615, 333]",27.272727272727277,9.161208579249886,11.396057645963799,0.0,0.0,0.0,0.0,0.0,28.44272844266985,14.446584679220209,76.89290046691895,62.87454962730408,0.5121685862541199,0.13508698344230652
auch am samstag regnet oder schneit es verbreitet später wird es im westen und norden freundlicher .,"{'30January_2013_Wednesday_tagesschau-476', 'auch am samstag regnet oder schneit es verbreitet später wird es im westen und norden freundlicher .'}","(32, 32)","[186, 39]",100.00000000000004,16.666666666666668,100.00000000000004,0.0,100.00000000000004,0.0,100.00000000000004,0.0,99.99999999994999,18.518518518459263,100.0,64.80932831764221,0.9527773261070251,0.15859317779541016
im südwesten morgen werte um den gefrierpunkt im osten bis minus sieben grad .,"{'im südwesten werte nahe dem gefrierpunkt im osten bis minus sieben grad .', '07February_2010_Sunday_tagesschau-499'}","(33, 33)","[556, 254]",78.35055280819599,24.90274680769807,69.5459380028764,0.0,62.51222329149687,0.0,57.991506770919095,0.0,81.25885448285601,17.325923504372444,93.251633644104,63.821643590927124,0.6937987208366394,0.2518502473831177
in der südhälfte muss dazu mit nachtfrost gerechnet werden .,"{'im süden beginnt die nacht teilweise noch frostig .', '20October_2011_Thursday_tagesschau-506'}","(34, 34)","[534, 306]",9.942659075715216,19.95134527937192,0.0,0.0,0.0,0.0,0.0,0.0,10.4684788894928,13.7604183689718,72.08980321884155,66.91988706588745,0.5898697376251221,0.24284347891807556
am tag sechs grad an den alpen und dreizehn grad am oberrhein .,"{'20October_2011_Thursday_tagesschau-513', 'am tag sechs grad an den alpen dreizehn grad am oberrhein .'}","(35, 35)","[248, 167]",92.00444146293236,7.407407407407407,87.72279297934199,0.0,82.73854775325815,0.0,76.7733168433653,0.0,95.69426751588205,7.769899131100311,94.06973719596863,65.0296688079834,0.7926496267318726,0.22987736761569977
und nun die wettervorhersage für morgen donnerstag den fünfzehnten oktober .,"{'14October_2009_Wednesday_tagesschau-516', 'und nun die wettervorhersage für morgen sonntag den fünfzehnten oktober .'}","(36, 36)","[22, 560]",90.90909090909088,22.22222222222222,85.28028654224414,13.074409009212268,78.56009758726493,8.809840420083068,70.16879391277372,0.0,90.9090909090409,20.694421857144405,96.58164978027344,70.87374925613403,0.8222200870513916,0.3862156867980957
heute nacht plus vier grad an der ostsee bis minus vier grad in den mittelgebirgen .,"{'heute nacht plus vier grad an der ostsee und minus ein grad in der mitte .', '14October_2009_Wednesday_tagesschau-526'}","(37, 37)","[306, 7]",74.99999999999997,4.811030377273186,63.245553203367585,0.0,55.5513224287824,0.0,50.67309892897293,0.0,74.99999999994999,6.2124808041308235,86.58687472343445,66.4709210395813,0.6315721273422241,0.25748196244239807
und nun die wettervorhersage für morgen dienstag den dreizehnten oktober .,"{'12October_2009_Monday_tagesschau-548', 'und nun die wettervorhersage für morgen mittwoch den dreizehnten oktober .'}","(38, 38)","[33, 70]",90.90909090909088,23.076923076923073,85.28028654224414,13.867504905630724,78.56009758726493,0.0,70.16879391277372,0.0,90.9090909090409,25.242414763773358,97.10006713867188,70.46090364456177,0.7962015271186829,0.2905951738357544
im westen ist es freundlich .,"{'12October_2009_Monday_tagesschau-560', 'im nordwesten freundlicher .'}","(39, 39)","[260, 169]",30.326532985631665,8.333333333333332,0.0,0.0,0.0,0.0,0.0,0.0,37.1428571428493,9.157509157440758,80.73759078979492,67.97710061073303,0.4280964732170105,0.15276767313480377
ähnliches wetter dann auch am donnerstag .,"{'auch am donnerstag noch wechselhaftes wetter .', '12October_2009_Monday_tagesschau-561'}","(40, 40)","[102, 282]",71.42857142857146,18.75,48.795003647426675,0.0,36.24601243342974,0.0,0.0,0.0,57.14285714280714,18.749999999950003,80.65609931945801,66.73724055290222,0.7117519378662109,0.18600894510746002
am freitag insgesamt viele wolken die regen bringen .,"{'12October_2009_Monday_tagesschau-562', 'am freitag gibt es viele wolken die gebietsweise regen bringen .'}","(41, 41)","[112, 441]",72.7272727272727,10.10884432854389,60.3022689155527,0.0,43.233287816535174,0.0,0.0,0.0,78.44660194168223,12.380952380944544,88.87308239936829,66.28721952438354,0.7833080887794495,0.390510618686676
im osten und südosten auch schnee oder schneeregen .,"{'im osten und südosten schneit es teilweise noch kräftig .', '12October_2009_Monday_tagesschau-563'}","(42, 42)","[449, 222]",49.99999999999999,16.666666666666668,40.82482904638629,0.0,34.66806371753173,0.0,27.77619034011791,0.0,52.34239444759824,18.315018314949917,79.69982624053955,67.83004403114319,0.7236624360084534,0.2506638765335083
am tag im osten viel sonne in der westhälfte regnet es zwischen niederrhein und ostfriesland .,"{'am tag in der osthälfte viel sonne in der westhälfte hier und da schauer zwischen niederrhein und küsten .', '25February_2011_Friday_tagesschau-568'}","(43, 43)","[369, 371]",57.89473684210525,18.18181818181818,47.44957310981936,0.0,37.5570866689132,0.0,28.52636439147137,0.0,61.953445915043446,20.297349709051105,84.05616283416748,62.7962589263916,0.3931625187397003,0.21122808754444122
zunächst ist das gewitterrisiko nur im westen erhöht von tag zu tag steigt es aber auch richtung osten .,"{'09July_2010_Friday_tagesschau-591', 'später sind die schauer und gewitter dann meist nur noch im westen unterwegs aber besserung in der osthälfte und im osten ist das gewitterrisiko am höchsten .'}","(44, 44)","[161, 138]",33.333333333333336,12.500000000000002,19.611613513818398,0.0,11.544156732643193,0.0,0.0,0.0,24.640192901746765,13.216374268944438,74.97621774673462,65.9960389137268,0.4619298577308655,0.10674683749675751
morgen vormittag an der ostsee noch starke böen sonst weht der wind schwach bis mäßig aus ost bis südost .,"{'06October_2010_Wednesday_tagesschau-638', 'morgen vormittag an der ostsee noch kräftige böen sonst weht der wind schwach bis mäßig .'}","(45, 45)","[571, 516]",73.01257341294418,22.22222222222222,67.44612626270498,11.433239009500591,63.25149411058876,0.0,59.01281683318052,0.0,81.34920634918082,24.849923216461985,92.9410994052887,73.98095726966858,0.7425431609153748,0.3561398386955261
dort auch bei leichten plusgraden aber sonst bleibt es frostig .,"{'allerdings gibt es schon plusgrade sonst bleibt es überall frostig .', '14December_2010_Tuesday_heute-650'}","(46, 46)","[505, 581]",45.45454545454545,11.76470588235294,36.92744729379982,0.0,24.744880157997635,0.0,0.0,0.0,45.454545454495445,13.132607302942217,83.25008749961853,64.89858627319336,0.5642375349998474,0.35266080498695374
und die kälteste ecke wird der gesamte südosten bleiben .,"{'vor allem kälter bleibt es im süden und osten .', '14December_2010_Tuesday_heute-651'}","(47, 47)","[262, 499]",19.999999999999996,27.777777777777775,0.0,18.077538151554684,0.0,0.0,0.0,0.0,19.999999999950003,31.062404020594336,74.30229187011719,71.82279229164124,0.5406215786933899,0.4393784999847412
und nun die wettervorhersage für morgen sonntag den zwölften juli .,"{'und nun die wettervorhersage für morgen sonntag den zwölften juni .', '11July_2009_Saturday_tagesschau-655'}","(48, 48)","[267, 201]",90.90909090909088,14.285714285714283,85.28028654224414,0.0,82.70230439802374,0.0,80.70557274927978,0.0,90.9090909090409,15.55828220852191,98.78705143928528,64.68095183372498,0.7858079075813293,0.38260453939437866
in der nacht sinken die temperaturen auf vierzehn bis sieben grad .,"{'11July_2009_Saturday_tagesschau-664', 'heute nacht sinken die temperaturen auf vierzehn bis sieben grad .'}","(49, 49)","[209, 402]",83.00915602566019,7.142857142857142,82.59306741035519,0.0,82.11410885863806,0.0,81.55395405382076,0.0,86.62961752202527,7.837837837786512,95.00563144683838,68.61150860786438,0.8287153840065002,0.1572888046503067
morgen höchstwerte zwischen siebzehn grad im emsland und fünfundzwanzig grad am oberrhein .,"{'11July_2009_Saturday_tagesschau-665', 'morgen reichen die temperaturen von siebzehn grad im vogtland bis fünfundzwanzig grad am oberrhein .'}","(50, 50)","[549, 334]",59.999999999999986,19.125114024581094,50.70925528371098,11.711692658192524,42.93027805507643,0.0,33.88714363186177,0.0,63.63962670489127,23.92744025337823,85.36806106567383,72.18663096427917,0.6663855910301208,0.36610740423202515
auch am dienstag und mittwoch mal sonne mal wolken dazu schauer in der südosthälfte teils schwere gewitter .,"{'am dienstag und mittwoch wechseln sich sonne und wolken ab hier und da fallen schauer in der südosthälfte auch kräftige gewitter .', '11July_2009_Saturday_tagesschau-667'}","(51, 51)","[103, 59]",59.09090909090908,8.131393194811983,44.381268229929724,0.0,34.025914324743205,0.0,25.376192011638008,0.0,58.834951456245335,11.731772490144502,88.2509708404541,67.37117171287537,0.6934925317764282,0.21370407938957214
und nun die wettervorhersage für morgen dienstag den ersten februar .,"{'und nun die wettervorhersage für morgen dienstag den ersten februar .', '31January_2011_Monday_tagesschau-668'}","(52, 52)","[110, 158]",100.00000000000004,7.142857142857142,100.00000000000004,0.0,100.00000000000004,0.0,100.00000000000004,0.0,99.99999999994999,7.70303241543358,100.0,67.7359938621521,0.9467209577560425,0.18257001042366028
der tag beginnt ganz im osten noch freundlich später zeigt sich dann auch im nordwesten häufiger die sonne sonst überwiegen die wolken .,"{'04August_2011_Thursday_tagesschau-712', 'in der osthälfte zunächst noch freundlich später auch im nordwesten sonnig sonst wolkenlücken .'}","(53, 53)","[85, 133]",33.80065871308584,9.30627225044365,23.384400828851977,0.0,16.859213520829393,0.0,0.0,0.0,43.75964053383281,11.094564408029663,76.0647714138031,66.44613146781921,0.45395833253860474,0.26758772134780884
vielerorts gibt es schauer und gewitter die heftig ausfallen können .,"{'bei schauern und gewittern starke böen .', '04August_2011_Thursday_tagesschau-713'}","(54, 54)","[297, 485]",16.13480348593598,8.333333333333332,0.0,0.0,0.0,0.0,0.0,0.0,20.31063321385475,8.662961752148677,76.12583041191101,68.08755993843079,0.3909981846809387,0.2728208303451538
vor allem über dem bergland können sich im tagesverlauf stellenweise quellwolken bilden und im südwesten muss mit vereinzelten hitzegewittern gerechnet werden .,"{'26June_2010_Saturday_tagesschau-724', 'am tag halten sich über dem bergland zunächst noch viele wolken später bilden sich vor allem im südwesten einzelne gewitter .'}","(55, 55)","[156, 512]",45.40461689683223,14.285714285714283,29.425554861891772,0.0,16.31817840978898,0.0,0.0,0.0,32.522979556939106,14.774337178651903,75.42899250984192,69.70466375350952,0.3800554871559143,0.3368971645832062
meist weht der wind schwach aus westlichen richtungen .,"{'der wind weht meist nur schwach .', '26June_2010_Saturday_tagesschau-725'}","(56, 56)","[49, 314]",64.41233940645306,18.18181818181818,28.403171905560104,0.0,0.0,0.0,0.0,0.0,48.50746268654467,19.611650485371555,85.8873188495636,66.15592241287231,0.5823796391487122,0.1899927854537964
jetzt wünsche ich ihnen noch einen schönen abend .,"{'19April_2010_Monday_heute-782', 'und jetzt wünsche ich ihnen noch einen schönen abend .'}","(57, 57)","[127, 571]",90.0,24.856647689288046,89.44271909999159,0.0,88.79040017426006,0.0,88.01117367933934,0.0,94.21631000572432,20.936957779024322,98.52739572525024,68.16814541816711,0.912156879901886,0.25326627492904663
im westen und nordwesten fallen einzelne schauer .,"{'06October_2011_Thursday_tagesschau-823', 'im westen und nordwesten gibt es einzelne schauer .'}","(58, 58)","[35, 141]",77.77777777777777,12.980013051190083,69.72166887783968,0.0,59.281555074834415,0.0,43.167001068522545,0.0,81.78887993547556,14.462081128722264,95.80303430557251,66.57512784004211,0.681448221206665,0.15404744446277618
frischer wind mit starken bis stürmischen böen bei schauern an der nordsee und auf den bergen teilweise sturmböen .,"{'06October_2011_Thursday_tagesschau-825', 'der wind weht schwach bis mäßig an den küsten frisch dort bei schauern stürmische böen .'}","(59, 59)","[513, 426]",46.632887897647514,14.24555505603563,16.054079841168555,0.0,0.0,0.0,0.0,0.0,28.160657234108427,14.774337178666578,77.91693806648254,69.96596455574036,0.43255531787872314,0.49306464195251465
und nun die wettervorhersage für morgen samstag den fünften dezember .,"{'04December_2009_Friday_tagesschau-833', 'und nun die wettervorhersage für morgen samstag den fünften september .'}","(60, 60)","[494, 304]",90.90909090909088,11.111111111111109,85.28028654224414,0.0,82.70230439802374,0.0,80.70557274927978,0.0,90.9090909090409,12.080971659872679,95.60820460319519,69.23907399177551,0.8064404129981995,0.1266193836927414
nach einer kurzen wetterberuhigung erreicht uns morgen von westen ein neuer tiefausläufer .,"{'04December_2009_Friday_tagesschau-834', 'das wetter beruhigt sich vorübergehend und morgen übernimmt wieder ein atlantischer tiefausläufer die wetterregie .'}","(61, 61)","[83, 326]",26.66666666666667,5.555555555555555,0.0,0.0,0.0,0.0,0.0,0.0,28.284278535472772,5.858653684708995,74.18288588523865,66.93624258041382,0.5763380527496338,0.15096747875213623
der sorgt wieder für wolken die regen im bergland auch schnee bringen .,"{'04December_2009_Friday_tagesschau-835', 'wolken bringt regen im bergland zum teil auch schnee .'}","(62, 62)","[12, 320]",51.85727544772027,7.05401437408845,35.78491978780161,0.0,22.803801652959717,0.0,0.0,0.0,58.89896778227458,7.60286225399182,84.77250337600708,65.66972136497498,0.44127577543258667,0.338480144739151
ab sonntag wird es wieder milder dabei gibt es viele wolken zeitweise fällt regen im nordwesten windig .,"{'am sonntag wird es milder dazu viele wolken und zeitweise regen in der nordwesthälfte windig .', '04December_2009_Friday_tagesschau-844'}","(63, 63)","[166, 403]",55.156056411537236,9.090909090909093,36.02778518198154,0.0,20.15054334497523,0.0,0.0,0.0,58.42062852534542,10.03798155174875,86.6607666015625,66.06485843658447,0.7187913060188293,0.14929436147212982
montag und dienstag wechselhaft hier und da zeigt sich aber auch die sonne .,"{'04December_2009_Friday_tagesschau-845', 'am montag und dienstag unbeständiges wetter hier und da zeigt sich auch mal die sonne .'}","(64, 64)","[587, 286]",74.99999999999997,12.473426467088238,63.245553203367585,0.0,52.275795857471,0.0,38.50322886878711,0.0,79.29824561397368,12.876455628386699,85.72070598602295,67.1671450138092,0.6851268410682678,0.14878296852111816
heute nacht ist es meist nur locker bewölkt oder klar im nordwesten gibt es auch mal ein paar dichtere wolken .,"{'11July_2011_Monday_tagesschau-849', 'heute nacht ist es meist nur locker bewölkt oder klar über die nordwesthälfte ziehen hier und da dünne schleierwolken .'}","(65, 65)","[257, 51]",52.31761834753929,9.622060754546368,48.55244163884743,0.0,46.363367152450444,0.0,44.4492897203408,0.0,53.59480910719102,12.424961608263171,84.45301651954651,66.07836484909058,0.6873388290405273,0.12001878023147583
morgen muss verbreitet mit teilweise kräftigen schauern und gewittern gerechnet werden .,"{'28July_2010_Wednesday_tagesschau-864', 'auch morgen verbreitet zum teil kräftige schauer und gewitter die örtlich unwetterartig sein können .'}","(66, 66)","[219, 617]",26.66666666666667,9.090909090909093,0.0,0.0,0.0,0.0,0.0,0.0,28.92416225742925,10.027472527418132,79.00031208992004,64.52751159667969,0.4577503800392151,0.11896634101867676
am samstag überwiegend freundlich meist trocken und wärmer .,"{'am samstag wird es langsam wieder freundlicher und trockener und auch etwas wärmer .', '28July_2010_Wednesday_tagesschau-871'}","(67, 67)","[23, 143]",35.71428571428571,24.999999999999996,23.440361546924777,12.909944487358057,0.0,0.0,0.0,0.0,39.87906708890352,27.47252747245908,82.52682685852051,75.72007179260254,0.7379801869392395,0.41708993911743164
am sonntag ziehen von nordwesten wieder schauer und gewitter heran .,"{'am sonntag zieht von westen wieder regen heran der sich im laufe des tages weiter richtung südosten ausbreitet .', '28July_2010_Wednesday_tagesschau-872'}","(68, 68)","[489, 504]",31.57894736842106,9.090909090909093,13.245323570650438,0.0,0.0,0.0,0.0,0.0,35.31135531128963,9.805825242653109,77.99098491668701,69.69618201255798,0.5518156886100769,0.10265219211578369
an der nordsee sowie auf den bergen schwere sturmböen .,"{'23October_2010_Saturday_tagesschau-895', 'an der nordsee und auf den bergen schwere sturmböen .'}","(69, 69)","[112, 193]",90.0,10.380107463819925,83.66600265340755,0.0,75.91472429689156,0.0,65.80370064762461,0.0,89.99999999994999,16.991297140498148,98.63482713699341,66.55033826828003,0.8458954095840454,0.21814922988414764
unter wolken heute nacht frostfreie zwei bis acht grad .,"{'wolken sorgen dafür dass es in der nacht zwei bis acht grad frostig wird .', '23October_2010_Saturday_tagesschau-896'}","(70, 70)","[638, 595]",46.66666666666667,15.163266492815833,31.62277660168379,0.0,24.871131731971634,0.0,18.92240568795936,0.0,51.999999999930935,13.928571428563592,76.87906622886658,67.50360131263733,0.6878132224082947,0.2402597963809967
und nun die wettervorhersage für morgen donnerstag den ersten april .,"{'31March_2010_Wednesday_tagesschau-999', 'und nun die wettervorhersage für morgen donnerstag den ersten april .'}","(71, 71)","[238, 61]",100.00000000000004,5.263157894736842,100.00000000000004,0.0,100.00000000000004,0.0,100.00000000000004,0.0,99.99999999994999,5.852473498163986,100.0,63.762080669403076,0.9682979583740234,0.2281302511692047
das tief bei schottland sorgt zusammen mit kühler luft auch morgen für wechselhaftes wetter .,"{'in der nacht lenkt ein tief über norddeutschland kältere luft heran die uns morgen wieder unbeständiges wetter beschert .', '31March_2010_Wednesday_tagesschau-1000'}","(72, 72)","[27, 272]",26.31578947368421,14.108028748176901,0.0,0.0,0.0,0.0,0.0,0.0,28.630056673765452,15.205724508016866,74.97954368591309,69.94282007217407,0.5294160842895508,0.37234264612197876
am freitag mal sonne mal wolken und nur einzelne schauer stellenweise zeigt sich die sonne auch für längere zeit .,"{'31March_2010_Wednesday_tagesschau-1008', 'am freitag mal sonne mal wolken mal schauer hier und da zeigt sich die sonne auch für längere zeit .'}","(73, 73)","[257, 178]",85.00000000000001,15.15914396500328,76.26132357679228,0.0,70.83419331601236,0.0,65.86134739641669,0.0,79.99999999995,16.439909297020385,91.57212376594543,67.77907609939575,0.5692777037620544,0.20211879909038544
und so erwartet uns eine mischung aus teilweise zähen nebelfeldern wolken und sonnenschein .,"{'ansonsten gibt es eine mischung aus nebel wolken und sonne .', '29October_2009_Thursday_tagesschau-1013'}","(74, 74)","[212, 154]",41.52547563801129,6.666666666666667,30.79611696025472,0.0,20.018666931862025,0.0,0.0,0.0,46.6748466257433,7.435039876449127,77.17639803886414,65.44967889785767,0.572617769241333,0.30227130651474
die neue woche beginnt wechselhaft und kühler .,"{'29October_2009_Thursday_tagesschau-1024', 'die neue woche beginnt wechselhaft und wieder kühler .'}","(75, 75)","[485, 180]",88.8888888888889,18.95847077451488,81.6496580927726,0.0,72.49202486685948,0.0,66.06328636027612,0.0,93.4730056405521,22.056948576269157,98.05521965026855,63.625866174697876,0.840832531452179,0.13556133210659027
da haben wir morgen schon die dreißig grad morgen im süden von frankreich auch und für uns wahrscheinlich schon im südwesten die fünfundzwanzig grad .,"{'27April_2010_Tuesday_heute-1028', 'es wird ja morgen schon wärmer als heute hier im süden bis zu dreißig grad fünfundzwanzig grad auch im süden wird es noch wärmer als heute hier im südwesten bis zu fünfundzwanzig grad .'}","(76, 76)","[461, 466]",35.29411764705882,10.10884432854389,25.332019855244937,0.0,12.610429748420032,0.0,0.0,0.0,35.66604161729181,12.380952380944544,78.08535099029541,66.61385893821716,0.5261527895927429,0.15254631638526917
ja der donnerstag wird fast noch schöner noch ein bisschen wärmer .,"{'27April_2010_Tuesday_heute-1038', 'am donnerstag wird es wieder trockener und am sonntag auch etwas wärmer .'}","(77, 77)","[25, 280]",30.769230769230774,15.789473684210527,22.645540682891916,0.0,0.0,0.0,0.0,0.0,31.898089171917164,17.40081224610433,77.81895995140076,66.7327880859375,0.5428556799888611,0.25597694516181946
gegen späten nachmittag oder abend gibt es wahrscheinlich die ersten regenschauer im nordwesten .,"{'und am nachmittag oder abend gibt es vielleicht auch mal ein paar regenschauer im norden .', '27April_2010_Tuesday_heute-1039'}","(78, 78)","[603, 160]",49.99999999999999,14.285714285714283,40.82482904638629,0.0,32.931687800417464,0.0,27.22589423069701,0.0,52.86549707596199,15.951626835520266,87.19757199287415,65.88423252105713,0.6721363663673401,0.36328834295272827
schwacher bis mäßiger im norden auch frischer wind aus ost bis südost an der nordsee und auf den bergen ist er stark mit stürmischen böen .,"{'der wind weht schwach bis mäßig im norden frisch mit starken bis stürmischen böen an den küsten und auf den bergen schwere sturmböen .', '06September_2010_Monday_tagesschau-1147'}","(79, 79)","[155, 435]",57.50277591433272,10.10884432854389,33.913287060583684,0.0,21.26760700997402,0.0,14.328025462034935,0.0,39.872611464926614,12.380952380944544,81.26196265220642,69.11269426345825,0.599589467048645,0.1614442765712738
am donnerstag noch unbeständig aber ab freitag wird es von westen langsam freundlicher .,"{'am donnerstag wechselhaft aber am freitag wird es von westen zunehmend freundlicher .', '06September_2010_Monday_tagesschau-1153'}","(80, 80)","[407, 546]",71.22777528017816,3.7188360024738305,57.42566831466844,0.0,43.669458430507284,0.0,35.24025452531097,0.0,73.87168589350162,7.2681704260755655,90.5615508556366,63.96195888519287,0.6526969075202942,0.11338014155626297
schwacher bis mäßiger auf den bergen in böen auch starker wind in der nordhälfte aus ost bis nordost sonst aus unterschiedlichen richtungen .,"{'06November_2010_Saturday_tagesschau-1162', 'schwacher bis mäßiger im bergland zum teil frischer an der nordsee zum teil starker bis stürmischer wind aus süd bis südwest .'}","(81, 81)","[95, 277]",39.091215120066174,6.974431633993653,18.86142958060863,0.0,11.934187395350545,0.0,0.0,0.0,35.52049090506089,12.646109906394013,78.90201210975647,61.43234968185425,0.4086308479309082,0.07677079737186432
der wind weht meist schwach und kommt aus unterschiedlichen richtungen .,"{'der wind weht meist schwach aus unterschiedlichen richtungen .', '04June_2010_Friday_tagesschau-1173'}","(82, 82)","[99, 600]",80.07374029168083,9.090909090909093,74.90212546224643,0.0,68.46208492960541,0.0,59.86908497649472,0.0,88.252427184438,10.027472527418132,95.10199427604675,68.80319118499756,0.8584024310112,0.09431993961334229
am montag ist es wechselhaft mal sonne mal wolken vor allem in der osthälfte einige kräftige schauer und gewitter .,"{'am montag unbeständiges wetter mit sonne und wolken vor allem in der osthälfte einzelne schauer oder gewitter .', '04June_2010_Friday_tagesschau-1176'}","(83, 83)","[212, 105]",64.62728399214893,13.333333333333334,48.79833908611089,0.0,37.62689507936485,0.0,31.247663570071495,0.0,62.81087333715041,13.760418368958119,86.0798716545105,66.19153618812561,0.6053146719932556,0.2887935936450958
abseits der gewitter schwacher bis mäßiger wind .,"{'09August_2009_Sunday_tagesschau-1186', 'der wind weht schwach bis mäßig an der ostsee auch frisch .'}","(84, 84)","[102, 508]",33.333333333333336,12.500000000000002,0.0,0.0,0.0,0.0,0.0,0.0,27.857142857073796,13.893495485466042,76.77172422409058,67.14175939559937,0.3411265015602112,0.2536557912826538
vom südwesten bis in die mitte bleibt es meist trocken .,"{'im südwesten bleibt es meist trocken .', '05July_2010_Monday_tagesschau-1202'}","(85, 85)","[61, 297]",48.40441045780793,6.666666666666667,42.688677476684624,0.0,39.524779750061526,0.0,36.337289265247364,0.0,60.931899641572784,7.435039876449127,89.2225980758667,66.11826419830322,0.7366577982902527,0.2084883749485016
morgen temperaturen von achtzehn grad an der küste bis sechsundzwanzig im breisgau .,"{'morgen temperaturen von achtzehn grad an der nordsee bis sechsundzwanzig im breisgau .', '05July_2010_Monday_tagesschau-1205'}","(86, 86)","[584, 286]",92.30769230769226,6.107097367830394,87.70580193070288,0.0,82.39824906342801,0.0,76.11606003349888,0.0,92.30769230764233,6.753535674531798,96.62047624588013,62.747007608413696,0.7627214193344116,0.1512257158756256
dazu weht ein starker wind vor allen dingen wieder über vorpommern aus südost .,"{'05October_2010_Tuesday_heute-1218', 'der wind weht schwach bis mäßig im nordwesten frisch mit starken an der see mit stürmischen böen .'}","(87, 87)","[130, 639]",16.666666666666668,13.043478260869563,0.0,0.0,0.0,0.0,0.0,0.0,12.126865671574393,14.44658467915471,70.90338468551636,66.84036254882812,0.2756388187408447,0.19487904012203217
ab sonntag geht es dann wieder abwärts es wird wechselhafter .,"{'27May_2010_Thursday_heute-1236', 'am sonntag wird es dann wieder unbeständiger .'}","(88, 88)","[142, 559]",51.5466959093229,8.695652173913045,31.815311433143144,0.0,22.633595957718388,0.0,0.0,0.0,50.1899077590728,9.240607513953645,78.75972390174866,64.17707204818726,0.6050158143043518,0.3161965608596802
milder bleibt es unter den regenwolken im osten mit fünfzehn sechzehn grad .,"{'02August_2010_Monday_heute-1243', 'und der regen hier im osten der bringt noch milde fünfzehn bis sechzehn grad .'}","(89, 89)","[520, 172]",40.0,5.882352941176471,29.277002188455995,0.0,18.751526127306107,0.0,0.0,0.0,42.42641780324019,6.1281896724673315,79.26652431488037,64.97731804847717,0.5012630820274353,0.09777694940567017
und nun die wettervorhersage für morgen dienstag den einundzwanzigsten juni .,"{'20June_2011_Monday_tagesschau-1249', 'und nun die wettervorhersage für morgen dienstag den einundzwanzigsten juni .'}","(90, 90)","[471, 158]",100.00000000000004,7.142857142857142,100.00000000000004,0.0,100.00000000000004,0.0,100.00000000000004,0.0,99.99999999994999,7.70303241543358,100.0,67.36428737640381,0.9709665179252625,0.13901971280574799
an der saar heute nacht milde sechzehn an der elbe teilweise nur acht grad .,"{'20June_2011_Monday_tagesschau-1256', 'am niederrhein heute nacht bis minus sechzehn am oberrhein nur kühle acht grad .'}","(91, 91)","[181, 298]",46.55313898520114,11.409269311835377,31.626630084170817,0.0,19.798601716851696,0.0,0.0,0.0,48.16146429150816,14.912280701754,78.38284969329834,63.77649903297424,0.49999362230300903,0.28583502769470215
am hochrhein morgen schwül warme dreißig an der nordsee frische achtzehn grad .,"{'20June_2011_Monday_tagesschau-1257', 'hochsommerlich warm am rhein morgen dreißig grad an der nordsee frische achtzehn grad am mittwoch .'}","(92, 92)","[193, 550]",62.50000000000002,11.111111111111109,45.64354645876385,0.0,39.044833280954016,0.0,34.234749558690204,0.0,67.53535674552467,8.277768742816875,81.44980072975159,61.98303699493408,0.5303703546524048,0.13299717009067535
und in dieser kühleren eigentlich angenehmeren luft gibt es am donnerstag zumindest im norden noch kräftigen regen stürmischen wind .,"{'aber nach mitternacht ist das ganz angenehm und dann am donnerstag regnet es in der nordhälfte mitunter kräftig mit starken bis stürmischen böen an der nordsee .', '12July_2011_Tuesday_heute-1283'}","(93, 93)","[313, 72]",25.925925925925927,10.526315789473687,9.985744825254637,0.0,0.0,0.0,0.0,0.0,20.39157605743957,11.452022669466057,76.27179026603699,65.89098572731018,0.3512459695339203,0.24006766080856323
sehr milde luft strömt zu uns .,"{'02October_2010_Saturday_tagesschau-1300', 'dabei strömt sehr milde luft zu uns .'}","(94, 94)","[105, 336]",87.50000000000003,6.666666666666667,70.71067811865478,0.0,55.03212081491043,0.0,0.0,0.0,79.29824561397368,6.666666666616666,92.75502562522888,63.045841455459595,0.8208746910095215,0.2202758491039276
und nun die wettervorhersage für morgen dienstag den neunzehnten april .,"{'und nun die wettervorhersage für morgen dienstag den neunzehnten april .', '18April_2011_Monday_tagesschau-1314'}","(95, 95)","[320, 475]",100.00000000000004,13.333333333333334,100.00000000000004,0.0,100.00000000000004,0.0,100.00000000000004,0.0,99.99999999994999,14.704632384121577,100.0,64.27094340324402,0.9583961963653564,0.20733578503131866
morgen vielerorts schauer vor allem im süden und osten noch einige gewitter mitunter regnet es kräftig auch unwetter sind weiter möglich .,"{'22August_2010_Sunday_tagesschau-1344', 'morgen entwickeln sich stellenweise schauer vor allem in der südosthälfte deutschlands auch kräftige gewitter mit starkregen vereinzelt sind unwetter möglich .'}","(96, 96)","[69, 17]",45.40461689683223,27.145122541078788,25.483278030850986,0.0,14.826049012968191,0.0,0.0,0.0,37.169119493651145,28.442728442688605,80.22056221961975,64.07204270362854,0.6447795629501343,0.12492965161800385
heute nacht ist es meist stark bewölkt örtlich regnet oder nieselt es etwas .,"{'heute nacht ist es meist stark bewölkt stellenweise regnet oder nieselt es etwas .', '26October_2009_Monday_tagesschau-1394'}","(97, 97)","[244, 114]",92.85714285714283,14.268441367510711,88.64052604279179,0.0,83.83820492034592,0.0,78.25422900366432,0.0,92.85714285709285,14.616766120110327,95.85555791854858,68.72710585594177,0.8473716378211975,0.30628347396850586
richtung nordosten gibt es mehr wolken hier und da etwas regen .,"{'im nordosten mehr wolken als sonne hier und da fällt regen .', '26October_2009_Monday_tagesschau-1402'}","(98, 98)","[476, 518]",66.66666666666669,5.555555555555555,49.23659639173309,0.0,28.941787404774686,0.0,0.0,0.0,66.66666666661666,6.17283950611358,83.86816382408142,66.76403880119324,0.6265386939048767,0.16214555501937866
am freitag scheint abseits der nebelgebiete häufig die sonne .,"{'am freitag nach auflösung von teilweise zähen nebelfeldern viel sonne .', '26October_2009_Monday_tagesschau-1403'}","(99, 99)","[255, 168]",36.36363636363637,10.000000000000002,26.96799449852968,0.0,0.0,0.0,0.0,0.0,37.92363792357934,11.111111111051851,79.04906272888184,66.97827577590942,0.34403330087661743,0.24329879879951477
im norden und westen morgen zwanzig bis dreiundzwanzig sonst sommerliche fünfundzwanzig bis neunundzwanzig grad .,"{'an der nordsee morgen zwanzig bis fünfundzwanzig sonst fünfundzwanzig bis neunundzwanzig grad .', '13August_2011_Saturday_tagesschau-1412'}","(100, 100)","[226, 225]",59.358732864953616,12.174467525938116,50.445222863423325,0.0,42.96989444720879,0.0,34.15286017973014,0.0,63.63962670491886,13.013824884801418,90.99509716033936,74.66811537742615,0.4812585711479187,0.356875479221344
dazu gehört ein tiefdruckgebiet mit milder luft im gepäck .,"{'17February_2010_Wednesday_heute-1478', 'ein tiefausläufer lenkt wolken und etwas mildere luft nach deutschland .'}","(101, 101)","[461, 89]",27.272727272727277,15.334073577155388,0.0,0.0,0.0,0.0,0.0,0.0,28.44272844266985,15.94904458594573,74.07188415527344,68.98683905601501,0.43788641691207886,0.1904415339231491
da ist der boden noch gefroren am rhein wie gesagt da entspannt sich die lage bei plusgraden .,"{'am tag bodenfrost am niederrhein und an der isar teilweise länger anhaltend am niederrhein plusgrade .', '17February_2010_Wednesday_heute-1482'}","(102, 102)","[470, 142]",16.546816923461165,20.944996871488783,0.0,10.90012196157568,0.0,0.0,0.0,0.0,17.526188557577502,24.560966496435412,70.74687480926514,68.98703575134277,0.35422253608703613,0.16128988564014435
es bleibt meist trüb wie auf diesem bild hier .,"{'und diese wolken liegen ja schon über dem bergland .', '08February_2010_Monday_heute-1497'}","(103, 103)","[409, 604]",10.000000000000002,7.142857142857142,0.0,0.0,0.0,0.0,0.0,0.0,9.99999999995,7.936507936448677,69.4752037525177,71.31693363189697,0.2452908158302307,0.3956717252731323
und im westen haben wir kaum noch schnee aber es gibt eben auch ausnahmen die mittelgebirge .,"{'in der westhälfte kaum noch schnee und die schneefallgrenze sinkt weiter in den nächsten tagen aber auf den gefrierpunkt in den mittelgebirgen .', '08February_2010_Monday_heute-1498'}","(104, 104)","[4, 65]",30.434782608695656,8.314353792100524,16.63369597826152,0.0,10.962747417185616,0.0,0.0,0.0,23.946135831313047,10.647582475124185,75.23579001426697,66.13942384719849,0.375324547290802,0.353348970413208
dazu im westen allerdings etwas milder mit minus vier bis minus sieben grad .,"{'08February_2010_Monday_heute-1501', 'im westen wird es morgen vorübergehend milder mit minus vier bis plus sieben grad .'}","(105, 105)","[9, 400]",66.66666666666669,7.6923076923076925,57.73502691896257,0.0,46.80926207766301,0.0,36.15855225145533,0.0,68.80209184501629,8.582677165291583,85.31005382537842,63.05367350578308,0.7409401535987854,0.30997294187545776
hallo und guten abend liebe zuschauer .,"{'guten abend liebe zuschauer .', '07April_2010_Wednesday_heute-1619'}","(106, 106)","[99, 400]",67.03200460356396,9.090909090909093,67.03200460356396,0.0,67.03200460356396,0.0,67.03200460356396,0.0,79.05982905981517,10.155316606861138,93.1879997253418,66.87952280044556,0.8092743158340454,0.17415198683738708
und morgen wird es dann in der südosthälfte nochmal ähnlich werden wie heute allerdings im nordwesten bereits dichtere wolken .,"{'07April_2010_Wednesday_heute-1626', 'morgen dann im südosten ähnlich wie heute und auch im nordwesten mehr wolken als heute .'}","(107, 107)","[92, 289]",48.67504894196282,6.250000000000001,22.482042087568352,0.0,0.0,0.0,0.0,0.0,48.809523809498266,6.24999999995,82.14178085327148,66.91908836364746,0.7169552445411682,0.1894949972629547
in den nächsten tagen wird das dann nicht mehr der fall sein dann wird es insgesamt ein bisschen kühler vor allen dingen zum wochenende hin .,"{'in den nächsten tagen ändert sich an diesem wetter wenig dann wird es deutlich kühler vor allen dingen am wochenende .', '07April_2010_Wednesday_heute-1630'}","(108, 108)","[372, 624]",48.78885314613832,30.000000000000004,39.21828302742502,0.0,31.7149016789226,0.0,22.989844704605932,0.0,54.10813429218193,31.40543666853519,83.85317325592041,71.05689644813538,0.5862123966217041,0.4152522683143616
unter tiefdruckeinfluss erwartet uns am sonntag recht kühles schauerwetter .,"{'tiefer luftdruck beschert deutschland kühlere luft und regenwolken .', '18July_2009_Saturday_tagesschau-1634'}","(109, 109)","[471, 72]",9.942659075715216,6.650448426457306,0.0,0.0,0.0,0.0,0.0,0.0,10.4684788894928,6.880209184464527,72.08188772201538,64.45480585098267,0.5493015050888062,0.1514388620853424
sechs grad heute nacht am alpenrand bis fünfzehn grad an der oder .,"{'am alpenrand heute nacht sechs bis vierzehn an der spree bis vierzehn grad .', '18July_2009_Saturday_tagesschau-1640'}","(110, 110)","[207, 192]",71.42857142857146,12.500000000000002,40.599897147057504,0.0,0.0,0.0,0.0,0.0,44.32301153606944,13.797426591829042,84.278404712677,69.19376850128174,0.4296063184738159,0.3740691542625427
ähnliches wetter auch am donnerstag .,"{'ähnliches wetter dann auch am donnerstag .', '13October_2009_Tuesday_tagesschau-1657'}","(111, 111)","[348, 412]",85.7142857142857,12.638980516343251,75.59289460184542,0.0,61.14214174657596,0.0,48.892302243490086,0.0,91.23434704823777,14.704632384173957,97.82702922821045,64.167320728302,0.8439178466796875,0.19001343846321106
am freitag ist es im südwesten zunächst freundlich .,"{'13October_2009_Tuesday_tagesschau-1658', 'am freitag gibt es in der südwesthälfte mal sonne mal wolken .'}","(112, 112)","[6, 3]",33.333333333333336,14.545688921462764,17.40776559556979,0.0,0.0,0.0,0.0,0.0,36.63003662996824,11.704946996456417,79.80443835258484,65.37854075431824,0.5796685218811035,0.19669151306152344
sonst regnet es zeitweise .,"{'13October_2009_Tuesday_tagesschau-1659', 'hier und da fallen ein paar tropfen .'}","(113, 113)","[612, 468]",12.500000000000002,23.00111036573308,0.0,0.0,0.0,0.0,0.0,0.0,13.971742543103133,23.923566878939358,71.97398543357849,72.64730334281921,0.6022000908851624,0.287358820438385
in den übrigen landesteilen wird es meist freundlich dank einer hochdruckzone die von der biskaya bis zu den shetlandinseln reicht .,"{'sonst wird es dank hochdruckeinfluss freundlicher und das hoch verlagert sich bis in die mitte .', '03July_2011_Sunday_tagesschau-1665'}","(114, 114)","[355, 155]",32.00818376641557,14.285714285714283,12.494715549038007,0.0,0.0,0.0,0.0,0.0,26.09118814102932,15.55828220852191,72.9986846446991,63.24121952056885,0.29966220259666443,0.24171055853366852
am dienstag ist es in der westhälfte meist freundlich ansonsten stellenweise schauer oder gewitter .,"{'03July_2011_Sunday_tagesschau-1672', 'am dienstag ist es im westen zunächst noch freundlich sonst einzelne schauer und gewitter .'}","(115, 115)","[488, 490]",53.33333333333335,8.979161202208832,39.03600291794134,0.0,28.620185370050958,0.0,21.023693683267553,0.0,53.33333333328333,11.160145140721824,85.7458233833313,62.29185461997986,0.6432225704193115,0.2363899052143097
die hochwassergefahr steigt wieder es gelten entsprechende unwetterwarnungen des deutschen wetterdienstes .,"{'12January_2011_Wednesday_tagesschau-1727', 'hoher luftdruck bestimmt weiterhin unser wetter und es bestehen entsprechende unwetterwarnungen des deutschen wetterdienstes .'}","(116, 116)","[521, 178]",46.66666666666667,6.69076785648738,40.82482904638629,0.0,37.15253593196873,0.0,33.64932442330152,0.0,50.61728395055094,8.60095976374849,85.17900705337524,64.06792402267456,0.5841466188430786,0.22900941967964172
und das wetter im südöstlichen mittelmeer das beruhigt sich nur langsam .,"{'im südosten beruhigt sich das wetter nur langsam .', '09March_2011_Wednesday_heute-1741'}","(117, 117)","[304, 414]",63.6916720510035,10.73538990107551,47.76875403825263,0.0,28.585227523640132,0.0,0.0,0.0,54.945054945036254,12.126865671619305,83.59490036964417,63.13842535018921,0.539752185344696,0.3308972716331482
am tag drei grad auf usedom bis zwölf grad im emsland .,"{'25February_2010_Thursday_tagesschau-1761', 'an der küste morgen kühle drei im rhein main gebiet bis drei grad .'}","(118, 118)","[197, 616]",35.71428571428571,4.931939278832129,16.5748386032949,0.0,0.0,0.0,0.0,0.0,30.411449016037423,9.120345385870996,71.40495181083679,65.99215269088745,0.20211800932884216,0.07833994925022125
am freitag teils sonne teils wolken im äußersten süden anfangs noch regnerisch .,"{'12August_2009_Wednesday_tagesschau-1806', 'am freitag sonne und wolken im süden anfangs regen .'}","(119, 119)","[297, 351]",59.26545765453741,8.333333333333332,38.255688416897385,0.0,0.0,0.0,0.0,0.0,67.31310603688829,8.662961752148677,85.62208414077759,60.740453004837036,0.6088801026344299,0.13622187077999115
der teilweise kräftige regen breitet sich im tagesverlauf über die mitte weiter nach süden aus .,"{'und so kommt die sonne auch morgen zum vorschein der kräftigen regen der sich im tagesverlauf richtung südosten verlagert .', '05November_2010_Friday_tagesschau-1872'}","(120, 120)","[458, 30]",34.99999999999999,15.384615384615385,19.194297398747864,0.0,12.696693759248044,0.0,0.0,0.0,32.539682539616194,16.70973298875696,76.7658531665802,61.10240817070007,0.3508279323577881,0.22212812304496765
an der elbe einzelne schauer im nordwesten aber schon wieder deutlich freundlicher .,"{'deutschlandweit machen sich schauer in der nordwesthälfte wärmer luft bemerkbar .', '31May_2011_Tuesday_heute-1904'}","(121, 121)","[149, 470]",22.738715947504925,12.638980516343251,0.0,0.0,0.0,0.0,0.0,0.0,16.439909297020385,14.704632384173957,70.71205973625183,60.160160064697266,0.23463134467601776,0.15485000610351562
sonst einzelne schauer an der nordsee auch gewitter .,"{'dort sowie an der nordsee fängt es an zu regnen oberhalb von etwa vierhundert metern rieselt schnee .', '28December_2011_Wednesday_tagesschau-1912'}","(122, 122)","[352, 87]",22.22222222222222,5.882352941176471,16.16904166908886,0.0,11.778306710513217,0.0,0.0,0.0,24.6913580246321,6.334073396826718,71.98799252510071,70.73690891265869,0.3233361840248108,0.30745506286621094
zunächst regnet es richtung südosten noch etwas im bergland auch schnee am nachmittag regnet es im westen und nordwesten .,"{'08December_2009_Tuesday_tagesschau-1938', 'in der südosthälfte fällt heute nacht schnee auf den bergen im westen und nordwesten fällt nachmittags regen .'}","(123, 123)","[247, 431]",29.82797722714566,11.111111111111109,21.703041301065834,0.0,17.400647989419454,0.0,13.31488794012028,0.0,31.405436668555836,12.380952380883322,76.00353956222534,68.06292533874512,0.45061367750167847,0.3324967622756958
und nun die wettervorhersage für morgen mittwoch den achten september .,"{'und nun die wettervorhersage für morgen mittwoch den achten september .', '07September_2010_Tuesday_tagesschau-1945'}","(124, 124)","[171, 183]",100.00000000000004,9.942659075715216,100.00000000000004,0.0,100.00000000000004,0.0,100.00000000000004,0.0,99.99999999994999,10.4684788894928,100.0,65.9227192401886,1.0034191608428955,0.21892930567264557
schwacher bis mäßiger im norden zum teil frischer südost bis ostwind der im südwesten später auf südwest dreht an den küsten bläst er stark mit stürmischen böen .,"{'07September_2010_Tuesday_tagesschau-1954', 'morgen im norden teilweise frischer wind im südosten weht er schwach bis mäßig aus südwest bis südwest später auch frisch an der nordsee stark .'}","(125, 125)","[554, 43]",46.11986270929219,18.710139700632354,13.055115340908326,11.181447127419517,0.0,0.0,0.0,0.0,29.99707267739784,19.314683442601666,78.8270890712738,66.56488180160522,0.32141977548599243,0.2017567753791809
am donnerstag regnet es vor allem im süden und osten mancherorts .,"{'am donnerstag regnet es vor allem in der südosthälfte teilweise länger anhaltend .', '11May_2010_Tuesday_tagesschau-1969'}","(126, 126)","[20, 148]",53.846153846153854,12.237675833649972,47.3665466715671,0.0,43.371414275155395,0.0,39.553325358771794,0.0,55.82165605089806,14.36539085785756,79.78178858757019,69.2961037158966,0.7350956797599792,0.36808520555496216
am sonntag vor allem im osten und süden noch schauer oder gewitter sonst überwiegend freundlich .,"{'03July_2009_Friday_tagesschau-2014', 'am sonntag vor allem im osten und süden teilweise kräftige schauer und gewitter sonst zum teil freundlich .'}","(127, 127)","[25, 239]",72.22222222222223,16.181484770394437,61.83469424008421,0.0,52.33978098358732,0.0,46.75667418121196,0.0,75.94681708293727,18.121162307184427,92.46618747711182,62.75179982185364,0.7335799336433411,0.22837521135807037
in der neuen woche kühlt es dann bei wechselhaftem wetter deutlich ab .,"{'03July_2009_Friday_tagesschau-2015', 'in der neuen woche erwartet uns dann kühles wechselhaftes wetter .'}","(128, 128)","[215, 421]",53.05700387751146,8.333333333333332,36.42928703963392,0.0,29.07872758075872,0.0,22.499268274284365,0.0,57.53968253965076,9.157509157440758,83.19995403289795,67.06320643424988,0.6713656187057495,0.20822080969810486
am tag zehn grad an der nordfriesischen küste zwanzig grad in niederbayern .,"{'30April_2010_Friday_tagesschau-2025', 'am tag zehn grad an der ostsee und zwanzig grad im bayerischen wald .'}","(129, 129)","[638, 586]",64.28571428571428,18.75,54.470477940192204,0.0,46.24524014728561,0.0,40.52587697205425,0.0,66.48451730413257,20.957613814688692,82.37301707267761,66.87681674957275,0.5791555643081665,0.222232848405838
und dann drängen die neuen wolken heran hier im nordwesten die können am nachmittag erste spritzer regen an der nordsee bringen und der wind frischt dazu auf aus süd südwest .,"{'25October_2010_Monday_heute-2049', 'und dann werden die wolken hier an der nordsee schon dichter und nachmittags gibt es dort schauer da weht ein frischer südwestwind .'}","(130, 130)","[350, 592]",30.70529072599159,8.897082254631197,17.195959702680806,0.0,9.981401625663047,0.0,0.0,0.0,35.51170217835124,9.805825242690437,80.6145966053009,68.61248016357422,0.4674510955810547,0.348429799079895
deutschland bleibt unter tiefdruckeinfluss und in den nächsten tagen erwartet uns meist trübes wetter mit ein wenig regen oder schnee .,"{'03February_2010_Wednesday_tagesschau-2054', 'deutschland liegt im süden einer ausgedehnten hochdruckzone die uns in den nächsten tagen eine mischung aus dichten wolken und etwas regen oder schnee bringt .'}","(131, 131)","[544, 298]",43.99999999999999,11.409269311835377,30.27650354097492,0.0,22.86660128736526,0.0,15.268470848781108,0.0,38.55179619056533,14.912280701754,81.37351870536804,64.65415954589844,0.6232852935791016,0.26248541474342346
heute nacht gibt es an der oder noch einzelne schneeschauer .,"{'03February_2010_Wednesday_tagesschau-2056', 'heute nacht schneit es an der oder noch leicht .'}","(132, 132)","[73, 463]",72.38699344287673,10.000000000000002,60.322494535730584,0.0,49.79512210720654,0.0,42.2683921634124,0.0,75.84727584723602,11.167077483592964,83.990079164505,64.93739485740662,0.5365733504295349,0.3302592635154724
örtlich ist gefrierender regen dabei richtung nordosten auch schnee .,"{'03February_2010_Wednesday_tagesschau-2061', 'im nordosten schneit es teilweise noch .'}","(133, 133)","[47, 41]",18.6125445008873,10.000000000000002,0.0,0.0,0.0,0.0,0.0,0.0,22.189128816071367,10.468478889472152,70.31881809234619,68.5114860534668,0.520747721195221,0.17799727618694305
dazu weht ein schwacher bis mäßiger wind aus südost bis süd .,"{'der wind weht schwach bis mäßig aus süd bis südost .', '03February_2010_Wednesday_tagesschau-2062'}","(134, 134)","[432, 539]",66.40732482052816,9.090909090909093,0.0,0.0,0.0,0.0,0.0,0.0,43.31480876099226,9.480909480850892,86.96852326393127,62.16375231742859,0.7856087684631348,0.11221935600042343
dort morgen sieben grad nordöstlich der elbe teilweise nur minus ein grad .,"{'03February_2010_Wednesday_tagesschau-2064', 'morgen sieben grad im rhein main gebiet bis minus ein grad an der oder .'}","(135, 135)","[460, 423]",53.33333333333335,9.090909090909093,39.03600291794134,0.0,28.620185370050958,0.0,0.0,0.0,49.49748743712388,10.03798155174875,79.48721051216125,72.86500334739685,0.2377076894044876,0.42786574363708496
die kalte luft bleibt uns erhalten wobei die temperaturen bis freitag noch weiter zurückgehen .,"{'die kaltluft die begleitet uns auch in den nächsten tagen bis freitag bei minusgrade .', '14December_2009_Monday_tagesschau-2088'}","(136, 136)","[474, 158]",40.0,4.3478260869565215,16.90308509457033,0.0,0.0,0.0,0.0,0.0,33.333333333283335,4.506996420412174,73.95341396331787,66.46837592124939,0.49621379375457764,0.2787098288536072
im norden schwacher wind aus unterschiedlichen richtungen sonst weht er mäßig .,"{'im norden weht der wind schwach aus unterschiedlichen richtungen sonst schwach bis mäßig .', '14December_2009_Monday_tagesschau-2092'}","(137, 137)","[122, 91]",71.42857142857146,22.22222222222222,52.414241836095925,11.433239009500591,35.775231712563716,0.0,25.400289715190983,0.0,68.42576028616266,23.8514173997401,89.32342529296875,63.957685232162476,0.7301705479621887,0.2130623757839203
in den höhenlagen süddeutschlands frischer wind .,"{'bei schauern und gewittern an den alpen frischer wind .', '14December_2009_Monday_tagesschau-2093'}","(138, 138)","[430, 73]",40.0,12.835427975814799,29.814239699997188,0.0,22.314431669405643,0.0,0.0,0.0,44.37825763209756,16.77631578947329,74.99417066574097,69.68091130256653,0.2945479154586792,0.20938193798065186
auch zu beginn der kommenden woche ändert sich nur wenig .,"{'in der neuen woche ändert sich an diesem wetter erstmal wenig .', '18November_2011_Friday_tagesschau-2142'}","(139, 139)","[202, 164]",49.99999999999999,18.18181818181818,36.92744729379982,0.0,23.890919115885197,0.0,0.0,0.0,51.97777051318169,20.297349709051105,81.78426027297974,71.09222412109375,0.5260403752326965,0.20515786111354828
und nun die wettervorhersage für morgen montag den achtzehnten april .,"{'17April_2011_Sunday_tagesschau-2152', 'und nun die wettervorhersage für morgen montag den achtzehnten april .'}","(140, 140)","[511, 545]",100.00000000000004,17.794164509262398,100.00000000000004,0.0,100.00000000000004,0.0,100.00000000000004,0.0,99.99999999994999,19.611650485408884,100.0,71.2371826171875,0.9621748328208923,0.474325954914093
sonst viel sonne ein paar lockere wolken im nordwesten fallen am nachmittag einzelne schauer .,"{'06August_2010_Friday_tagesschau-2178', 'es wechseln sonne und wolken einander ab im nordwesten fallen am nachmittag einzelne schauer .'}","(141, 141)","[382, 346]",66.66666666666669,8.36118780364075,57.73502691896257,0.0,53.58322898371244,0.0,50.31747626530137,0.0,66.66666666661666,10.111958924614122,85.15567779541016,60.528719425201416,0.5337986946105957,0.1594914197921753
heute nacht gibt es an den küsten schauer im süden ebenfalls aber dort lassen sie allmählich nach .,"{'24August_2010_Tuesday_tagesschau-2196', 'heute nacht regnet es an den küsten in der südhälfte hier und da auch sonst lässt der regen im süden langsam nach .'}","(142, 142)","[571, 492]",43.478260869565226,5.555555555555555,34.4350221575091,0.0,22.435571916208385,0.0,15.415064977510756,0.0,47.39152175114122,5.766621438238744,82.79826641082764,63.868772983551025,0.5664128065109253,0.21716275811195374
am tag in der nordhälfte etwas regen schnee oder gefrierender regen .,"{'30December_2010_Thursday_tagesschau-2232', 'im norden fällt hier und da etwas schnee oder regen .'}","(143, 143)","[217, 479]",41.50457801283011,0.815244079567324,27.5310224701184,0.0,0.0,0.0,0.0,0.0,43.31480876099226,4.964841252936917,77.29743123054504,63.634300231933594,0.5790125727653503,0.076896533370018
am wochenende setzt sich das starke tauwetter fort begleitet von weiteren regenfällen .,"{'05January_2011_Wednesday_tagesschau-2255', 'am wochenende bleibt es bei dem tauwetter eher trübe dazu wird es zeitweise regnen .'}","(144, 144)","[182, 243]",26.66666666666667,8.591115984887153,13.801311186847087,0.0,0.0,0.0,0.0,0.0,28.284278535472772,10.03798155180206,77.1028459072113,67.10988283157349,0.4369099736213684,0.2894074618816376
und nun die wettervorhersage für morgen samstag den einunddreißigsten oktober .,"{'30October_2009_Friday_tagesschau-2267', 'und nun die wettervorhersage für morgen samstag den einunddreißigsten oktober .'}","(145, 145)","[53, 365]",100.00000000000004,17.29538029297263,100.00000000000004,0.0,100.00000000000004,0.0,100.00000000000004,0.0,99.99999999994999,12.668146793754733,99.99999403953552,70.06068825721741,0.9641643166542053,0.30701708793640137
in der osthälfte scheint abseits der nebelgebiete häufig die sonne .,"{'in der osthälfte nach nebelauflösung sonnig .', '30October_2009_Friday_tagesschau-2273'}","(146, 146)","[0, 604]",32.26960697187197,6.666666666666667,24.646319432513,0.0,19.001532203673737,0.0,0.0,0.0,40.62126642771378,6.941447536820836,69.76351737976074,66.93211197853088,0.3092830777168274,0.19490215182304382
richtung westen gibt es im tagesverlauf vermehrt wolken es bleibt aber weitgehend trocken .,"{'im westen bestimmen in der zweiten nachthälfte das wetter in den kommenden tagen das wetter mit vielen wolken die aber nur wenig regen bringen .', '30October_2009_Friday_tagesschau-2274'}","(147, 147)","[151, 299]",19.999999999999996,5.555555555555555,0.0,0.0,0.0,0.0,0.0,0.0,17.877946540302517,6.040485829913165,67.96378493309021,66.08628630638123,0.39609959721565247,0.12850020825862885
im süden gibt es zu beginn der nacht noch wolken die hier und da auch noch ein paar tropfen fallen lassen sonst ist es meist klar oder nur locker bewölkt .,"{'28March_2011_Monday_tagesschau-2285', 'im süden ziehen noch ein paar wolkenfelder vorüber sonst ist es meist klar oder nur locker bewölkt .'}","(148, 148)","[207, 78]",40.4726487706427,16.666666666666668,37.249325535599404,0.0,33.59186188326219,0.0,30.444789160037768,0.0,54.10830081688943,13.978754224946128,85.26960611343384,72.84970879554749,0.5862106680870056,0.2781137228012085
vor allem im nordwesten sowie in bayern bildet sich nebel .,"{'im nordwesten bildet sich vor allem über den bergen nebel .', '28March_2011_Monday_tagesschau-2286'}","(149, 149)","[238, 604]",72.7272727272727,10.526315789473687,53.93598899705937,0.0,0.0,0.0,0.0,0.0,54.54545454540454,11.385726187126552,78.60841751098633,68.37935447692871,0.528903603553772,0.30910637974739075
nach dessen auflösung scheint morgen verbreitet die sonne .,"{'28March_2011_Monday_tagesschau-2287', 'im äußersten westen und südwesten hält sich morgen zum teil zäher nebel oder hochnebel sonst scheint meist die sonne .'}","(150, 150)","[34, 318]",24.999999999999996,13.70374301690625,16.222142113076256,0.0,11.349619435430355,0.0,0.0,0.0,22.041470958818856,13.11591634172839,74.30332899093628,68.8660204410553,0.30948907136917114,0.38767656683921814
sonst sorgt die hochdruckzone die vom atlantik bis nach skandinavien reicht für freundliches wetter .,"{'das hoch über dem atlantik dehnt sich nach skandinavien aus und beschert uns morgen überwiegend freundliches wetter .', '13April_2010_Tuesday_tagesschau-2308'}","(151, 151)","[556, 243]",33.333333333333336,18.18181818181818,24.253562503633297,0.0,15.433947974965204,0.0,0.0,0.0,35.77712609964235,18.181818181768183,79.58899140357971,65.19619822502136,0.4481630325317383,0.21123337745666504
am tag sieben grad an der ostsee und fünfzehn grad am rhein .,"{'am tag sieben grad an der ostsee und fünfzehn grad am rhein .', '13April_2010_Tuesday_tagesschau-2314'}","(152, 152)","[257, 27]",100.00000000000004,13.84182521267043,100.00000000000004,0.0,100.00000000000004,0.0,100.00000000000004,0.0,99.99999999994999,15.55828220856538,100.0,63.76413106918335,0.9520244598388672,0.19460099935531616
am samstag viel sonnenschein vor allem an alpen und küsten ist es auch mal wolkig .,"{'13April_2010_Tuesday_tagesschau-2318', 'am samstag viel sonne vor allem an den alpen und an den küsten schneit es etwas .'}","(153, 153)","[159, 196]",64.70588235294115,2.2302577902281575,44.967308386531336,0.0,29.985468634200238,0.0,0.0,0.0,66.54456654451086,5.381757161702654,86.06439232826233,70.94306349754333,0.6383352279663086,0.2343250811100006
ganz im süden sind einzelne schauer möglich .,"{'26September_2009_Saturday_tagesschau-2336', 'im süden entwickeln sich noch einzelne schauer .'}","(154, 154)","[535, 205]",62.50000000000002,16.04484246399942,42.25771273642582,8.413986371869383,0.0,0.0,0.0,0.0,62.49999999994999,16.750616225489026,88.00587058067322,69.53649520874023,0.5613071322441101,0.2766043543815613
sobald sich der nebel am tag lichtet scheint die sonne .,"{'bei längerem nebel noch sonniger .', '26September_2009_Saturday_tagesschau-2339'}","(155, 155)","[387, 541]",14.486606950235943,5.882352941176471,0.0,0.0,0.0,0.0,0.0,0.0,20.29734970911885,6.232631996790331,70.80026268959045,62.78008818626404,0.2239718735218048,0.09005673229694366
ganz im süden kann es einzelne schauer geben an den küsten ziehen gelegentlich wolken durch .,"{'26September_2009_Saturday_tagesschau-2340', 'im süden regnet es heute nacht gebietsweise an den küsten ist es wolkig .'}","(156, 156)","[411, 521]",43.34389498750908,5.263157894736842,29.44637811883895,0.0,18.433741148744776,0.0,0.0,0.0,46.25730994148491,5.765839099122026,78.1075119972229,65.38410782814026,0.4301058053970337,0.15814326703548431
im norden weht der wind schwach bis mäßig aus west bis südwest sonst schwacher wind aus unterschiedlichen richtungen .,"{'der wind weht im norden schwach bis mäßig aus west bis südwest sonst aus unterschiedlichen richtungen .', '26September_2009_Saturday_tagesschau-2341'}","(157, 157)","[180, 410]",88.9009765402776,5.76512676432421,76.9905041051248,0.0,65.50279956685452,0.0,57.20412316540905,0.0,77.30207271487869,6.334073396862998,93.51958632469177,61.42230033874512,0.7281803488731384,0.07885974645614624
darunter zum teil schneeregen .,"{'auch schnee ist mit dabei .', '03February_2010_Wednesday_heute-2354'}","(158, 158)","[373, 420]",16.666666666666668,7.315399729064568,0.0,0.0,0.0,0.0,0.0,0.0,17.88856304978898,11.649973642602236,74.68239068984985,66.74884557723999,0.5935219526290894,0.3341418504714966
im norden wird es dagegen noch trocken sein .,"{'03February_2010_Wednesday_heute-2355', 'im norden bleibt es meist trocken .'}","(159, 159)","[449, 602]",53.676949505377586,14.108028748176901,25.928429928953776,0.0,0.0,0.0,0.0,0.0,60.63432835818647,15.205724508016866,90.45866131782532,67.46115684509277,0.8022667765617371,0.19336438179016113
da haben wir am morgen schnee und schneeregen .,"{'03February_2010_Wednesday_heute-2356', 'morgen fällt verbreitet schnee oder schneeregen .'}","(160, 160)","[352, 518]",42.94155960430207,5.882352941176471,23.191092748392276,0.0,0.0,0.0,0.0,0.0,48.50746268654467,6.55795817079941,82.12360739707947,67.03208088874817,0.6519643664360046,0.15493983030319214
samstag beruhigt es sich etwas .,"{'03February_2010_Wednesday_heute-2360', 'und der samstag sieht noch besser aus .'}","(161, 161)","[94, 341]",24.999999999999996,1.9169370855616061,0.0,0.0,0.0,0.0,0.0,0.0,27.47252747245908,4.677025001981951,76.2347936630249,66.73904061317444,0.5197590589523315,0.20238980650901794
und etwas kälter wird es dann im laufe des sonntags von osten .,"{'03February_2010_Wednesday_heute-2361', 'und dann am sonntag kommt von osten kältere luft zu uns .'}","(162, 162)","[505, 419]",38.33518394288848,5.882352941176471,17.906340134265868,0.0,0.0,0.0,0.0,0.0,39.872611464926614,6.430745814258204,79.64332699775696,68.80707740783691,0.6446459293365479,0.32336077094078064
ich wünsche ihnen einen schönen abend und machen sie es gut .,"{'03February_2010_Wednesday_heute-2362', 'ihnen noch einen schönen abend und machen sie es gut .'}","(163, 163)","[308, 408]",83.00915602566019,19.999999999999996,77.86949072647971,11.952286093343934,75.51553338402918,0.0,73.69231628533761,0.0,86.62961752202527,22.10866057014327,90.8653199672699,62.965041399002075,0.6015532612800598,0.25987064838409424
teilweise ist es auch klar .,"{'14July_2009_Tuesday_tagesschau-2425', 'teilweise klart es auf .'}","(164, 164)","[199, 57]",49.123845184678906,7.142857142857142,0.0,0.0,0.0,0.0,0.0,0.0,53.66568914953006,7.627529650330706,81.93410634994507,66.80992245674133,0.6388561129570007,0.310040146112442
im süden entladen sich später hier und da heftige gewitter .,"{'14July_2009_Tuesday_tagesschau-2427', 'im süden entwickeln sich noch zum teil kräftige gewitter .'}","(165, 165)","[538, 579]",45.24187090179797,11.111111111111109,30.16124726786532,0.0,0.0,0.0,0.0,0.0,47.40454740450756,11.684125705016255,82.37731456756592,71.52875661849976,0.6477693915367126,0.25930529832839966
heute nacht schwül warme dreizehn bis achtzehn grad .,"{'14July_2009_Tuesday_tagesschau-2430', 'heute nacht dreizehn bis achtzehn grad trocken und teilweise trocken .'}","(166, 166)","[252, 200]",63.63636363636361,8.695652173913045,50.4524979109513,0.0,38.38700926079122,0.0,28.997844147152072,0.0,68.64077669896378,9.724364563006944,81.336110830307,66.47490859031677,0.5075821280479431,0.2740965783596039
besonders im südlichen bergland einzelne wärmegewitter .,"{'wärmer wird es vor allem im süden deutschlands mit einzelnen gewittern .', '14July_2009_Tuesday_tagesschau-2433'}","(167, 167)","[433, 571]",16.666666666666668,6.6907733706844725,0.0,4.172430267608656,0.0,0.0,0.0,0.0,18.638338966616814,16.145271485087527,73.76390099525452,66.93122386932373,0.2595210671424866,0.21546682715415955
das heißt weitere schneefälle und leichten bis mäßigen dauerfrost .,"{'dabei gibt es schnee und es gibt vorübergehend auch gefrierender regen .', '10February_2010_Wednesday_tagesschau-2514'}","(168, 168)","[508, 196]",16.666666666666668,3.273053647890081,0.0,0.0,0.0,0.0,0.0,0.0,17.88856304978898,5.510367739727687,73.11040759086609,58.37900638580322,0.48170870542526245,0.18222318589687347
am wochenende beruhigt sich dann das wetter langsam .,"{'10February_2010_Wednesday_tagesschau-2515', 'am wochenende beruhigt sich das wetter dann wieder .'}","(169, 169)","[291, 147]",88.8888888888889,11.111111111111109,66.66666666666669,0.0,50.26316274194361,0.0,38.14165616365676,0.0,77.77777777772779,12.126865671574393,95.82353830337524,60.1889431476593,0.7615271210670471,0.11405069380998611
am samstag schneit es gebietsweise leicht ganz im norden lichtblicke .,"{'am samstag schneit es zeitweise etwas im norden ist es teilweise klar .', '10February_2010_Wednesday_tagesschau-2523'}","(170, 170)","[190, 327]",53.846153846153854,6.250000000000001,42.365927286816174,0.0,31.956331266050764,0.0,23.90108882452814,0.0,57.539682539618994,6.427358719358879,83.15768241882324,63.03641200065613,0.6798443794250488,0.03187955915927887
heute nacht vor allem in einem streifen von baden württemberg bis nach sachsen stellenweise schneeschauer .,"{'25November_2010_Thursday_tagesschau-2527', 'heute nacht hauptsächlich so von baden württemberg bis nach sachsen sonst gelegentlich ein paar schneeschauer oder gewitter .'}","(171, 171)","[147, 235]",55.55555555555555,12.0,44.28074427700476,0.0,36.59793747600114,0.0,31.46660996956415,0.0,58.42062852532245,13.421052631512076,88.5778546333313,70.87947726249695,0.5437120795249939,0.30564674735069275
vorsicht wegen straßenglätte .,"{'25November_2010_Thursday_tagesschau-2528', 'vorsicht wegen straßenglätte .'}","(172, 172)","[121, 461]",100.00000000000004,9.090909090909093,100.00000000000004,0.0,100.00000000000004,0.0,100.00000000000004,0.0,99.99999999994999,10.03798155174875,100.00001192092896,66.08087420463562,0.953344464302063,0.20032310485839844
heute nacht wird es aber nochmal ziemlich eisig vor allen dingen in den mittelgebirgen .,"{'12January_2010_Tuesday_heute-2543', 'und es bleibt auch heute nacht noch sehr kalt vor allen dingen in den mittelgebirgen .'}","(173, 173)","[183, 598]",62.50000000000002,15.789473684210527,54.00617248673218,0.0,47.05180144405144,0.0,42.311785416105785,0.0,57.944050327878635,17.178034004232526,90.60179591178894,71.22782468795776,0.6616566181182861,0.26751723885536194
und im laufe der nacht oder gegen morgen wahrscheinlich erst wird es dann im südwesten anfangen zu schneien .,"{'12January_2010_Tuesday_heute-2544', 'morgen früh schneit es vor allem in der südhälfte hier und da noch etwas .'}","(174, 174)","[605, 352]",25.530944612154958,33.333333333333336,0.0,0.0,0.0,0.0,0.0,0.0,17.178034004275304,33.333333333283335,75.33968687057495,69.42668557167053,0.591933012008667,0.3075399398803711
am freitag geht es aber langsam abwärts im osten gewitterschauer .,"{'am freitag dann langsame abkühlung und die temperaturen sinken im osten und südosten noch ein wenig .', '22September_2010_Wednesday_heute-2624'}","(175, 175)","[338, 537]",29.411764705882355,7.142857142857142,19.174124721184267,0.0,0.0,0.0,0.0,0.0,32.831518257458555,7.602862253962289,73.62366914749146,66.88838005065918,0.34987708926200867,0.20792070031166077
und ab samstag sonntag kühles herbstwetter das gehört jetzt einfach dazu .,"{'und zum wochenende da wird es richtig kühl und herbstlich warm .', '22September_2010_Wednesday_heute-2625'}","(176, 176)","[517, 586]",16.666666666666668,19.999999999999996,0.0,0.0,0.0,0.0,0.0,0.0,16.666666666616667,14.857142857073798,75.06020069122314,69.23668384552002,0.5793350338935852,0.23877844214439392
ich wünsche noch einen schönen abend und tschüss .,"{'22September_2010_Wednesday_heute-2626', 'ihnen noch einen schönen abend und machen sie es gut .'}","(177, 177)","[268, 535]",54.54545454545453,4.598493014643029,46.709936649691365,0.0,41.74128044846462,0.0,36.72056269893591,0.0,58.834951456245335,6.944444444451853,81.43117427825928,63.02886605262756,0.32007110118865967,0.1754962056875229
das hoch über der nordsee bestimmt morgen im ganzen land das wetter .,"{'das hoch über der nordsee macht sich morgen über deutschland bemerkbar .', '03June_2010_Thursday_tagesschau-2628'}","(178, 178)","[488, 453]",53.669257520043864,15.384615384615385,42.37413474305422,0.0,36.73194382424458,0.0,31.727218786905187,0.0,55.82165605091388,17.08817498284258,81.6203773021698,71.36011123657227,0.6156385540962219,0.19406811892986298
auch am wochenende sorgt es für viel sonnenschein bei weiter steigenden temperaturen .,"{'03June_2010_Thursday_tagesschau-2629', 'auch am wochenende erwartet uns viel sonnenschein und steigende temperaturen .'}","(179, 179)","[265, 227]",53.05700387751146,10.10884432854389,42.064917357437594,0.0,25.402608353939446,0.0,0.0,0.0,57.53968253965076,8.253968253960418,85.55684685707092,69.90203857421875,0.8041873574256897,0.18565088510513306
am tag sechzehn grad an der ostsee und bis zu siebenundzwanzig grad am oberrhein .,"{'am tag sechzehn grad an der ostsee und bis siebenundzwanzig grad am oberrhein .', '03June_2010_Thursday_tagesschau-2636'}","(180, 180)","[19, 28]",93.10627797040233,16.964803398269638,89.45361839438259,10.194578088437819,85.30958870582018,0.0,80.52253761904356,0.0,96.32292858305907,19.324894514747236,98.66615533828735,69.68757510185242,0.8650983572006226,0.34198546409606934
der wind weht meist schwach aus unterschiedlichen richtungen .,"{'der wind weht meist schwach aus unterschiedlichen richtungen .', '06July_2010_Tuesday_tagesschau-2657'}","(181, 181)","[562, 366]",100.00000000000004,3.9493292375652054,100.00000000000004,0.0,100.00000000000004,0.0,100.00000000000004,0.0,99.99999999994999,6.870916873179472,100.0,65.0600254535675,0.9683063626289368,0.13985121250152588
an der see lebt er auch mal ein wenig auf und kommt aus west .,"{'06July_2010_Tuesday_tagesschau-2658', 'auch an der nordsee teilweise frischer westwind .'}","(182, 182)","[409, 334]",20.843100983925417,28.57142857142857,11.141106108539963,14.82498633322202,0.0,0.0,0.0,0.0,22.30511962953967,28.571428571378572,71.69632315635681,75.06844401359558,0.24820631742477417,0.5032483339309692
ein weiteres tief das morgen über spanien liegt sorgt dann am freitag bei uns dafür dass es kräftig schneit .,"{'05January_2010_Tuesday_tagesschau-2667', 'und morgen überqueren uns dann von spanien atlantische tiefausläufer und bringen uns bis freitag zum teil kräftige regenfälle .'}","(183, 183)","[597, 470]",29.959878316308547,12.980013051190083,0.0,0.0,0.0,0.0,0.0,0.0,20.485900800816765,14.462081128722264,73.84124398231506,66.49901270866394,0.43204569816589355,0.11703776568174362
vor allem in richtung küste sowie im südwesten kann es in der nacht etwas schneien .,"{'05January_2010_Tuesday_tagesschau-2668', 'vor allem in küstennähe sowie im südwesten kann es heute nacht gebietsweise schneien .'}","(184, 184)","[66, 7]",68.11183498037144,5.4582050205198795,56.38552127243905,0.0,45.122237314608306,0.0,34.68899992311541,0.0,72.6900584794966,5.962854349921066,87.96525597572327,66.58763289451599,0.7680410742759705,0.29624831676483154
ich wünsche ihnen einen schönen abend und machen sie es gut .,"{'19January_2011_Wednesday_heute-2690', 'ihnen einen schönen abend und machen sie es gut .'}","(185, 185)","[16, 455]",81.87307530779823,13.333333333333334,81.87307530779823,0.0,81.87307530779823,0.0,81.87307530779823,0.0,89.4428152492368,14.857142857073798,91.34735465049744,68.49017143249512,0.7040643095970154,0.3864815831184387
heute nacht zwölf grad in der kölner bucht ein grad in brandenburg .,"{'heute nacht zwölf grad im vogtland und ein grad in brandenburg .', '01October_2010_Friday_tagesschau-2700'}","(186, 186)","[350, 595]",69.00333109719922,6.295853427918729,63.56120211458128,0.0,57.06734492878191,0.0,48.86103195703452,0.0,71.77070063690113,13.543599257895405,84.62138772010803,65.2478814125061,0.6150862574577332,0.22714991867542267
am tag elf grad im vogtland und einundzwanzig grad am oberrhein .,"{'01October_2010_Friday_tagesschau-2701', 'am tag elf grad im vogtland und einundzwanzig grad am oberrhein .'}","(187, 187)","[305, 538]",100.00000000000004,7.6923076923076925,100.00000000000004,0.0,100.00000000000004,0.0,100.00000000000004,0.0,99.99999999994999,8.414138254545957,99.99999403953552,70.5869972705841,0.9544390439987183,0.1712384819984436
in der nacht regnet es vor allem von schleswig holstein bis zur oder sowie im süden .,"{'in der nacht regnet es vor allem zwischen ostseeküste und erzgebirge teilweise ergiebig .', '31January_2013_Thursday_tagesschau-2708'}","(188, 188)","[631, 187]",46.1210141145937,19.999999999999996,41.449741022727,0.0,38.65951778708216,0.0,36.086384747950035,0.0,50.67258717510512,21.693121693055346,78.53866219520569,63.762444257736206,0.3681745231151581,0.21463042497634888
am tag vier grad im sauerland und zwölf grad im breisgau .,"{'31January_2013_Thursday_tagesschau-2713', 'am tag vier grad im sauerland und zwölf grad im breisgau .'}","(189, 189)","[213, 2]",100.00000000000004,7.325278573256962,100.00000000000004,0.0,100.00000000000004,0.0,100.00000000000004,0.0,99.99999999994999,10.611782477347365,99.99999403953552,69.14342641830444,0.9456597566604614,0.12984593212604523
am tag neunzehn grad an der nordsee und sechsundzwanzig grad in teilen thüringens und sachsens .,"{'03August_2010_Tuesday_tagesschau-2780', 'am tag neunzehn grad an der see und sechsundzwanzig grad in teilen thüringens und sachsens .'}","(190, 190)","[131, 317]",93.74999999999997,19.999999999999996,90.13878188659973,9.12870929175277,86.10519204589448,0.0,81.53551038173119,0.0,93.74999999994998,22.36842105256471,97.20741510391235,69.35591101646423,0.7155233025550842,0.4492877125740051
und nun die wettervorhersage für morgen mittwoch den siebenundzwanzigsten januar .,"{'26January_2010_Tuesday_tagesschau-2784', 'und nun die wettervorhersage für morgen mittwoch den siebenundzwanzigsten januar .'}","(191, 191)","[552, 102]",100.00000000000004,2.967831244908582,100.00000000000004,0.0,100.00000000000004,0.0,100.00000000000004,0.0,99.99999999994999,6.0404858299699615,100.0,63.85508179664612,0.9840344786643982,0.18930107355117798
morgen erwartet uns nochmals recht ruhiges und vielerorts trockenes winterwetter .,"{'auch morgen erwartet uns noch ruhiges und weitgehend trockenes winterwetter .', '08February_2010_Monday_tagesschau-2797'}","(192, 192)","[437, 364]",72.7272727272727,14.285714285714283,60.3022689155527,0.0,43.233287816535174,0.0,0.0,0.0,72.72727272722275,10.541310541241412,93.27686429023743,63.482725620269775,0.8459171056747437,0.2116054892539978
wenn der verschwunden ist zeigt sich morgen im süden die sonne während sich die wolken weiter richtung donau ausbreiten und dabei immer größere lücken bekommen .,"{'wenn sich der nebel gelichtet hat scheint in der südhälfte morgen neben sonne auch dichtere wolken südlich der donau zunächst noch für längere zeit die sonne .', '04March_2011_Friday_tagesschau-2838'}","(193, 193)","[439, 84]",33.333333333333336,4.999999999999999,11.322770341445958,0.0,0.0,0.0,0.0,0.0,26.396306932499563,5.451127819501102,74.28190112113953,64.54030275344849,0.3241502344608307,0.2244071364402771
in der südosthälfte deutschlands bleibt es morgen unter leichtem hochdruckeinfluss noch recht freundlich .,"{'02October_2012_Tuesday_tagesschau-2847', 'der südosten deutschlands beschert hochdruckeinfluss noch recht freundliches wetter .'}","(194, 194)","[0, 268]",40.21920276213835,6.666666666666667,24.476627330774733,0.0,17.1224191333197,0.0,0.0,0.0,47.435897435883525,7.0756247971091994,82.72022008895874,67.70933270454407,0.6147410869598389,0.21854767203330994
der nordosten deutschlands liegt morgen dank hochdruckeinfluss meist auf der sonnenseite .,"{'in der nordosthälfte deutschlands scheint morgen dank hochdruckeinfluss noch verbreitet die sonne .', '02July_2009_Thursday_tagesschau-2860'}","(195, 195)","[175, 422]",46.15384615384615,15.688407624754868,27.73500981126145,0.0,19.12293963810262,0.0,0.0,0.0,47.84713375790443,11.043153244950044,84.93492603302002,68.89374256134033,0.6220259666442871,0.2220965027809143
in der nacht muss vor allem in der nordwesthälfte mit schauern und gewittern gerechnet werden die heftig ausfallen können .,"{'in der nacht muss vor allem in der nordwesthälfte mit schauern und gewittern gerechnet werden die kräftig sein können .', '22July_2009_Wednesday_tagesschau-2873'}","(196, 196)","[308, 478]",90.0,6.666666666666667,87.05715001320144,0.0,83.84711818906295,0.0,81.93882146581181,0.0,89.99999999994999,7.3695535233439164,97.31941819190979,63.480156660079956,0.7211572527885437,0.2975250482559204
guten abend liebe zuschauer .,"{'guten abend liebe zuschauer .', '28January_2010_Thursday_heute-2882'}","(197, 197)","[245, 138]",100.00000000000004,13.406400920712784,100.00000000000004,0.0,100.00000000000004,0.0,100.00000000000004,0.0,99.99999999994999,15.81196581195191,99.99997019767761,64.83068466186523,0.9707947373390198,0.07693301141262054
in den nächsten stunden können noch bis zu fünf zentimeter schnee fallen .,"{'28January_2010_Thursday_heute-2883', 'in der neuen woche lassen die schneefallgrenze sinken auf fünfhundert meter .'}","(198, 198)","[195, 210]",15.334073577155388,19.786244288317874,0.0,0.0,0.0,0.0,0.0,0.0,15.94904458594573,14.142139267732937,74.44170713424683,68.81930232048035,0.320977121591568,0.2398843765258789
im osten und süden am dienstag einzelne schauer dabei bis in mittlere lagen schnee sonst teils nebel teils wolken oder sonne .,"{'im osten und süden gibt es noch ein paar schauer und bis zu den mittelgebirgen fällt noch etwas schnee sonst teils neblig trüb teils wolkig oder sonnig .', '24October_2010_Sunday_tagesschau-2908'}","(199, 199)","[495, 158]",42.85714285714285,17.647058823529417,28.171808490950543,10.502100630210077,20.92148242324234,0.0,13.834368456410946,0.0,46.67484662569982,18.697895990438603,80.82779049873352,66.87054634094238,0.5495818853378296,0.3139444589614868
am mittwoch zieht von der nordsee regen heran der sich am donnerstag ausbreitet .,"{'24October_2010_Sunday_tagesschau-2909', 'am mittwoch ziehen dann von westen wieder regenwolken heran die sich am mittwoch weiter richtung südosten ausbreiten .'}","(200, 200)","[387, 166]",38.888888888888886,11.76470588235294,21.389631597324925,0.0,0.0,0.0,0.0,0.0,42.444029850678874,13.115916341660808,81.16578459739685,63.302916288375854,0.5212702751159668,0.09975036978721619
richtung südosten noch eine mischung aus nebel wolken und sonne .,"{'24October_2010_Sunday_tagesschau-2910', 'ansonsten eine mischung aus nebel wolken und sonne .'}","(201, 201)","[210, 183]",71.1766580370496,7.357588823428846,70.61840111952002,0.0,69.95085525718022,0.0,69.13086465463164,0.0,78.44660194171955,11.111111111118518,87.69933581352234,70.91022729873657,0.6882833242416382,0.2351144701242447
westlich des rheins und im nordosten bleibt es meist trocken .,"{'am tag bleibt es im westen und nordosten meist trocken .', '05February_2010_Friday_tagesschau-2916'}","(202, 202)","[485, 28]",72.7272727272727,15.806680330494807,46.709936649691365,9.571420259945693,28.941787404774658,0.0,0.0,0.0,45.454545454495445,19.69891095451084,85.46377420425415,75.6186306476593,0.5541934370994568,0.2457016408443451
dabei ist es teils stark bewölkt oder neblig trüb teils freundlich mit sonnenschein .,"{'aber sonst ist es meist stark bewölkt oder neblig trüb teils neblig trüb teils sonnig .', '05February_2010_Friday_tagesschau-2924'}","(203, 203)","[101, 402]",62.50000000000002,9.090909090909093,50.000000000000014,0.0,41.49132666831218,0.0,35.83129187641355,0.0,59.4736842104649,10.148674854493898,84.55142974853516,68.78964900970459,0.6567233204841614,0.1846894770860672
es wird deutlich freundlicher .,"{'20September_2010_Monday_heute-2929', 'und es wird noch ein bisschen freundlicher .'}","(204, 204)","[257, 413]",49.99999999999999,18.18181818181818,37.79644730092272,0.0,0.0,0.0,0.0,0.0,55.88697017261648,18.181818181768183,83.22553038597107,63.14382553100586,0.7585493326187134,0.10589250922203064
heute nacht noch nicht so ganz da haben wir noch ein bisschen mit regen zu kämpfen an den küsten .,"{'heute nacht wird es hier und da noch etwas regnen an der nordseeküste .', '20September_2010_Monday_heute-2930'}","(205, 205)","[312, 316]",27.918816751330947,9.30627225044365,11.828065604208323,0.0,0.0,0.0,0.0,0.0,33.28369322411305,11.094564408029663,73.60767126083374,71.52389287948608,0.6036457419395447,0.2531503140926361
in der südhälfte weht der wind schwach sonst schwach bis mäßig richtung küsten frisch und stark böig .,"{'in der südosthälfte schwacher bis mäßiger wind in der nordwesthälfte weht er mäßig bis frisch und an den küsten stark .', '29September_2012_Saturday_tagesschau-2963'}","(206, 206)","[616, 473]",57.14285714285717,8.333333333333332,23.90457218668788,0.0,0.0,0.0,0.0,0.0,40.54859868807082,9.2592592592,83.20587873458862,64.70167636871338,0.538256049156189,0.2289111465215683
am freitag ruhiges trockenes wetter vor allem im norden ist es recht freundlich ähnliches wetter am samstag nur im norden vereinzelt etwas schnee oder gefrierender sprühregen .,"{'25January_2011_Tuesday_tagesschau-2993', 'am freitag ruhiges winterwetter vor allem im norden am freundlichsten wird es auch am samstag nur im norden etwas schnee oder gefrierender regen .'}","(207, 207)","[377, 108]",66.18726769384463,11.258966110647297,55.20399736488309,0.0,46.07236607543378,0.0,35.80707606310359,0.0,70.10475423042197,12.48649252894462,89.7889256477356,67.96044111251831,0.5313588380813599,0.26579201221466064
liebe zuschauer guten abend .,"{'liebe zuschauer guten abend .', '24August_2010_Tuesday_heute-3006'}","(208, 208)","[620, 456]",100.00000000000004,24.94685293417648,100.00000000000004,0.0,100.00000000000004,0.0,100.00000000000004,0.0,99.99999999994999,19.314683442601666,100.0,72.53185510635376,0.9500744342803955,0.22215884923934937
ein harscher wetterwechsel seit gestern sogar mit tornados .,"{'die wetterlage stellt sich jetzt um es gelten entsprechende unwetterwarnungen des deutschen wetterdienstes .', '24August_2010_Tuesday_heute-3007'}","(209, 209)","[393, 501]",7.142857142857142,12.101102614451985,0.0,0.0,0.0,0.0,0.0,0.0,7.975813417725853,10.155316606925242,69.9556291103363,69.5183515548706,0.265701025724411,0.19779187440872192
der nächste größere regen für uns ist dann erst am donnerstag wahrscheinlich in sicht .,"{'24August_2010_Tuesday_heute-3010', 'und der nächste regen folgt wohl erst am donnerstag .'}","(210, 210)","[278, 625]",42.457146179884354,18.096748360719186,29.29821432670199,0.0,18.670173700368636,0.0,0.0,0.0,51.99999999999216,18.96181896177912,84.645015001297,65.85853695869446,0.6342567205429077,0.17868879437446594
an der ostsee heute nacht örtlich stürmische böen .,"{'an der ostsee heute nacht starke bis stürmische böen .', '07October_2012_Sunday_tagesschau-3032'}","(211, 211)","[472, 446]",79.99999999999997,4.166666666666667,73.0296743340221,0.0,64.36595897370862,0.0,52.53819788848316,0.0,83.7478311161928,4.560172692880518,93.03957223892212,68.27542185783386,0.6854864954948425,0.11231134831905365
morgen schwacher bis mäßiger an der see frischer wind aus südwest bis west .,"{'morgen schwacher bis mäßiger an der küste zeitweise frischer wind aus süd bis südwest .', '07October_2012_Sunday_tagesschau-3033'}","(212, 212)","[469, 198]",79.99999999999997,14.285714285714283,63.245553203367585,0.0,53.58322898371244,0.0,44.28500142691474,0.0,75.68230102952357,14.774337178651903,93.75333189964294,64.50445652008057,0.6512109041213989,0.19201631844043732
ich wünsche ihnen noch einen schönen abend .,"{'31January_2011_Monday_heute-3053', 'ihnen noch einen schönen abend und machen sie es gut .'}","(213, 213)","[619, 149]",54.54545454545453,11.111111111111109,46.709936649691365,0.0,41.74128044846462,0.0,36.72056269893591,0.0,60.22788931083718,12.424961608197286,85.24466753005981,59.81026887893677,0.4431859254837036,0.28574123978614807
auch am tag wieder viel sonnenschein später bilden sich hier und da ein paar quellwolken .,"{'20April_2011_Wednesday_tagesschau-3086', 'auch am tag viel sonne im laufe des tages bilden sich später nur hier und da ein paar quellwolken .'}","(214, 214)","[361, 194]",70.00000000000003,19.999999999999996,57.582892196243606,0.0,47.99049519403644,0.0,40.1577332834242,0.0,70.50264550257916,20.640627553465396,89.55615758895874,70.06919980049133,0.6256282925605774,0.42268723249435425
mittwoch und donnerstag bleibt es im norden windig und gebietsweise fällt dort regen .,"{'16November_2009_Monday_tagesschau-3105', 'mittwoch und donnerstag bleibt es im norden windig gebietsweise regnet es .'}","(215, 215)","[544, 34]",70.5401437408845,19.885318151430436,61.64241439984991,0.0,57.788670896759896,0.0,54.88684910025905,0.0,76.02862254021723,20.936957779024322,90.30632376670837,69.08707022666931,0.6798791289329529,0.28037601709365845
von süden wird es tag für tag freundlicher .,"{'am freundlichsten wird es im nordwesten .', '16November_2009_Monday_tagesschau-3106'}","(216, 216)","[453, 391]",32.20616970322653,18.18181818181818,20.084075461628778,0.0,0.0,0.0,0.0,0.0,36.380597014902875,18.181818181768183,73.61122369766235,67.15800762176514,0.552051305770874,0.11572141945362091
guten abend liebe zuschauer .,"{'21April_2010_Wednesday_heute-3108', 'guten abend liebe zuschauer .'}","(217, 217)","[310, 298]",100.00000000000004,11.409269311835377,100.00000000000004,0.0,100.00000000000004,0.0,100.00000000000004,0.0,99.99999999994999,14.912280701754,99.99997019767761,65.37317633628845,0.9707947373390198,0.27364382147789
eine frostig kalte nacht liegt vor uns .,"{'in den nächten muss verbreitet mit frost gerechnet werden .', '21April_2010_Wednesday_heute-3109'}","(218, 218)","[399, 268]",10.000000000000002,18.18181818181818,0.0,0.0,0.0,0.0,0.0,0.0,10.8465608464945,19.611650485371555,65.3728723526001,71.71603441238403,0.3984067738056183,0.24715974926948547
und nun die wettervorhersage für morgen dienstag den fünfundzwanzigsten mai .,"{'24May_2010_Monday_tagesschau-3139', 'und nun die wettervorhersage für morgen dienstag den fünfundzwanzigsten mai .'}","(219, 219)","[404, 343]",100.00000000000004,7.6923076923076925,100.00000000000004,0.0,100.00000000000004,0.0,100.00000000000004,0.0,99.99999999994999,8.414138254545957,100.0,62.79321312904358,0.9646653532981873,0.1626884490251541
und nun die wettervorhersage für morgen donnerstag den siebenundzwanzigsten august .,"{'und nun die wettervorhersage für morgen donnerstag den siebenundzwanzigsten august .', '26August_2009_Wednesday_tagesschau-3213'}","(220, 220)","[367, 411]",100.00000000000004,12.638980516343251,100.00000000000004,0.0,100.00000000000004,0.0,100.00000000000004,0.0,99.99999999994999,14.704632384173957,100.0,68.18135380744934,0.9653632640838623,0.25047439336776733
am samstag wird es deutlich kühler und im norden sehr windig .,"{'26August_2009_Wednesday_tagesschau-3226', 'am samstag kühlt es weiter ab im norden ist es sehr windig .'}","(221, 221)","[174, 421]",61.538461538461554,13.333333333333334,45.29108136578384,0.0,26.518211593610204,0.0,0.0,0.0,63.796178343891675,14.912280701687514,85.94277501106262,70.09816765785217,0.7413284182548523,0.34719449281692505
ab sonntag steigen dann temperaturen und sonnenscheindauer wieder .,"{'ab sonntag steigen temperaturen und sonne wieder und es scheint häufig für längere zeit .', '26August_2009_Wednesday_tagesschau-3227'}","(222, 222)","[612, 452]",46.66666666666667,8.333333333333332,31.62277660168379,0.0,19.740230337485706,0.0,0.0,0.0,52.19298245607348,9.319169483275434,84.1494619846344,67.28354692459106,0.7396601438522339,0.20554962754249573
dabei kommt es zu heftigen schauern und gewittern die teilweise unwetterartig sein können .,"{'dabei gibt es zum teil kräftige schauer und gewitter die örtlich auch unwetterartig sein können .', '14August_2011_Sunday_tagesschau-3230'}","(223, 223)","[289, 165]",49.99999999999999,21.052631578947366,31.62277660168379,15.29438225803745,24.264275032025868,11.122565872945906,18.20705281109213,0.0,52.86549707596199,23.540903540837864,87.80152201652527,67.93954372406006,0.6600437164306641,0.47365570068359375
im osten und süden muss zu beginn der nacht örtlich mit starkregen und hagel gerechnet werden .,"{'14August_2011_Sunday_tagesschau-3232', 'im osten und süden zu beginn der nacht noch teilweise kräftiger regen und örtlich auch hagel .'}","(224, 224)","[382, 351]",70.58823529411764,19.999999999999996,51.44957554275266,0.0,41.32797329718274,0.0,31.689002674537868,0.0,64.70588235289118,14.704632384121577,84.53401327133179,62.25077509880066,0.695244312286377,0.17154739797115326
im südosten ist es heute nacht trocken sonst regnet es zeitweise in der nordhälfte teilweise kräftig .,"{'22February_2010_Monday_tagesschau-3246', 'im norden und nordosten bleibt es heute nacht meist trocken sonst regnet es zeitweise im norden und osten zum teil ergiebig .'}","(225, 225)","[629, 118]",45.45454545454545,24.999999999999996,36.037498507822356,0.0,29.615092275387507,0.0,22.866722231574908,0.0,49.675470728034696,24.999999999950003,81.3877522945404,69.50429081916809,0.5986725687980652,0.29774558544158936
ganz im norden fällt hier und da schnee .,"{'22February_2010_Monday_tagesschau-3247', 'an der nordsee kann es auch schneien .'}","(226, 226)","[40, 337]",11.031211282307444,8.067401742967988,0.0,0.0,0.0,0.0,0.0,0.0,11.684125705039227,10.155316606925242,72.06430435180664,69.129878282547,0.5447878241539001,0.2675396203994751
in der nacht ist es meist klar oder nur leicht bewölkt besonders in den flussniederungen in der mitte und des südens wabern wieder ein paar nebelfelder .,"{'heute nacht ist es verbreitet klar oder nur leicht bewölkt vor allem in einigen regionen bildet sich nebel vor allem in der mitte und im süden nebel .', '22September_2010_Wednesday_tagesschau-3258'}","(227, 227)","[15, 62]",49.99999999999999,21.052631578947366,40.82482904638629,0.0,33.755319058958186,0.0,26.064654620515448,0.0,50.87546535361527,23.40989399286363,81.82963132858276,68.9043939113617,0.5123208165168762,0.24261172115802765
und nun die wettervorhersage für morgen freitag den achtundzwanzigsten august .,"{'27August_2009_Thursday_tagesschau-3267', 'und nun die wettervorhersage für morgen freitag den achtundzwanzigsten august .'}","(228, 228)","[381, 394]",100.00000000000004,23.884377019126312,100.00000000000004,15.635995088144288,100.00000000000004,11.045387510178058,100.00000000000004,0.0,99.99999999994999,21.978021978003284,100.0,75.23109316825867,0.9772857427597046,0.43931204080581665
von schottland zieht ein tief nach norwegen .,"{'27August_2009_Thursday_tagesschau-3268', 'von schottland nähert sich aber wieder ein atlantischer tiefausläufer .'}","(229, 229)","[408, 150]",40.0,30.000000000000004,21.081851067789188,25.819888974716118,0.0,20.274006651911343,0.0,0.0,43.386243386177036,31.40543666853519,79.42007780075073,74.92446899414062,0.2734999656677246,0.279583603143692
seine kaltfront erreicht morgen auch deutschland inklusive wolken .,"{'27August_2009_Thursday_tagesschau-3269', 'das kräftige tief das sich zur nordsee verlagert sorgt dafür dass weiter kalte luft zu uns strömt .'}","(230, 230)","[348, 501]",5.555555555555555,3.344358556104022,0.0,0.0,0.0,0.0,0.0,0.0,6.17283950611358,5.0505050505124585,68.20588111877441,62.81166672706604,0.2410491406917572,0.2285829782485962
das hoch über skandinavien verlagert sich ein wenig nach osten .,"{'das hoch über skandinavien macht sich morgen im norden und westen deutschlands bemerkbar .', '15March_2011_Tuesday_tagesschau-3322'}","(231, 231)","[262, 614]",42.85714285714285,11.111111111111109,31.448545101657547,0.0,25.449736428999685,0.0,19.67497981115564,0.0,46.67484662569982,12.380952380883322,79.1282057762146,63.56850862503052,0.4210497736930847,0.2852560877799988
in einem streifen vom emsland bis zur lausitz sind dichte wolken unterwegs sonst ist es teils klar teils locker bewölkt .,"{'von der ems bis zur lausitz ziehen dünne schleierwolkenfelder durch sonst ist es teils klar teils locker bewölkt .', '15March_2011_Tuesday_tagesschau-3325'}","(232, 232)","[327, 538]",56.84763955277427,3.232398928813502,53.31658952953713,0.0,49.379898538557754,0.0,44.8995160222747,0.0,59.70223325058104,10.613437195724833,85.74106097221375,68.16357970237732,0.6332347393035889,0.10884486883878708
aber im laufe der nacht wird es zunehmend wolkiger .,"{'aber die nacht wird schon noch ein bisschen wolkiger .', '15March_2011_Tuesday_tagesschau-3326'}","(233, 233)","[631, 307]",49.99999999999999,13.333333333333334,33.333333333333336,0.0,0.0,0.0,0.0,0.0,49.99999999995,13.760418368958119,82.47029781341553,64.99263048171997,0.6615217328071594,0.18636755645275116
das kräftige mittelmeertief dehnt seinen einfluss weiter nach norden aus und sorgt morgen in fast ganz deutschland für einen wolkenverhangenen himmel .,"{'das tief das sich vom mittelmeer zur nordsee verlagert sorgt morgen im westen deutschlands für viele wolken .', '05May_2010_Wednesday_tagesschau-3348'}","(234, 234)","[153, 54]",22.242705636577995,17.647058823529417,10.235625888296033,0.0,0.0,0.0,0.0,0.0,24.514563106768108,13.132607302942217,75.96573233604431,68.10921430587769,0.49467921257019043,0.34916532039642334
im norden bleibt es morgen erst noch trocken sonst fällt verbreitet teilweise ergiebiger regen .,"{'im norden bleibt es morgen noch meist trocken sonst fällt zeitweise regen .', '05May_2010_Wednesday_tagesschau-3352'}","(235, 235)","[242, 60]",72.54956239049889,17.182231969774303,60.23772031770743,0.0,48.364860780708746,0.0,37.32083238656446,0.0,77.78176597268627,20.075963103619753,92.60585308074951,65.14047384262085,0.7666462659835815,0.19390781223773956
in teilen bayerns und sachsens gibt es neben schauern und gewittern auch wolkenlücken .,"{'05May_2010_Wednesday_tagesschau-3353', 'in bayern und sachsen gibt es neben einzelnen schauern und gewittern auch klaren himmel .'}","(236, 236)","[103, 421]",66.66666666666669,10.000000000000002,48.795003647426675,0.0,38.01685654384933,0.0,26.01278440403793,0.0,68.80209184501629,10.468478889472152,88.63887786865234,71.07799053192139,0.569736659526825,0.22307901084423065
am tag vor allem im norden regen .,"{'05May_2010_Wednesday_tagesschau-3359', 'in der nordhälfte regnet es hier und da .'}","(237, 237)","[193, 96]",11.111111111111109,14.814814814814817,0.0,0.0,0.0,0.0,0.0,0.0,11.684125705016255,11.99762619096015,72.00162410736084,68.47760677337646,0.575465977191925,0.24554647505283356
am wochenende wird es dann etwas wärmer das ganze bei wechselhaftem wetter mit schauern gewittern und gelegentlichem sonnenschein .,"{'im laufe des tages wird es immer wärmer dabei unbeständiger es gibt gewitter aber auch immer wieder sonnenschein .', '05May_2010_Wednesday_tagesschau-3360'}","(238, 238)","[156, 181]",26.31578947368421,7.142857142857142,17.099639201419233,0.0,0.0,0.0,0.0,0.0,26.31578947363421,7.975813417725853,77.76849269866943,66.34559631347656,0.34927132725715637,0.3067116141319275
morgen breiten sich diese regenwolken dann weiter über die mitte richtung westen aber vor allen dingen auch nach baden württemberg und bayern aus .,"{'18May_2010_Tuesday_heute-3366', 'auch morgen breiten sich die regenwolken noch weiter richtung westen aus vor allem in rheinland pfalz und baden württemberg .'}","(239, 239)","[505, 169]",61.40480648084862,5.882352941176471,32.53306122528053,0.0,16.885197826140725,0.0,0.0,0.0,49.19354838706671,6.55795817079941,83.63470435142517,68.78425478935242,0.6853364706039429,0.3557831048965454
und nun die wettervorhersage für morgen samstag den zweiten april .,"{'01April_2011_Friday_tagesschau-3374', 'und nun die wettervorhersage für morgen samstag den zweiten april .'}","(240, 240)","[328, 253]",100.00000000000004,13.333333333333334,100.00000000000004,0.0,100.00000000000004,0.0,100.00000000000004,0.0,99.99999999994999,14.46208112868145,100.0,70.46570777893066,0.9482386708259583,0.2072935402393341
nordöstlich der elbe halten sich heute nacht noch viele wolken die anfangs auch noch ein paar tropfen bringen .,"{'im emsland und nordosten halten sich heute nacht noch viele wolken die etwas schnee oder schneeregen bringen .', '01April_2011_Friday_tagesschau-3377'}","(241, 241)","[295, 574]",52.55330382815363,8.333333333333332,48.3678529013428,0.0,43.618675261624546,0.0,40.22000980758568,0.0,53.97525805684634,9.319169483275434,82.4043869972229,68.59641075134277,0.5328550338745117,0.36589741706848145
am montag überall wechselhaft und deutlich kühler .,"{'01April_2011_Friday_tagesschau-3387', 'am montag überall wechselhaft und deutlich kühler .'}","(242, 242)","[198, 344]",100.00000000000004,16.666666666666668,100.00000000000004,0.0,100.00000000000004,0.0,100.00000000000004,0.0,99.99999999994999,18.315018314949917,100.0,67.93808937072754,0.9653706550598145,0.2239096462726593
aber ab dienstag wird es langsam wieder freundlicher und wärmer .,"{'ab dienstag wird es nach auflösung von zum teil zähen nebelfeldern langsam wieder freundlicher und wärmer .', '01April_2011_Friday_tagesschau-3388'}","(243, 243)","[116, 49]",58.82352941176469,6.666666666666667,54.23261445466402,0.0,48.99973050296443,0.0,42.818185319516076,0.0,65.66303651498578,7.23104056430755,87.078195810318,62.36369609832764,0.5523410439491272,0.1949472874403
das hoch über den azoren weitet sich bis nach süddeutschland aus .,"{'17September_2010_Friday_tagesschau-3412', 'das hoch das sich vom atlantik bis nach süddeutschland erstreckt sorgt dafür dass sehr warme luft zu uns strömt .'}","(244, 244)","[450, 347]",34.99999999999999,5.104731378176962,23.508117299081356,0.0,14.534086179549238,0.0,0.0,0.0,39.1447368420384,6.98445595855229,78.3262550830841,63.11575174331665,0.5508856773376465,0.10878723114728928
es sorgt morgen dort für ruhiges freundliches wetter .,"{'liebe zuschauer guten abend .', '17September_2010_Friday_tagesschau-3413'}","(245, 245)","[191, 13]",8.98657928234443,5.770331081275291,0.0,0.0,0.0,0.0,0.0,0.0,12.412177985952118,6.9467477427572115,64.9007260799408,59.138667583465576,0.1568397879600525,0.09554806351661682
am samstag überall mehr wolken als sonne in der südosthälfte zum teil kräftiger regen richtung nordwesten nur einzelne schauer .,"{'am samstag gibt es mehr wolken als sonne in der südosthälfte gebietsweise regen richtung westen einzelne schauer .', '23September_2010_Thursday_tagesschau-3448'}","(246, 246)","[245, 594]",69.59861353000653,2.7067056647322536,60.52689036939955,0.0,49.72304117286192,0.0,41.38535737986232,0.0,73.27935222668192,7.142857142867092,85.72865128517151,63.68716359138489,0.60836261510849,0.055698975920677185
der wind weht mäßig bis frisch mit starken bis stürmischen böen im bergland teilweise schwere sturmböen im südosten mitunter nur schwacher wind .,"{'der wind bläst mäßig bis frisch mit starken bis stürmischen böen auf den bergen teilweise schwere sturmböen im süden und osten weht er schwach bis mäßig .', '01December_2011_Thursday_tagesschau-3473'}","(247, 247)","[279, 156]",59.25925925925925,14.285714285714283,50.07117441325405,0.0,43.129574938821904,0.0,37.63278728427449,0.0,59.246467817833235,15.65471288456177,87.94311881065369,72.02295660972595,0.6026684045791626,0.35067278146743774
am montag regnet es vor allem im norden und osten weiter und besonders im osten wird es windig etwas sonne am ehesten im süden .,"{'am montag verbreitet regen im norden und osten dazu zeitweise stürmische böen an der ostsee dazu weht der wind mäßig bis frisch aus süd bis südwest .', '25September_2010_Saturday_tagesschau-3489'}","(248, 248)","[443, 448]",25.925925925925927,9.090909090909093,19.971489650509266,0.0,14.72211826178999,0.0,10.738037495669008,0.0,26.843774781862013,9.09090909085909,75.1035988330841,66.56734943389893,0.40640372037887573,0.1455719769001007
und nun die wettervorhersage für morgen samstag den zwölften dezember .,"{'11December_2009_Friday_tagesschau-3504', 'und nun die wettervorhersage für morgen samstag den zwölften dezember .'}","(249, 249)","[114, 22]",100.00000000000004,20.072303569462136,100.00000000000004,0.0,100.00000000000004,0.0,100.00000000000004,0.0,99.99999999994999,21.502399409374178,100.0,66.01461172103882,0.9539278745651245,0.18136659264564514
teilweise kräftiger regen zieht heute nacht über uns ostwärts .,"{'11November_2010_Thursday_tagesschau-3564', 'die teilweise kräftigen regenfälle breiten sich heute nacht von westen aus .'}","(250, 250)","[146, 287]",33.333333333333336,6.6907733706844725,17.40776559556979,4.172430267608656,0.0,0.0,0.0,0.0,35.77712609964235,16.145271485087527,79.55290079116821,62.81499266624451,0.6259324550628662,0.2573208212852478
dahinter lockert es im norden und der mitte teilweise auf an der nordsee vereinzelt kurze gewitter .,"{'im norden lockert es später wieder auf an der nordsee sind einzelne gewitter möglich .', '11November_2010_Thursday_tagesschau-3565'}","(251, 251)","[510, 333]",58.344887936196514,15.022514983593707,42.70408529483113,0.0,29.065191367626504,0.0,20.571127493069756,0.0,49.61389961386312,14.586546844610087,80.34058213233948,65.93431234359741,0.4979684352874756,0.18779027462005615
der wind lebt bereits in der nacht auf im norden sturmböen sonst einzelne stürmische böen auf den bergen können orkanböen auftreten .,"{'28January_2013_Monday_tagesschau-3624', 'der wind weht heute nacht schwach bis mäßig im norden teilweise frisch mit starken bis stürmischen böen auf den bergen orkanartige böen .'}","(252, 252)","[478, 480]",43.478260869565226,10.000000000000002,31.434730673096574,0.0,21.11268150170346,0.0,14.72821272412462,0.0,44.4006136313286,11.094564407972461,78.21558713912964,67.75580644607544,0.4361172914505005,0.10865649580955505
ein tief über der ostsee bringt dem norden deutschlands noch schnee .,"{'02December_2010_Thursday_tagesschau-3631', 'an der ostsee macht sich ein tief über der ostsee mit schnee und regen bemerkbar .'}","(253, 253)","[140, 116]",43.74999999999999,16.601831205132044,34.15650255319867,0.0,29.24017738212866,0.0,24.903286388467727,0.0,48.07692307685468,17.325923504372444,80.86533546447754,65.42446613311768,0.28280675411224365,0.17196115851402283
am wochenende scheint meist die sonne und es wird noch wärmer .,"{'22April_2010_Thursday_tagesschau-3736', 'am wochenende scheint meist die sonne und es wird deutlich wärmer .'}","(254, 254)","[639, 583]",91.66666666666667,8.067401742967988,86.60254037844388,0.0,80.67143230122723,0.0,76.91605673134588,0.0,91.66666666661666,10.155316606925242,97.8983998298645,67.56488084793091,0.8403679728507996,0.11733351647853851
die gibt es auch am montag bei insgesamt wieder mehr wolken aber es bleibt weiterhin warm und auch noch längere zeit freundlich .,"{'auch am montag noch einzelne schauer und gewitter sonst wird es wolkiger aber es bleibt auf jeden fall warm .', '22April_2010_Thursday_tagesschau-3738'}","(255, 255)","[563, 81]",47.3389387033782,2.9057540658350525,29.288043954557544,0.0,20.168085997671678,0.0,0.0,0.0,36.85228343329684,9.240607513998086,78.23628187179565,65.5331552028656,0.4216659665107727,0.21553842723369598
dazu weht nur ein leichter südwind .,"{'dazu weht ein schwacher bis mäßiger südwestwind .', '05May_2011_Thursday_heute-3747'}","(256, 256)","[332, 277]",49.99999999999999,10.380107463819925,26.726124191242434,5.4208343276100495,0.0,0.0,0.0,0.0,52.86549707596199,12.743472855375895,85.5319082736969,63.545405864715576,0.7731837630271912,0.12123125791549683
und nun die wettervorhersage für morgen freitag den zwanzigsten november .,"{'19November_2009_Thursday_tagesschau-3781', 'und nun die wettervorhersage für morgen freitag den zwanzigsten november .'}","(257, 257)","[481, 128]",100.00000000000004,15.334073577155388,100.00000000000004,0.0,100.00000000000004,0.0,100.00000000000004,0.0,99.99999999994999,15.94904458594573,100.0,71.10574245452881,0.9637573957443237,0.33546873927116394
dort im süden weht der wind meist nur schwach richtung norden mäßiger zeitweise auch frischer wind an den küsten starke bis stürmische böen .,"{'19September_2010_Sunday_tagesschau-3802', 'im süden weht der wind nur schwach im norden mäßig bis frisch an den küsten stark mit stürmischen böen .'}","(258, 258)","[143, 459]",57.31115271545876,13.178865850631604,44.448623552186525,0.0,33.00261915292878,0.0,24.257265980446544,0.0,58.1378299119934,11.770451770453395,87.42597699165344,71.11485600471497,0.6842573285102844,0.3319210410118103
wechselhaft dagegen bleibt es auch weiter in richtung südosten schuld daran ist das tief über ungarn .,"{'aber sonst bleibt es wechselhaft auch im osten und südosten deutschlands geht es unbeständig weiter mit dem tief über russland .', '14April_2010_Wednesday_tagesschau-3809'}","(259, 259)","[403, 337]",42.85714285714285,17.182231969774303,20.701966780270627,12.988546503156082,0.0,0.0,0.0,0.0,36.05192606173747,20.075963103619753,78.78736853599548,74.81263875961304,0.2657717168331146,0.27648264169692993
kalte teilweise feuchte luft bestimmt das wetter in deutschland .,"{'14February_2010_Sunday_tagesschau-3834', 'die kaltfront eines tiefs bei island überquert deutschland mit regenwolken ostwärts .'}","(260, 260)","[241, 623]",16.666666666666668,16.666666666666668,0.0,0.0,0.0,0.0,0.0,0.0,17.88856304978898,18.571428571359508,72.12883830070496,67.95646548271179,0.25712302327156067,0.3739880323410034
das hoch gewinnt wieder an kraft und beschert uns am wochenende viel sonnenschein bei meist sommerlichen temperaturen .,"{'25June_2010_Friday_tagesschau-3877', 'das hoch das von großbritannien nach deutschland zieht sorgt am wochenende auch für viel sonnenschein und steigende temperaturen .'}","(261, 261)","[533, 187]",47.368421052631575,16.601831205132044,32.4442842261525,0.0,0.0,0.0,0.0,0.0,43.18020644545744,17.325923504372444,78.63951921463013,66.78799390792847,0.5092520713806152,0.18182900547981262
das gilt auch für den abend aber im laufe der nacht werden schauer und gewitter in der südosthälfte immer seltener .,"{'auch in der zweiten nachthälfte lässt der regen im südosten langsam nach sonst wird es immer wolkiger .', '25June_2010_Friday_tagesschau-3879'}","(262, 262)","[508, 173]",32.918733745746096,5.704634655917688,12.802827473168948,0.0,0.0,0.0,0.0,0.0,25.342874180050256,7.456140350876805,75.3796637058258,62.0932400226593,0.45543479919433594,0.19372683763504028
ansonsten ist es meist nur locker bewölkt oder klar stellenweise bildet sich nebel .,"{'25June_2010_Friday_tagesschau-3880', 'bei längerem aufklaren bildet sich stellenweise nebel .'}","(263, 263)","[118, 460]",29.52290954631343,14.285714285714283,19.961130092025538,0.0,0.0,0.0,0.0,0.0,31.941031941034236,14.774337178651903,75.77670216560364,61.249327659606934,0.4794618487358093,0.08582114428281784
morgen scheint verbreitet die sonne hier und da tauchen auch mal ein paar dichtere wolken auf .,"{'morgen scheint verbreitet die sonne hier und da ein paar dünne schleierwolken .', '25June_2010_Friday_tagesschau-3881'}","(264, 264)","[578, 470]",62.204279126988695,40.0,55.21409593968608,23.90457218668787,49.62987046169443,0.0,46.040771186435805,0.0,70.85794655412838,19.999999999950003,86.07503175735474,64.65716361999512,0.5624333620071411,0.2909107208251953
und im süden besonders vom bayerischen wald bis zu den alpen gibt es am nachmittag einzelne schauer und gewitter .,"{'im süden vor allem von bayerischen wald bis zu den alpen gibt es am nachmittag einzelne schauer .', '25June_2010_Friday_tagesschau-3882'}","(265, 265)","[537, 547]",74.56994306786414,12.500000000000002,68.63104266407213,0.0,64.10453528977476,0.0,61.32543594343265,0.0,78.51359167144768,13.893495485466042,93.02553534507751,65.61260223388672,0.5658041834831238,0.19994594156742096
es gelten entsprechende unwetterwarnungen des deutschen wetterdienstes .,"{'17June_2010_Thursday_tagesschau-3903', 'es gelten entsprechende unwetterwarnungen des deutschen wetterdienstes .'}","(266, 266)","[50, 22]",100.00000000000004,12.808141362394652,100.00000000000004,0.0,100.00000000000004,0.0,100.00000000000004,0.0,99.99999999994999,8.601021430959758,100.0,61.16763949394226,0.9206047654151917,0.20795300602912903
sie ziehen in der nacht zum montag über uns hinweg .,"{'am montag abend ziehen dann von westen wieder dichtere wolken mit regen heran .', '05June_2010_Saturday_tagesschau-3925'}","(267, 267)","[295, 289]",21.42857142857143,5.971094254781576,0.0,0.0,0.0,0.0,0.0,0.0,15.55828220852191,6.868131868113174,71.89261317253113,68.95595788955688,0.3843209147453308,0.3805929124355316
in der kommenden nacht ist es meist klar .,"{'05June_2010_Saturday_tagesschau-3926', 'in der nacht klart es verbreitet auf .'}","(268, 268)","[43, 284]",55.156056411537236,21.052631578947366,26.369638640452393,10.814761408717501,0.0,0.0,0.0,0.0,58.42062852534542,23.463544980215673,80.39912581443787,71.07313275337219,0.6029061079025269,0.18231409788131714
am dienstag vor allem richtung osten längere freundliche abschnitte daneben aber auch schauer und gewitter .,"{'05June_2010_Saturday_tagesschau-3932', 'am dienstag besonders im osten längere freundliche abschnitte aber auch dort wieder schauer und gewitter .'}","(269, 269)","[291, 466]",74.99999999999997,22.22222222222222,63.245553203367585,0.0,48.528550064051736,0.0,36.41410562218426,0.0,74.99999999994999,11.11111111106111,90.99772572517395,67.4517571926117,0.7429080009460449,0.16150708496570587
in der nacht werden die wolken im norden und nordosten dichter erste tropfen können an der ostsee fallen .,"{'24March_2011_Thursday_tagesschau-3937', 'in der nacht ist es im norden und nordosten wolkig an der ostsee kann es etwas regnen .'}","(270, 270)","[577, 574]",57.80863421096899,9.090909090909093,47.45229024504729,0.0,37.62203628100053,0.0,24.072824011291072,0.0,59.37278386253539,10.155316606861138,83.42676758766174,63.9556884765625,0.6704813241958618,0.10994041711091995
sonst meist nur lockere wolken .,"{'sonst meist wolkenverhangen und meist nur locker bewölkt .', '24March_2011_Thursday_tagesschau-3938'}","(271, 271)","[281, 483]",44.44444444444444,9.090909090909093,33.333333333333336,0.0,0.0,0.0,0.0,0.0,49.52380952374046,10.027472527418132,82.26436972618103,65.59945344924927,0.5556103587150574,0.15178686380386353
das tief sorgt auch noch für wolken aber es fällt nur wenig regen .,"{'08April_2010_Thursday_tagesschau-3950', 'sonst gibt es noch viele wolken aber nur vereinzelt ein paar tropfen .'}","(272, 272)","[30, 95]",42.736665168106896,7.243303475117972,18.159590803171504,0.0,0.0,0.0,0.0,0.0,36.93584294672973,10.148674854561643,75.41747689247131,64.34344053268433,0.39956581592559814,0.11030666530132294
morgen reichen die temperaturen von neun grad an der ostsee bis siebzehn grad im breisgau .,"{'morgen temperaturen von neun grad an der ostsee bis siebzehn grad im breisgau .', '08April_2010_Thursday_tagesschau-3957'}","(273, 273)","[404, 31]",86.6877899750182,13.468741803313245,83.28693459685675,0.0,81.99254661903345,0.0,81.18430797997962,0.0,92.5146198830054,16.740217711085656,95.52977681159973,64.54037427902222,0.766557514667511,0.24895285069942474
auch die neue woche beginnt durchwachsen und recht kühl .,"{'08April_2010_Thursday_tagesschau-3961', 'die neue woche beginnt wechselhaft und kühl .'}","(274, 274)","[40, 528]",68.14506851874795,5.255420588163461,55.0695314903184,0.0,42.859058784732404,0.0,33.27714551776234,0.0,75.9259259259004,7.936507936515344,90.14887809753418,66.87076687812805,0.6977864503860474,0.17810338735580444
am tag scheint verbreitet die sonne im süden und westen bilden sich später gebietsweise quellwolken .,"{'am tag scheint verbreitet die sonne im süden und westen ist es ab und an wolkig .', '24April_2010_Saturday_tagesschau-3967'}","(275, 275)","[446, 163]",64.70588235294115,15.384615384615385,60.32997499048823,0.0,57.90130331749079,0.0,55.81600587827485,0.0,66.54456654451086,15.949044585929906,83.85637402534485,66.70839786529541,0.6141186952590942,0.10812650620937347
dort sowie in ungünstigen muldenlagen ist bodenfrost möglich .,"{'dort sowie in den südlichen mittelgebirgen ist bodenfrost möglich .', '24April_2010_Saturday_tagesschau-3971'}","(276, 276)","[284, 495]",70.00000000000003,8.394471237224971,62.360956446232365,6.295853427918729,52.636329980469824,4.746742581703538,37.99178428257963,0.0,73.27935222666127,18.05813234385706,86.93702816963196,69.37835216522217,0.681973397731781,0.21049199998378754
im süden mäßiger wind nach norden weht er frisch bis stark mit einzelnen sturmböen an der ostsee und auf den bergen sind orkanartige böen möglich .,"{'08January_2010_Friday_tagesschau-3981', 'im süden schwacher bis mäßiger im norden frischer bis starker wind mit einzelnen stürmischen böen an der ostsee und auf den bergen orkanartige böen .'}","(277, 277)","[519, 627]",69.17683961896726,5.104731378176962,49.924083719622914,0.0,37.33907298557547,0.0,30.880834756422622,0.0,66.61546338961098,6.98445595855229,84.92394089698792,68.5394287109375,0.6621814370155334,0.3353191614151001
allerdings sie sehen die regenwolken die erreichen mitteleuropa nicht .,"{'die regenwolken breiten sich heute nacht von westen aus .', '04May_2011_Wednesday_heute-3991'}","(278, 278)","[30, 300]",30.000000000000004,18.393972058572114,18.25741858350554,11.633369384516795,0.0,0.0,0.0,0.0,29.99999999995,27.777777777785182,76.89301371574402,72.62467741966248,0.30344128608703613,0.5367884635925293
denn auch morgen gibt es also keine schauer mehr stattdessen viel sonnenschein da freuen sich die meisten natürlich drüber .,"{'morgen gibt es noch ein paar schauer aber es wird nicht mehr so sonnig sein es gibt noch mehr gewitter .', '04May_2011_Wednesday_heute-3995'}","(279, 279)","[325, 320]",28.57142857142857,31.57894736842106,16.90308509457033,13.245323570650438,11.456697640675745,0.0,0.0,0.0,29.233532240255876,17.40081224610433,76.33408308029175,76.16758346557617,0.42095690965652466,0.39449357986450195
dort morgen sechs grad sonst temperaturen zwischen minus ein und plus fünf grad .,"{'im breisgau heute nacht bis sechs sonst werte zwischen minus ein und minus fünf grad .', '18January_2010_Monday_tagesschau-4023'}","(280, 280)","[522, 266]",56.24999999999999,6.666666666666667,43.30127018922193,0.0,34.250335529722065,0.0,23.578316044531807,0.0,59.4736842104649,7.435039876449127,79.54816222190857,64.43865895271301,0.4576292634010315,0.22303515672683716
und nun die wettervorhersage für morgen donnerstag den dritten dezember .,"{'und nun die wettervorhersage für morgen donnerstag den dritten dezember .', '02December_2009_Wednesday_tagesschau-4039'}","(281, 281)","[75, 232]",100.00000000000004,2.928857090174741,100.00000000000004,0.0,100.00000000000004,0.0,100.00000000000004,0.0,99.99999999994999,5.225225225235258,100.0,69.70133185386658,0.9467506408691406,0.20184607803821564
im osten und südosten neben teilweise zähen nebelfeldern eine trockene mischung aus sonne und wolken .,"{'02December_2009_Wednesday_tagesschau-4045', 'im osten und südosten bleibt es meist trüb aber trocken mit sonne und wolken .'}","(282, 282)","[472, 451]",49.89370586835297,8.333333333333332,44.725788509678075,0.0,38.61534284800931,0.0,30.781789741768915,0.0,51.50582251367647,9.2592592592,82.73045420646667,66.26757979393005,0.5375303030014038,0.3125460743904114
im osten und südosten sind zu beginn der nacht einzelne gewittrige schauer möglich .,"{'im süden gibt es heute nacht noch zum teil gewittrige schauer .', '15July_2010_Thursday_tagesschau-4056'}","(283, 283)","[481, 78]",35.27007187044225,14.108028748176901,16.474628226984198,0.0,0.0,0.0,0.0,0.0,38.01431127009201,15.205724508016866,78.05121541023254,70.76660990715027,0.5718553066253662,0.28473085165023804
in der nacht an der see noch stürmische böen .,"{'in der nacht stürmisch auf den bergen sturmböen .', '05September_2009_Saturday_tagesschau-4085'}","(284, 284)","[142, 590]",39.77063630286087,27.634761653392427,29.82797722714566,9.418615027108109,22.48872710446515,0.0,0.0,0.0,41.87391555808737,17.75585108916682,85.91419458389282,70.56311368942261,0.3222736716270447,0.19427944719791412
da die luftdruckunterschiede nahe des tiefzentrums groß sind wird es im küstenumfeld morgen teilweise stürmisch .,"{'in den kommenden tagen bestimmt tiefer luftdruck unser wetter und teilweise windiges wetter .', '19February_2010_Friday_tagesschau-4093'}","(285, 285)","[259, 129]",12.383969996431166,4.761904761904762,0.0,0.0,0.0,0.0,0.0,0.0,13.216374268970297,5.323791237495526,69.14698481559753,65.74541926383972,0.3638864755630493,0.09181737154722214
das hoch das sich richtung osteuropa verlagert bestimmt auch in den kommenden tagen unser wetter .,"{'hoher luftdruck bestimmt in den kommenden tagen unser wetter .', '21October_2011_Friday_tagesschau-4103'}","(286, 286)","[65, 188]",43.9049308875221,19.999999999999996,40.0795350546686,0.0,38.05247353806107,0.0,36.256300273131316,0.0,55.88697017268145,21.342832804087593,81.55698776245117,67.88567900657654,0.26289254426956177,0.30028238892555237
in den niederungen ist es teilweise länger neblig wenige kilometer daneben sonne auf den bergen ist es durchweg sonnig .,"{'im süden hält sich der nebel zum teil länger an auf den bergen scheint die sonne auch für längere zeit .', '21October_2011_Friday_tagesschau-4104'}","(287, 287)","[210, 78]",28.57142857142857,6.703200460356395,16.90308509457033,0.0,11.456697640675745,0.0,0.0,0.0,24.36127686687079,7.905982905969005,73.16182255744934,75.48726201057434,0.5128456950187683,0.3252567946910858
und nun die wettervorhersage für morgen freitag den achten oktober .,"{'07October_2010_Thursday_tagesschau-4117', 'und nun die wettervorhersage für morgen freitag den achten oktober .'}","(288, 288)","[56, 347]",100.00000000000004,7.898658475130412,100.00000000000004,0.0,100.00000000000004,0.0,100.00000000000004,0.0,99.99999999994999,13.741833746349103,100.0,69.72096562385559,0.9575624465942383,0.19377440214157104
vor allem im norden zeigen sich heute nacht noch dichte wolken vereinzelt fällt etwas regen .,"{'07October_2010_Thursday_tagesschau-4121', 'vor allem in der nordhälfte ist es heute nacht meist stark bewölkt hier und da regnet es etwas .'}","(289, 289)","[165, 457]",31.57894736842106,10.000000000000002,18.73171623163388,0.0,0.0,0.0,0.0,0.0,33.792788680903776,10.8465608464945,77.19716429710388,66.39087200164795,0.7542293667793274,0.2191004455089569
besonders in der südhälfte gibt es nebel oder hochnebel der sich morgen wieder teilweise zäh halten kann .,"{'in der südhälfte gibt es vielerorts hochnebel oder nebelfelder die sich morgen zum teil hartnäckig halten .', '07October_2010_Thursday_tagesschau-4122'}","(290, 290)","[571, 507]",61.009438720021286,5.555555555555555,42.39846742910048,0.0,32.3639255024144,0.0,25.99469349742419,0.0,57.049790600235184,6.140241624043568,85.37825345993042,65.66076874732971,0.5978331565856934,0.2230619192123413
vier grad heute nacht im allgäu sowie an der oder dreizehn grad an der nordsee .,"{'im allgäu heute nacht kühle vier an der oder bis dreizehn grad an der nordsee dreizehn grad .', '07October_2010_Thursday_tagesschau-4127'}","(291, 291)","[326, 216]",83.33333333333334,8.98657928234443,62.62242910851494,0.0,46.110511808750275,0.0,33.81307292971254,0.0,64.26269137786073,12.412177985952118,82.7461838722229,66.89532399177551,0.4410781264305115,0.1481321156024933
das ruhige trockene und zum teil recht freundliche hochdruckwetter begleitet uns auch in den nächsten tagen .,"{'07October_2010_Thursday_tagesschau-4129', 'ruhiges trockenes und teilweise freundliches herbstwetter erwartet uns in den nächsten tagen .'}","(292, 292)","[407, 522]",39.58454126262917,3.7188360024738305,31.144950512269688,0.0,26.89211312468436,0.0,23.124317741340796,0.0,45.09142053443781,7.2681704260755655,87.41720914840698,65.15580415725708,0.6656254529953003,0.1100175529718399
am freitag schneit es im westen und süden ab und an in tiefen lagen im westen auch regen .,"{'07December_2010_Tuesday_tagesschau-4155', 'am freitag kommen in der südwesthälfte schneefälle auf in der westhälfte später auch regenschauer .'}","(293, 293)","[106, 347]",25.530944612154958,2.216063167246677,11.818530844056395,0.0,0.0,0.0,0.0,0.0,28.63005667380823,6.657190239289281,73.52258563041687,66.65765643119812,0.6048193573951721,0.1704302728176117
guten abend liebe zuschauer .,"{'guten abend liebe zuschauer .', '08December_2009_Tuesday_heute-4198'}","(294, 294)","[599, 506]",100.00000000000004,10.000000000000002,100.00000000000004,0.0,100.00000000000004,0.0,100.00000000000004,0.0,99.99999999994999,9.99999999995,99.99997019767761,65.49596190452576,0.9707947373390198,0.20451049506664276
es wird morgen ein ziemlich trüber tag bei uns in deutschland .,"{'08December_2009_Tuesday_heute-4199', 'und so wird es dann auch morgen tagsüber überwiegend trüb sein .'}","(295, 295)","[279, 360]",33.333333333333336,14.285714285714283,0.0,0.0,0.0,0.0,0.0,0.0,24.999999999950003,15.918367346869717,71.19669914245605,69.2089319229126,0.5874796509742737,0.296769917011261
der wind aus süd bis west weht schwach bis mäßig .,"{'der wind aus süd bis südwest weht schwach bis mäßig .', '24October_2009_Saturday_tagesschau-4286'}","(296, 296)","[79, 619]",90.90909090909088,16.666666666666668,85.28028654224414,0.0,78.56009758726493,0.0,70.16879391277372,0.0,90.9090909090409,12.499999999949999,96.99535965919495,64.23986554145813,0.8900495767593384,0.29952895641326904
dort kann es auch stürmische böen geben .,"{'im nordwesten frischer bis starker wind mit starken bis stürmischen böen .', '24October_2009_Saturday_tagesschau-4287'}","(297, 297)","[338, 260]",16.666666666666668,7.142857142857142,0.0,0.0,0.0,0.0,0.0,0.0,18.571428571359508,7.905982905913778,74.31579232215881,66.96479916572571,0.5969031453132629,0.23156118392944336
morgen in der osthälfte zehn bis dreizehn grad im westen bis zu siebzehn grad .,"{'morgen im osten noch dreizehn bis dreizehn im westen bis siebzehn grad .', '24October_2009_Saturday_tagesschau-4289'}","(298, 298)","[576, 173]",59.358732864953616,15.999999999999998,46.04997746778716,11.547005383792511,32.09424815579697,8.338161453378323,0.0,0.0,63.63962670491886,17.894736842038395,88.04904222488403,70.12724280357361,0.6675421595573425,0.4589585065841675
am samstag ist es wieder unbeständig .,"{'01April_2010_Thursday_tagesschau-4329', 'am samstag wechselhaftes wetter .'}","(299, 299)","[194, 11]",40.21920276213835,19.999999999999996,25.961383749250192,0.0,0.0,0.0,0.0,0.0,47.435897435883525,22.18912881601416,75.24099946022034,66.76055192947388,0.6939261555671692,0.1564296931028366
am freundlichsten ist es noch im nordosten sowie in teilen bayerns .,"{'01April_2010_Thursday_tagesschau-4330', 'am freundlichsten wird es im nordosten sowie in den mittelgebirgen .'}","(300, 300)","[200, 502]",66.40732482052816,5.555555555555555,49.24899018660713,0.0,36.64659342440432,0.0,27.376780981812882,0.0,69.30369401761207,5.952380952341922,86.26612424850464,65.38619995117188,0.5511063933372498,0.3704332113265991
am sonntag ab und an regenschauer teilweise auch gewitter .,"{'am sonntag regnet es gebietsweise teilweise sind gewitter dabei .', '01April_2010_Thursday_tagesschau-4331'}","(301, 301)","[635, 566]",49.99999999999999,24.76793999286233,23.570226039551585,0.0,0.0,0.0,0.0,0.0,49.99999999995,26.432748537976142,80.21557331085205,68.42696070671082,0.6897622346878052,0.2764278054237366
im südosten regnet es teilweise länger .,"{'01April_2010_Thursday_tagesschau-4332', 'im südosten regnet es noch für längere zeit .'}","(302, 302)","[477, 5]",55.55555555555555,4.965853037914096,45.64354645876385,0.0,39.044833280954016,0.0,31.55984539112946,0.0,60.63432835814155,6.578724843565785,89.66165781021118,64.46159482002258,0.796055018901825,0.19771665334701538
in den folgenden tagen sorgt tiefer luftdruck für wechselhaftes wetter und sinkende temperaturen .,"{'in den nächsten tagen sorgen atlantische tiefausläufer wieder für unbeständiges wetter und die temperaturen sinken .', '23May_2010_Sunday_tagesschau-4337'}","(303, 303)","[626, 482]",49.99999999999999,18.096748360719186,25.819888974716118,0.0,0.0,0.0,0.0,0.0,52.86549707596199,18.96181896177912,81.18512034416199,64.44618701934814,0.6425455212593079,0.22997912764549255
südlich des mains morgen verbreitet freundlich .,"{'11August_2009_Tuesday_tagesschau-4354', 'am freundlichsten wird es im süden .'}","(304, 304)","[428, 328]",14.285714285714283,24.999999999999996,0.0,15.075567228888186,0.0,0.0,0.0,0.0,14.285714285664286,24.999999999950003,72.83418774604797,66.67289137840271,0.2070959359407425,0.25755441188812256
ansonsten viele wolken die erst im norden später auch in der mitte mancherorts regenschauer und vereinzelte gewitter bringen .,"{'11August_2009_Tuesday_tagesschau-4355', 'sonst viele wolken die in der nordhälfte deutschlands schauer oder gewitter bringen .'}","(305, 305)","[448, 484]",38.78850379056739,5.263157894736842,31.91714888292256,0.0,22.685444544357466,0.0,0.0,0.0,46.81978798585569,5.765839099122026,79.787278175354,68.50953102111816,0.5743470191955566,0.2288254350423813
schwacher im norden auch mäßiger an der küste frischer und zeitweise stark böiger westwind .,"{'11August_2009_Tuesday_tagesschau-4356', 'im übrigen land schwacher bis mäßiger wind aus unterschiedlichen richtungen .'}","(306, 306)","[314, 311]",25.277961032686505,6.065306597126336,0.0,0.0,0.0,0.0,0.0,0.0,22.056948576269157,7.428571428563592,75.1039206981659,62.78308629989624,0.3878629207611084,0.17549362778663635
dort sowie am niederrhein morgen zehn bis elf sonst zwei bis neun grad .,"{'25November_2011_Friday_tagesschau-4398', 'am niederrhein morgen zehn bis elf sonst zwei bis neun grad .'}","(307, 307)","[345, 386]",84.64817248906144,24.42838947132158,84.64817248906144,0.0,84.64817248906144,0.0,84.64817248906144,0.0,91.23434704826732,20.26060702364986,95.57715058326721,65.23498892784119,0.7181795239448547,0.232277512550354
am sonntag im süden nach nebelauflösung häufig sonnig sonst viele wolken und stellenweise etwas regen .,"{'25November_2011_Friday_tagesschau-4399', 'am sonntag ist es im süden oft sonnig sonst viele wolken die regen bringen .'}","(308, 308)","[327, 320]",62.367132335441205,0.8520511068835798,45.64806674681092,0.0,31.068919668883257,0.0,21.989282626654578,0.0,64.38227814210641,7.398051245043959,83.91647338867188,65.83932638168335,0.5380128622055054,0.0486997589468956
quer über deutschland liegt eine luftmassengrenze die kühlere meeresluft von heißer luft aus dem südosten trennt .,"{'12August_2010_Thursday_tagesschau-4403', 'deutschland liegt weiter zwischen einem atlantikhoch und einer luftmassengrenze .'}","(309, 309)","[302, 98]",19.86341215165638,15.922918012750872,10.468937416983346,0.0,0.0,0.0,0.0,0.0,26.314899374260857,18.31501831499962,73.26712608337402,67.09715127944946,0.3358197808265686,0.4597436785697937
über deutschland liegt morgen ein hochdruckgebiet das uns verbreitet sonniges und trockenes wetter beschert .,"{'24May_2011_Tuesday_tagesschau-4468', 'deutschland liegt morgen unter hochdruckeinfluss sonnig und trocken .'}","(310, 310)","[301, 305]",28.52317327958844,8.131393194811983,19.13392631614961,0.0,13.899318279528071,0.0,0.0,0.0,37.280701754385575,11.731772490144502,80.29103875160217,71.11654877662659,0.5677013397216797,0.3991924524307251
in küstennähe morgen kühle fünfzehn bis sechzehn entlang des rheins dreiundzwanzig bis sechsundzwanzig grad .,"{'24May_2011_Tuesday_tagesschau-4477', 'an den küsten ist es kühler mit fünfzehn bis sechzehn grad am oberrhein dreiundzwanzig bis sechsundzwanzig grad .'}","(311, 311)","[307, 497]",44.44444444444444,8.333333333333332,39.60590171906697,0.0,33.974515584373094,0.0,26.89054715066592,0.0,47.7028347995446,8.94428152486229,83.16527009010315,59.671640396118164,0.5650871396064758,0.1118740513920784
im nordosten bleibt es meist trocken .,"{'im osten bleibt es noch trocken .', '29June_2011_Wednesday_tagesschau-4490'}","(312, 312)","[116, 323]",71.42857142857146,12.473426467088238,48.795003647426675,0.0,0.0,0.0,0.0,0.0,71.42857142852144,12.876455628386699,89.87925052642822,65.77351093292236,0.6913182139396667,0.21306273341178894
am samstag schneit es nur gebietsweise etwas .,"{'am samstag schneit es nur noch selten am wenigsten im süden und westen regnet es auch am ehesten .', '09February_2010_Tuesday_tagesschau-4504'}","(313, 313)","[318, 263]",31.57894736842106,6.666666666666667,26.490647141300876,0.0,23.135869343143963,0.0,19.835441454182888,0.0,34.59503459498418,6.8802091844508455,79.67618107795715,62.63121962547302,0.45051878690719604,0.33351394534111023
ab und zu kann sich die sonne zeigen .,"{'hier und da zeigt sich auch mal die sonne .', '18February_2010_Thursday_tagesschau-4531'}","(314, 314)","[486, 393]",49.99999999999999,10.73538990107551,23.570226039551585,0.0,0.0,0.0,0.0,0.0,52.34239444759824,12.126865671619305,83.80054235458374,65.48960208892822,0.778888463973999,0.24774348735809326
am samstag im norden sehr windig .,"{'am samstag ist es im norden windig .', '18February_2010_Thursday_tagesschau-4532'}","(315, 315)","[413, 41]",74.99999999999997,16.666666666666668,56.69467095138407,0.0,0.0,0.0,0.0,0.0,79.29824561397368,18.315018314949917,90.12503623962402,72.38277792930603,0.8137611746788025,0.35790789127349854
auch in der neuen woche ändert sich erstmal wenig .,"{'in der neuen woche ändert sich an diesem wetter erstmal wenig .', '18February_2010_Thursday_tagesschau-4533'}","(316, 316)","[210, 66]",74.99999999999997,16.374615061559634,69.08492797077568,0.0,62.02672829851782,0.0,53.107253497886994,0.0,80.49853372427577,17.888563049823315,92.23043918609619,67.94398427009583,0.6527861952781677,0.2664315104484558
im norden und nordosten deutschlands bleibt es morgen meist noch wolkenverhangen mit etwas regen .,"{'28October_2009_Wednesday_tagesschau-4535', 'im norden und nordosten deutschlands werden die wolken allerdings morgen wieder dichter und bringen etwas regen .'}","(317, 317)","[454, 287]",52.94117647058824,8.022421231999708,44.55663943395034,0.0,37.54895566916376,0.0,29.48993986902436,0.0,55.81563706557624,11.167077483660712,88.02801370620728,62.862324714660645,0.7382135391235352,0.16617289185523987
heute nacht gibt es im norden und nordosten viele wolken örtlich regnet oder nieselt es etwas .,"{'28October_2009_Wednesday_tagesschau-4537', 'heute nacht im norden und nordosten viele wolken die hier und da regen bringen .'}","(318, 318)","[43, 5]",52.51039914257684,21.052631578947366,44.37938725284146,0.0,37.57143393289785,0.0,32.821002882577524,0.0,55.81563706560056,22.086306489916407,82.26375579833984,70.65016627311707,0.5974161028862,0.36893266439437866
morgen gibt es zum teil dichte wolken oder nebel aber auch sonne vor allem im süden .,"{'morgen ist es meist stark bewölkt oder neblig trüb im norden zum teil auch im süden scheint die sonne .', '28October_2009_Wednesday_tagesschau-4539'}","(319, 319)","[260, 104]",49.99999999999999,10.987343836674063,22.941573387056177,0.0,0.0,0.0,0.0,0.0,42.68566560823845,13.040204788422677,79.21861410140991,65.58132767677307,0.6377311944961548,0.13414299488067627
im norden und nordosten bleibt es meist bedeckt mitunter fällt dort etwas regen .,"{'im nordosten ist es heute nacht meist stark bewölkt hier und da fällt regen .', '28October_2009_Wednesday_tagesschau-4540'}","(320, 320)","[414, 164]",53.33333333333335,16.666666666666668,19.51800145897067,0.0,0.0,0.0,0.0,0.0,48.16146429149448,18.518518518459263,83.5016131401062,67.7480399608612,0.725976288318634,0.18948324024677277
im süden werte nahe dem gefrierpunkt .,"{'28October_2009_Wednesday_tagesschau-4543', 'im übrigen land steigen die temperaturen an auf werte um den gefrierpunkt .'}","(321, 321)","[284, 377]",30.769230769230774,9.942659075715216,16.012815380508716,0.0,0.0,0.0,0.0,0.0,34.33070866135458,10.4684788894928,76.65132284164429,71.39187455177307,0.6395274996757507,0.19809797406196594
morgen temperaturen von acht grad im nordosten bis siebzehn im südwesten .,"{'morgen im norden nur acht grad im südwesten bis siebzehn grad .', '28October_2009_Wednesday_tagesschau-4544'}","(322, 322)","[566, 470]",74.99999999999997,11.409269311835377,52.223296786709355,0.0,30.10067189543959,0.0,0.0,0.0,58.333333333283335,14.912280701754,82.59773850440979,66.96507930755615,0.5558843016624451,0.226432666182518
am dienstag ist es meist freundlich im nordosten halten sich dichtere wolken mit etwas regen .,"{'04April_2010_Sunday_tagesschau-4574', 'am dienstag viel sonne im nordosten ist es ab und an wolkig vereinzelt regnet es etwas .'}","(323, 323)","[188, 371]",47.058823529411775,7.142857142857142,29.70442628930023,0.0,0.0,0.0,0.0,0.0,36.2970362969806,7.837837837786512,76.76874995231628,63.281893730163574,0.5995727777481079,0.26477569341659546
und nun die wettervorhersage für morgen dienstag den vierzehnten september .,"{'und nun die wettervorhersage für morgen dienstag den vierzehnten september .', '13September_2010_Monday_tagesschau-4592'}","(324, 324)","[519, 418]",100.00000000000004,11.111111111111109,100.00000000000004,0.0,100.00000000000004,0.0,100.00000000000004,0.0,99.99999999994999,11.11111111106111,100.0,73.65268468856812,0.9697005748748779,0.3841118812561035
und das wird auch am wochenende nicht passieren .,"{'22November_2011_Tuesday_heute-4646', 'am wochenende gibt es viel regen aber kaum noch vor allem noch in den mittelgebirgen und im norden .'}","(325, 325)","[144, 301]",21.052631578947366,13.333333333333334,10.814761408717501,0.0,0.0,0.0,0.0,0.0,17.47496046383382,14.857142857073798,73.78982901573181,71.04538679122925,0.3020073175430298,0.3567543029785156
guten abend liebe zuschauer .,"{'guten abend liebe zuschauer .', '07February_2011_Monday_heute-4658'}","(326, 326)","[353, 317]",100.00000000000004,17.647058823529417,100.00000000000004,0.0,100.00000000000004,0.0,100.00000000000004,0.0,99.99999999994999,18.605212355151536,99.99997019767761,70.25693655014038,0.9707947373390198,0.3785698413848877
die aussichten .,"{'28September_2009_Monday_tagesschau-4681', 'die aussichten .'}","(327, 327)","[9, 505]",100.00000000000004,11.309868932179763,100.00000000000004,0.0,100.00000000000004,0.0,0.0,0.0,99.99999999994999,12.883263009824592,100.00003576278687,63.37943077087402,0.9307384490966797,0.19001634418964386
am mittwoch in der nordhälfte regenschauer richtung süden ist es freundlicher .,"{'am mittwoch regnet es in der nordhälfte gebietsweise richtung süden ist es recht freundlich .', '28September_2009_Monday_tagesschau-4682'}","(328, 328)","[398, 151]",66.66666666666669,4.761904761904762,53.452248382484875,0.0,40.39893837970749,0.0,27.22589423069701,0.0,72.31040564367264,5.270655270586141,88.71026635169983,66.99352264404297,0.5795323848724365,0.4220028519630432
über deutschland etabliert sich ein kräftiges hoch das uns in den nächsten tagen reichlich sonnenschein beschert .,"{'deutschland liegt innerhalb einer ausgedehnten hochdruckzone die in den nächsten tagen für viel sonnenschein sorgt .', '19March_2011_Saturday_tagesschau-4686'}","(329, 329)","[261, 179]",41.09932149808956,47.368421052631575,27.788213144452467,32.4442842261525,21.801845912525042,18.36295166675276,16.542390175536816,0.0,42.34654234649868,40.96731448756328,77.21834778785706,83.26131701469421,0.6579484343528748,0.3947898745536804
und nun die wettervorhersage für morgen donnerstag den dritten märz .,"{'und nun die wettervorhersage für morgen donnerstag den zweiten märz .', '02March_2011_Wednesday_tagesschau-4702'}","(330, 330)","[104, 130]",90.90909090909088,15.352645362995794,85.28028654224414,0.0,78.56009758726493,0.0,74.19446627365011,0.0,90.9090909090409,14.20468087132994,99.73856806755066,66.92818999290466,0.7874379754066467,0.20780448615550995
am niederrhein heute nacht vierzehn im osten örtlich nur sechs grad .,"{'heute nacht vierzehn grad im breisgau an der ostsee bei auflandigem wind nur sieben grad .', '04October_2010_Monday_tagesschau-4722'}","(331, 331)","[31, 345]",43.74999999999999,9.090909090909093,29.580398915498076,0.0,18.420157493201934,0.0,0.0,0.0,48.07692307685468,10.167380303553701,78.26390862464905,64.5617425441742,0.39802324771881104,0.1879584789276123
im erzgebirge morgen dreizehn sonst fünfzehn bis zweiundzwanzig grad .,"{'04October_2010_Monday_tagesschau-4723', 'morgen dreizehn grad an der neiße sonst fünfzehn bis zwanzig grad .'}","(332, 332)","[101, 276]",58.333333333333336,9.090909090909093,46.056618647183825,0.0,27.68182380588133,0.0,0.0,0.0,62.609970674422385,9.805825242653109,83.80197286605835,66.52222275733948,0.37343400716781616,0.2533951997756958
in der nacht schneit es ab und zu leicht an den küsten sowie anfangs auch in tiefen lagen ist regen mit dabei .,"{'12December_2009_Saturday_tagesschau-4728', 'in der nacht schneit es stellenweise leicht an den küsten sowie in tieferen lagen ist auch regen mit dabei .'}","(333, 333)","[453, 331]",77.46371787825521,8.300915602566024,64.89196196822498,0.0,54.41079104042388,0.0,44.9374068576077,0.0,78.31110229579495,8.662961752165838,92.39842295646667,63.31327557563782,0.8039308786392212,0.083279550075531
am sonntag gibt es viele wolken gebietsweise regen oder schneeregen im bergland schnee .,"{'am sonntag viele wolken hier und da regen im bergland auch schnee .', '24February_2011_Thursday_tagesschau-4771'}","(334, 334)","[292, 76]",64.10499775216033,9.168339535331796,44.48173140550835,0.0,0.0,0.0,0.0,0.0,66.48451730414725,13.365503310521317,83.90691876411438,59.53039526939392,0.6932075619697571,0.24384361505508423
und nun die wettervorhersage für morgen sonntag den fünften dezember .,"{'04December_2010_Saturday_tagesschau-4834', 'und nun die wettervorhersage für morgen sonntag den fünften dezember .'}","(335, 335)","[318, 146]",100.00000000000004,13.333333333333334,100.00000000000004,0.0,100.00000000000004,0.0,100.00000000000004,0.0,99.99999999994999,14.704632384121577,100.0,65.75056910514832,1.0077310800552368,0.34623831510543823
heute nacht funkeln hier und da die sterne aber meist hält sich hochnebelartige bewölkung .,"{'21January_2011_Friday_tagesschau-4889', 'heute nacht zeigen sich gebietsweise die sterne hier und da bildet sich nebel .'}","(336, 336)","[605, 623]",59.85403583811575,24.999999999999996,41.40897895345154,0.0,23.695302342319177,0.0,0.0,0.0,48.16146429150816,24.999999999950003,78.5764992237091,70.15236020088196,0.462266206741333,0.21394026279449463
im norden und im westen sowie in schauernähe stürmische böen .,"{'in der nordwesthälfte bei schauern starke bis stürmische böen .', '21November_2009_Saturday_tagesschau-4907'}","(337, 337)","[585, 150]",36.19349672143838,4.999999999999999,26.977039670850655,0.0,20.190932736684847,0.0,0.0,0.0,37.923637923598086,5.510367739664311,80.16876578330994,64.84529376029968,0.6543309688568115,0.14418627321720123
am abend schwere sturmböen auf den bergen auch orkanartige böen .,"{'gegen abend sind bei schauern schwere sturmböen auf den bergen orkanartige böen möglich .', '21November_2009_Saturday_tagesschau-4908'}","(338, 338)","[391, 215]",64.28571428571428,20.76273781900565,49.72451580988469,0.0,39.53912415007294,0.0,32.55964126200301,0.0,70.01226993858324,23.33742331285986,90.01196026802063,67.24247932434082,0.6125553250312805,0.14841772615909576
an den temperaturen ändert sich wenig .,"{'28February_2011_Monday_tagesschau-4988', 'am temperaturniveau ändert sich wenig .'}","(339, 339)","[593, 588]",56.43211499270762,27.272727272727277,53.53620496724769,16.514456476895415,49.50255157306358,0.0,43.01250851313264,0.0,60.822898032167124,27.272727272677272,92.5316333770752,68.04101467132568,0.7727667093276978,0.19904100894927979
richtung norden und westen ist es recht freundlich .,"{'01June_2010_Tuesday_tagesschau-5008', 'im nordwesten ist es freundlicher .'}","(340, 340)","[557, 290]",30.326532985631665,5.367694950537756,19.180183554164497,0.0,0.0,0.0,0.0,0.0,37.1428571428493,6.063432835798406,81.56256079673767,65.56940078735352,0.7864080667495728,0.17519474029541016
der wind weht meist mäßig im osten und an der see frischer wind mit starken böen in den hochlagen der osthälfte sturmböen .,"{'01June_2010_Tuesday_tagesschau-5009', 'der wind aus west bis südwest weht mäßig bis frisch mit starken bis stürmischen böen an der ostsee und in den gipfellagen der mittelgebirge sind sturmböen möglich .'}","(341, 341)","[558, 559]",53.57142857142858,37.5,28.171808490950557,0.0,0.0,0.0,0.0,0.0,46.179548052339676,26.43274853795029,81.2684416770935,73.30407500267029,0.5978030562400818,0.43114662170410156
die werden heute aber erstmal seltener und ziehen sich richtung küste zurück .,"{'heute nacht werden die niederschläge schwächer und ziehen noch etwa bis zu den küsten .', '29August_2009_Saturday_tagesschau-5018'}","(342, 342)","[177, 310]",40.0,12.638980516343251,16.90308509457033,0.0,0.0,0.0,0.0,0.0,28.284278535472772,14.704632384173957,71.69939279556274,67.37732291221619,0.3158189058303833,0.13492800295352936
in der südhälfte ist es teils wolkig teils klar .,"{'29August_2009_Saturday_tagesschau-5019', 'im süden ist es mal wolkig mal klar .'}","(343, 343)","[545, 130]",49.71329537857609,2.951283839669966,33.34869235560668,0.0,0.0,0.0,0.0,0.0,52.34239444761888,6.953280637501441,82.44103789329529,62.35363483428955,0.8252914547920227,0.24455833435058594
in den frühstunden kann sich vereinzelt nebel bilden .,"{'morgen früh bildet sich stellenweise nebel .', '29August_2009_Saturday_tagesschau-5020'}","(344, 344)","[472, 602]",32.20616970322653,12.500000000000002,0.0,0.0,0.0,0.0,0.0,0.0,36.380597014902875,9.319169483275434,81.59696459770203,67.25285649299622,0.7350789308547974,0.37690335512161255
morgen überwiegen in der nordosthälfte die wolken und es fallen einzelne schauer .,"{'morgen überwiegen in der nordosthälfte die wolken hier und da fallen schauer .', '01September_2010_Wednesday_tagesschau-5039'}","(345, 345)","[103, 494]",84.61538461538463,14.816364413634355,70.25594235292441,0.0,60.76420431256693,0.0,54.733202423907116,0.0,84.6153846153346,16.828276509206084,91.31506085395813,76.58535838127136,0.6841395497322083,0.18537549674510956
heute nacht gibt es im süden anfangs noch vereinzelte schauer oder gewitter sonst ist es meist klar oder nur locker bewölkt .,"{'16July_2009_Thursday_tagesschau-5052', 'in der nacht sind im süden anfangs noch einzelne schauer und gewitter unterwegs sonst teils klar teils locker bewölkt .'}","(346, 346)","[386, 344]",54.29024508215756,12.500000000000002,35.95459314215452,0.0,26.913861898159507,0.0,17.947849631006275,0.0,56.88545688541703,13.968911917033862,85.47990918159485,68.22363138198853,0.6341699361801147,0.32453352212905884
in der osthälfte morgen mal sonne mal dichtere wolken später auch örtliche schauer oder gewitter .,"{'21May_2010_Friday_tagesschau-5092', 'morgen im norden und osten mal sonne mal wolken im wechsel einzelne schauer oder gewitter .'}","(347, 347)","[108, 548]",56.24999999999999,14.285714285714283,43.30127018922193,8.451542547285165,34.250335529722065,0.0,23.578316044531807,0.0,56.24999999994999,14.925558312596124,81.72007203102112,65.91471433639526,0.5272750854492188,0.2263215184211731
abgesehen von schauer und gewitterböen weht der wind schwach bis mäßig aus nordwest bis nord .,"{'21May_2010_Friday_tagesschau-5094', 'dazu weht ein schwacher bis mäßiger wind aus unterschiedlichen richtungen .'}","(348, 348)","[55, 11]",28.851655406376448,14.285714285714283,0.0,8.451542547285165,0.0,0.0,0.0,0.0,27.786990971060142,15.306122448940563,74.45019483566284,69.21188831329346,0.3692580461502075,0.22949674725532532
morgen temperaturen von fünfzehn grad an der nordsee bis vierundzwanzig am rhein .,"{'21May_2010_Friday_tagesschau-5096', 'am tag fünfzehn grad an der nordsee vierundzwanzig grad am niederrhein .'}","(349, 349)","[603, 490]",61.33629430862157,18.6125445008873,45.29985550557232,9.657575124824932,38.40383193608607,0.0,32.80424072511114,0.0,63.796178343907506,22.189128816071367,80.51828742027283,68.34636330604553,0.4937838912010193,0.3839001953601837
am sonntag ändert sich noch wenig an diesem wetter .,"{'am sonntag ändert sich an diesem wetter wenig .', '21May_2010_Friday_tagesschau-5097'}","(350, 350)","[77, 76]",89.483931681437,9.168339535331796,70.74325952506045,0.0,57.68277363001753,0.0,41.13230552118989,0.0,83.74783111621343,8.91033554034962,95.91678380966187,61.464089155197144,0.8211960196495056,0.28826242685317993
und nun die wettervorhersage für morgen samstag den achtzehnten juli .,"{'und nun die wettervorhersage für morgen samstag den achtzehnten märz .', '17July_2009_Friday_tagesschau-5101'}","(351, 351)","[161, 448]",90.90909090909088,17.182231969774303,85.28028654224414,0.0,82.70230439802374,0.0,80.70557274927978,0.0,90.9090909090409,20.075963103619753,93.909353017807,75.08357763290405,0.789628803730011,0.1653190404176712
in der dahinter einfließenden kaltluft gestaltet sich das wetter morgen wechselhaft .,"{'17July_2009_Friday_tagesschau-5104', 'dabei gelangt von nordwesten kältere luft nach deutschland und damit setzt sich das wechselhafte wetter fort .'}","(352, 352)","[529, 406]",23.529411764705884,13.986904558770089,12.126781251816647,0.0,0.0,0.0,0.0,0.0,26.08040957680175,18.63833896668398,75.8796215057373,69.34348940849304,0.4784344434738159,0.30872759222984314
in der osthälfte und im süden gibt es heute nacht kräftige regenfälle und zum teil heftige gewitter .,"{'im osten und süden entwickeln sich heute nacht teilweise kräftige schauer und zum teil heftige gewitter .', '17July_2009_Friday_tagesschau-5105'}","(353, 353)","[548, 358]",66.55575133093234,4.999999999999999,48.51042304199408,0.0,38.967036111865006,0.0,33.06622767324895,0.0,62.75476966026309,5.494505494437097,85.83297729492188,67.04325675964355,0.6648948788642883,0.2320692092180252
der deutsche wetterdienst hat entsprechende unwetterwarnungen herausgegeben .,"{'17July_2009_Friday_tagesschau-5106', 'es bestehen entsprechende unwetterwarnungen des deutschen wetterdienstes .'}","(354, 354)","[404, 434]",37.5,22.619737864359525,23.145502494313785,11.771684807268475,0.0,0.0,0.0,0.0,37.499999999950006,25.766526019669882,88.49866986274719,69.709712266922,0.7401961088180542,0.282972514629364
milde luft kommt aus dem südwesten .,"{'vor allem in der südwesthälfte schwacher bis mäßiger wind aus west bis südwest .', '05April_2011_Tuesday_heute-5120'}","(355, 355)","[157, 193]",14.285714285714283,10.393258407362712,0.0,0.0,0.0,0.0,0.0,0.0,15.873015872956614,12.872960113827137,75.32429099082947,66.70234203338623,0.431135356426239,0.13936874270439148
und nun die wettervorhersage für morgen montag den achtundzwanzigsten november .,"{'27November_2011_Sunday_tagesschau-5138', 'und nun die wettervorhersage für morgen montag den achtundzwanzigsten november .'}","(356, 356)","[317, 319]",100.00000000000004,23.529411764705884,100.00000000000004,0.0,100.00000000000004,0.0,100.00000000000004,0.0,99.99999999994999,11.764705882302941,100.0,70.07055282592773,0.9873592257499695,0.38903141021728516
morgen bei dauernebel im süden nur zwei am niederrhein bis elf grad .,"{'27November_2011_Sunday_tagesschau-5149', 'morgen im süden bei dauernebel teilweise nur zwei am niederrhein bis elf grad .'}","(357, 357)","[180, 160]",92.85714285714283,21.42857142857143,80.1783725737273,0.0,68.50067105944413,0.0,61.82518852201092,0.0,81.25885448284133,23.92744025331468,96.31687998771667,62.23747730255127,0.7140939235687256,0.2274225652217865
sonntag und montag ändert sich an diesem ungemütlichen und recht kühlen wetter noch wenig .,"{'am sonntag und montag bleibt es bei diesem kühlen wechselhaften wetter erstmal noch .', '27August_2010_Friday_tagesschau-5164'}","(358, 358)","[534, 301]",53.20358741165847,21.42857142857143,27.605985968967698,0.0,18.08290004857339,0.0,0.0,0.0,55.04167347601542,23.717948717879587,83.01677107810974,71.33288979530334,0.42434030771255493,0.5493882298469543
heute nacht sieben bis vierzehn grad am tag zweiundzwanzig grad im süden und vierzehn grad in oberfranken .,"{'14September_2010_Tuesday_tagesschau-5220', 'heute nacht sieben bis vierzehn grad am tag zweiundzwanzig grad im süden und zweiundzwanzig grad in odernähe .'}","(359, 359)","[578, 201]",88.8888888888889,6.666666666666667,82.44625898677901,0.0,77.60175390150452,0.0,74.71036152631682,0.0,88.88888888883888,7.352316192026377,92.03914999961853,64.66816663742065,0.48365628719329834,0.2926074266433716
am samstag ist es in der südhälfte freundlich in der nordhälfte einzelne schauer .,"{'am samstag ist es im süden recht freundlich im norden einzelne schauer .', '14September_2010_Tuesday_tagesschau-5223'}","(360, 360)","[472, 228]",56.98222022414254,12.500000000000002,46.88786183641643,0.0,38.14878579050505,0.0,26.776802959776298,0.0,59.09734871479285,13.797426591829042,84.43634510040283,64.03804421424866,0.7048166394233704,0.2477072924375534
in den kommenden tagen bestimmt das tief über osteuropa unser wetter die kühle luft bleibt uns zunächst erhalten .,"{'in den nächsten tagen wird es bei uns mitunter kräftig regnen und kühl bleiben .', '16May_2010_Sunday_tagesschau-5226'}","(361, 361)","[256, 417]",25.530944612154958,5.904581909262684,11.818530844056395,0.0,0.0,0.0,0.0,0.0,28.63005667380823,7.985257985260283,72.69907593727112,67.33400225639343,0.5385356545448303,0.2860247492790222
am tag von schleswig holstein bis nach vorpommern und zunächst auch in brandenburg gebietsweise länger andauernder regen .,"{'08September_2010_Wednesday_tagesschau-5240', 'in schleswig holstein im vorpommern und in vorpommern sowie in brandenburg wird es morgen anfangs auch noch kräftig regnen .'}","(362, 362)","[215, 593]",40.0,8.333333333333332,25.131234497501726,0.0,0.0,0.0,0.0,0.0,36.639676113300965,8.333333333283333,79.66414093971252,68.0071473121643,0.49487125873565674,0.21600207686424255
am samstag regnet es noch etwas in küstennähe sonst meist freundlich und trocken .,"{'am samstag an den küsten noch etwas regen sonst meist freundlich und trocken .', '08September_2010_Wednesday_tagesschau-5246'}","(363, 363)","[382, 223]",71.42857142857146,13.333333333333334,62.01736729460425,0.0,50.423749017455606,0.0,43.24227075463216,0.0,71.42857142852144,13.760418368958119,87.9434883594513,61.37929558753967,0.7392573952674866,0.16409112513065338
und selbst auch im küstenbereich geht es auch nahe an die dreißig grad heran .,"{'an der küste bis dreißig grad .', '20July_2010_Tuesday_heute-5254'}","(364, 364)","[207, 336]",18.223231847084033,4.166666666666667,9.84167002399331,0.0,0.0,0.0,0.0,0.0,29.47821409360765,4.657247514322392,71.19970917701721,65.35206437110901,0.3834236264228821,0.20300646126270294
morgen wieder schwacher im norden mäßiger wind aus süd bis südwest an der nordsee starke böen .,"{'morgen weht der wind im südwesten schwach bis mäßig an der nordsee auch frisch .', '06September_2009_Sunday_tagesschau-5308'}","(365, 365)","[193, 191]",46.67591034895722,14.814814814814817,24.157078637075053,0.0,15.779013495597514,0.0,0.0,0.0,43.41216216212566,8.089844865279169,80.18936514854431,67.0814037322998,0.4813101291656494,0.1690617799758911
heute nacht werte zwischen vierzehn grad an der see und vier grad an den alpen .,"{'06September_2009_Sunday_tagesschau-5309', 'heute nacht vierzehn grad auf sylt bis vier grad an den alpen .'}","(366, 366)","[623, 458]",61.07097367830395,7.579571982501643,53.18203081300615,0.0,43.38355257099152,0.0,37.34381622366603,0.0,67.53535674556309,8.219954648494307,85.3747546672821,69.75452303886414,0.5350431203842163,0.17026333510875702
ja und so bleibt es dann auch erstmal am mittwoch .,"{'23August_2010_Monday_heute-5328', 'auch am mittwoch ändert sich noch wenig an diesem wetter .'}","(367, 367)","[190, 282]",36.36363636363637,18.75,19.069251784911845,0.0,0.0,0.0,0.0,0.0,36.363636363586366,18.749999999950003,78.45621705055237,61.677294969558716,0.5426555871963501,0.07593196630477905
aber am donnerstag kommt die hitze in den süden zurück dafür haben wir kühles schauerwetter im norden .,"{'aber dann am donnerstag kommt die hitze wieder zurück und im süden fängt es dann im norden an zu regnen .', '23August_2010_Monday_heute-5329'}","(368, 368)","[496, 609]",52.38095238095239,15.806680330494807,36.187343222787284,0.0,27.446924285949066,0.0,21.89321973004432,0.0,50.68574836010421,19.69891095451084,80.59149384498596,63.30482363700867,0.4419785141944885,0.1406402587890625
und nun die wettervorhersage für morgen freitag den neunten oktober .,"{'und nun die wettervorhersage für morgen freitag den neunten oktober .', '08October_2009_Thursday_tagesschau-5345'}","(369, 369)","[286, 597]",100.00000000000004,10.000000000000002,100.00000000000004,0.0,100.00000000000004,0.0,100.00000000000004,0.0,99.99999999994999,10.468478889472152,100.0,63.70586156845093,0.9764137268066406,0.1341046690940857
an der ostsee heute nacht stürmische böen aus west .,"{'an der ostsee heute nacht starke bis stürmische böen .', '08October_2009_Thursday_tagesschau-5352'}","(370, 370)","[474, 578]",79.99999999999997,13.043478260869563,66.66666666666661,0.0,55.03212081491043,0.0,46.713797772819994,0.0,79.99999999995,9.47830435017449,88.25002312660217,66.51135683059692,0.5802799463272095,0.23454979062080383
morgen schwacher bis mäßiger ostwind .,"{'08October_2009_Thursday_tagesschau-5353', 'morgen schwacher bis mäßiger an der see auch frischer wind aus südwest bis west .'}","(371, 371)","[573, 426]",33.333333333333336,15.766261764490382,26.726124191242448,0.0,22.232392577061862,0.0,17.395797375642243,0.0,36.340852130278044,23.809523809531218,81.52868151664734,74.3602454662323,0.39020639657974243,0.34171372652053833
am samstag überquert uns ein regengebiet von west nach ost .,"{'am samstag verlagern sich die regenwolken in die osthälfte .', '08October_2009_Thursday_tagesschau-5357'}","(372, 372)","[624, 188]",27.145122541078788,15.806680330494807,16.5199954911009,0.0,0.0,0.0,0.0,0.0,28.442728442688605,13.132607303005392,70.53816318511963,65.03317952156067,0.6476399302482605,0.1652475744485855
im osten aber erst noch freundliche abschnitte .,"{'im osten bleibt es noch ein bisschen trüb .', '08October_2009_Thursday_tagesschau-5358'}","(373, 373)","[32, 64]",44.44444444444444,17.647058823529417,23.570226039551585,0.0,0.0,0.0,0.0,0.0,46.73650282024591,12.668146793718451,76.37194991111755,68.70570182800293,0.4404863715171814,0.3745538592338562
auch im westen gibt es später wolkenlücken .,"{'richtung westen zeigt sich neben dichten wolken auch mal die sonne .', '08October_2009_Thursday_tagesschau-5359'}","(374, 374)","[358, 157]",24.999999999999996,4.99766098125093,0.0,0.0,0.0,0.0,0.0,0.0,18.571428571359508,5.800270748707445,73.93369674682617,63.22300434112549,0.4529263973236084,0.19903430342674255
in den mittelgebirgen heute nacht örtlich vier im nordwesten unter wolken bis zwölf grad .,"{'01October_2012_Monday_tagesschau-5370', 'in den mittelgebirgen heute nacht vier im nordwesten milde zwölf grad .'}","(375, 375)","[432, 429]",71.39007178154544,15.15914396500328,63.58881766016377,0.0,53.99903034156616,0.0,40.629636551135235,0.0,79.54144620808734,16.439909297020385,88.32207322120667,69.02182698249817,0.5495268106460571,0.1271701455116272
richtung osten ist es meist sonnig .,"{'08July_2010_Thursday_tagesschau-5388', 'in der osthälfte bleibt es meist sonnig .'}","(376, 376)","[555, 318]",49.99999999999999,16.48101575501109,46.29100498862758,9.938426440601404,41.49132666831217,0.0,34.57207846419409,0.0,52.86549707596199,19.560307182640415,79.9142837524414,70.05522847175598,0.7888973951339722,0.34168702363967896
auch am montag neben sonne zum teil schwere gewitter .,"{'auch in der neuen woche scheint verbreitet die sonne hier und da aber auch wieder unwetterartige gewitter sind mit dabei .', '08July_2010_Thursday_tagesschau-5389'}","(377, 377)","[82, 391]",19.04761904761905,8.897082254631197,0.0,0.0,0.0,0.0,0.0,0.0,21.08956242075989,9.805825242690437,73.24079275131226,64.58010077476501,0.4578179121017456,0.17037427425384521
sonst war es vielleicht nur mal sprühregen der aber gar nicht zu buche geschlagen ist .,"{'sonst ist das ganze auch nur kurz bewölkt oder eben auch neblig aber besserung in sicht .', '21November_2011_Monday_heute-5428'}","(378, 378)","[535, 170]",29.411764705882355,9.090909090909093,0.0,0.0,0.0,0.0,0.0,0.0,24.198024197968493,9.09090909085909,74.93799924850464,70.74666023254395,0.3881281912326813,0.2997417449951172
ihnen noch einen schönen abend .,"{'21November_2011_Monday_heute-5437', 'und jetzt wünsche ich ihnen noch einen schönen abend .'}","(379, 379)","[197, 510]",59.999999999999986,3.3059777644317307,57.73502691896257,0.0,55.03212081491043,0.0,51.697315395717055,0.0,67.10526315782786,7.703032415486078,88.73284459114075,64.84714150428772,0.733393132686615,0.10668428987264633
auch morgen in der mitte und im süden gebietsweise stärkere bewölkung .,"{'morgen ist es in der mitte und im süden meist stark bewölkt .', '05March_2011_Saturday_tagesschau-5442'}","(380, 380)","[46, 64]",61.538461538461554,6.920912606335218,50.63696835418334,0.0,45.345503973956546,0.0,40.89601472043678,0.0,63.796178343891675,7.779141104270902,85.40638089179993,66.61791205406189,0.77065110206604,0.25979602336883545
in den östlichen berglagen sowie am alpenrand ist ein wenig schnee möglich .,"{'in der osthälfte sowie an den alpen kann es hier und da etwas schneien .', '05March_2011_Saturday_tagesschau-5443'}","(381, 381)","[34, 287]",26.66666666666667,6.546107295780163,0.0,0.0,0.0,0.0,0.0,0.0,21.213208901589066,11.020735479445866,78.68650555610657,72.03344702720642,0.7368295192718506,0.33580082654953003
morgen reichen die temperaturen von einem grad im vogtland bis neun grad am oberrhein .,"{'05March_2011_Saturday_tagesschau-5447', 'morgen reichen die temperaturen von einem grad im vogtland bis neun grad am oberrhein .'}","(382, 382)","[571, 377]",100.00000000000004,16.666666666666668,100.00000000000004,0.0,100.00000000000004,0.0,100.00000000000004,0.0,99.99999999994999,12.412177985884394,100.0,68.36598515510559,0.9552331566810608,0.25481629371643066
in der südosthälfte deutschlands bleibt es unter leichtem hochdruckeinfluss noch am längsten freundlich aber auch dort kann es später kräftig krachen .,"{'in der südosthälfte deutschlands sorgt das hoch über südosteuropa für längere zeit für freundliches wetter bevor sich später auch dort örtlich heftige gewitter bilden können .', '08June_2010_Tuesday_tagesschau-5521'}","(383, 383)","[117, 586]",30.769230769230774,19.885318151430436,22.18800784900916,0.0,16.008542446897895,0.0,11.556647985416689,0.0,28.769841269777736,20.936957779024322,77.84453630447388,66.67276620864868,0.5352842211723328,0.3004913330078125
in der nordwesthälfte morgen mal sonne mal wolken und immer wieder zum teil kräftige am nachmittag auch gewittrige schauer .,"{'im norden und nordwesten morgen mal sonne mal wolken mit dazu teilweise kräftigen schauern am nachmittag einzelne gewitter .', '08June_2010_Tuesday_tagesschau-5524'}","(384, 384)","[143, 536]",44.939817474462814,9.090909090909093,34.41403527655731,0.0,27.066284514585444,0.0,22.020875635137585,0.0,40.971801601678195,10.027472527418132,85.8454704284668,67.7250862121582,0.542987585067749,0.32758304476737976
donnerstag und freitag ändert sich wenig an diesem wetter .,"{'08June_2010_Tuesday_tagesschau-5529', 'donnerstag und freitag ändert sich noch wenig an diesem wetter .'}","(385, 385)","[496, 304]",90.90909090909088,18.18181818181818,85.28028654224414,0.0,78.56009758726493,0.0,70.16879391277372,0.0,94.80909480903622,20.310633213790656,98.64931106567383,63.968223333358765,0.8711255788803101,0.10859712958335876
die schwüle hitze in dem noch etwas zu und die gewitter können lokal unwetterartig sein .,"{'feuchte warme und sehr heiße luft kann zu heftigen gewittern führen teilweise auch schwere sturmböen .', '08June_2010_Tuesday_tagesschau-5530'}","(386, 386)","[379, 155]",18.75,9.048374180359597,0.0,0.0,0.0,0.0,0.0,0.0,12.499999999949999,9.480909480869641,68.83737444877625,68.7151551246643,0.3591008186340332,0.21131640672683716
und das mit tief ophelia das die kaltluft mit kräftigen schauern richtung mitteleuropa treibt .,"{'die ausläufer eines tiefs bei island überqueren in der nacht und morgen gebietsweise die mitte europas .', '06October_2011_Thursday_heute-5534'}","(387, 387)","[625, 314]",17.647058823529417,27.272727272727277,0.0,0.0,0.0,0.0,0.0,0.0,18.605212355151536,29.417475728090004,66.07598066329956,67.80115365982056,0.19029462337493896,0.14841249585151672
in den alpen wird es dann sogar schneien .,"{'an den alpen regnet es schon kräftig .', '06October_2011_Thursday_heute-5535'}","(388, 388)","[436, 592]",44.12484512922977,6.666666666666667,23.585721816862673,0.0,0.0,0.0,0.0,0.0,46.736502820268875,7.352316192026377,84.02135372161865,68.72873306274414,0.5415995121002197,0.2844944894313812
auch noch verhältnismäßig kühl aber dann sieht es schon nach ein paar sonnigeren und auch deutlich wärmeren tagen aus .,"{'und es wird auch ziemlich kühl aber dann kann sich zumindest in den nächsten tagen langsam die sonne wieder etwas häufiger zeigen und auch wieder wärmer werden .', '17May_2010_Monday_heute-5576'}","(389, 389)","[518, 543]",32.14285714285715,17.182231969774303,18.898223650461368,0.0,11.116196288530931,0.0,0.0,0.0,27.670940170871045,20.075963103619753,78.74478697776794,72.31088876724243,0.6089668273925781,0.25353461503982544
jetzt wünsche ich ihnen noch einen schönen abend .,"{'und jetzt wünsche ich ihnen noch einen schönen abend .', '17May_2010_Monday_heute-5577'}","(390, 390)","[344, 274]",90.0,9.30627225044365,89.44271909999159,0.0,88.79040017426006,0.0,88.01117367933934,0.0,94.21631000572432,11.094564408029663,98.52739572525024,71.40879034996033,0.912156879901886,0.1585139036178589
und nun die wettervorhersage für morgen donnerstag den neunzehnten november .,"{'und nun die wettervorhersage für morgen donnerstag den neunzehnten november .', '18November_2009_Wednesday_tagesschau-5578'}","(391, 391)","[562, 375]",100.00000000000004,4.555807961771006,100.00000000000004,0.0,100.00000000000004,0.0,100.00000000000004,0.0,99.99999999994999,7.36955352340862,100.0,64.49294686317444,0.9614306688308716,0.11880233883857727
mit föhnunterstützung klettern die temperaturen am alpenrand bis zehn grad .,"{'07December_2010_Tuesday_heute-5633', 'ein kleines schneefallgebiet vor allen dingen an den alpen da sinken die temperaturen auf zehn grad .'}","(392, 392)","[320, 436]",29.411764705882355,23.337955174478605,23.483410915693106,0.0,15.433947974965204,0.0,0.0,0.0,32.831518257458555,18.60521235517586,76.66597366333008,71.4597761631012,0.2619371712207794,0.34514912962913513
die wassermassen die da zusammenkommen können überschwemmungen verursachen .,"{'viel wird sich nicht entladen denn die überschwemmungen sind schon in vollem gange .', '06January_2011_Thursday_tagesschau-5641'}","(393, 393)","[495, 573]",21.42857142857143,11.76470588235294,0.0,0.0,0.0,0.0,0.0,0.0,23.92744025331468,12.673035679428043,74.32339191436768,66.23430252075195,0.2656569182872772,0.23509369790554047
am tag ist es im südosten meist stark bewölkt vor allem an den alpen muss mit regen gerechnet werden .,"{'15May_2010_Saturday_tagesschau-5656', 'am tag halten sich in der südosthälfte noch viele wolken die besonders am alpenrand gebietsweise regen bringen .'}","(394, 394)","[181, 636]",19.885318151430436,11.111111111111109,10.230911784236909,0.0,0.0,0.0,0.0,0.0,20.936957779024322,11.11111111106111,75.79210996627808,68.88576149940491,0.6387954354286194,0.20408174395561218
heute nacht acht bis zwei grad wo es für längere zeit aufklart ist bodenfrost möglich .,"{'heute nacht acht bis zweiundzwanzig grad bei aufklaren ist leichter bodenfrost möglich .', '15May_2010_Saturday_tagesschau-5659'}","(395, 395)","[174, 337]",54.96387631047353,19.999999999999996,42.64048680752654,0.0,34.0186460665952,0.0,23.644618856835695,0.0,60.78182107100406,14.704632384121577,84.55082774162292,67.77229905128479,0.6345418691635132,0.24943813681602478
wo es heute nacht aufklart ist leichter frost möglich sonst null bis vier grad .,"{'heute nacht gibt es unter klarem himmel noch hier und da leichten frost sonst werte zwischen null und vier grad .', '21November_2010_Sunday_tagesschau-5672'}","(396, 396)","[211, 146]",42.85714285714285,18.096748360719186,25.3546276418555,0.0,15.012520873927176,0.0,0.0,0.0,42.165242165173034,18.96181896177912,79.05997037887573,70.02692222595215,0.6215532422065735,0.2073921412229538
mittwoch und donnerstag wechselhaft hier und da fällt etwas regen oder schnee der zunehmend auch in den niederungen möglich ist .,"{'21November_2010_Sunday_tagesschau-5676', 'am mittwoch und am donnerstag wechselhaftes wetter mit etwas regen schnee oder schneeregen im höheren bergland schneit es auch weiter .'}","(397, 397)","[69, 261]",42.85714285714285,13.479868923516648,20.701966780270627,0.0,0.0,0.0,0.0,0.0,38.095238095188094,18.618266978926354,79.46919798851013,65.30651450157166,0.5600513219833374,0.1488156020641327
zwischen dem tief bei schottland und dem hoch über südeuropa strömt morgen milde luft zu uns nach deutschland .,"{'zwischen dem hoch das sich über der nordsee bildet und dem hoch über südeuropa strömt morgen mildere luft zu uns .', '24November_2009_Tuesday_tagesschau-5678'}","(398, 398)","[529, 228]",61.90476190476193,8.067401742967988,52.77986629117477,0.0,44.47453406589284,0.0,37.39214909689668,0.0,64.67741935477976,10.155316606925242,88.62776160240173,65.28884172439575,0.5500081181526184,0.2417098432779312
mancherorts werden damit die höchsten temperaturen der woche erwartet .,"{'und da wird es auch tagsüber wieder am wärmsten werden .', '24November_2009_Tuesday_tagesschau-5679'}","(399, 399)","[371, 575]",18.18181818181818,6.666666666666667,0.0,0.0,0.0,0.0,0.0,0.0,18.961818961760375,7.071069633821655,69.09459233283997,66.89306497573853,0.4816330075263977,0.20621159672737122
danach wird es nur etwas kühler .,"{'24November_2009_Tuesday_tagesschau-5680', 'dabei kühlt es weiter ab .'}","(400, 400)","[617, 637]",28.216057496353802,11.942188509563156,0.0,0.0,0.0,0.0,0.0,0.0,30.41144901606695,13.736263736245045,79.57156300544739,71.78357243537903,0.6170858144760132,0.3608742356300354
mit stürmischen böen muss heute nacht vor allem im norden am tag im nordwesten gerechnet werden .,"{'heute nacht besonders im norden am nachmittag in der nordwesthälfte stürmische böen .', '24November_2009_Tuesday_tagesschau-5684'}","(401, 401)","[223, 452]",39.58454126262917,12.500000000000002,26.972318343234708,0.0,16.940969700972012,0.0,0.0,0.0,38.64978902951517,13.741833746286867,79.66795563697815,68.12989115715027,0.4508914351463318,0.2217065989971161
an der nordsee schwere sturmböen .,"{'an der nordsee schwacher bis mäßiger wind .', '24November_2009_Tuesday_tagesschau-5685'}","(402, 402)","[552, 185]",49.99999999999999,13.986904558770089,37.79644730092272,0.0,28.768479133239396,0.0,0.0,0.0,54.94505494498655,18.63833896668398,78.68114113807678,68.04988980293274,0.6425033807754517,0.2194046676158905
auf den bergen sind orkanartige böen möglich .,"{'auf den bergen zum teil orkanartige böen .', '24November_2009_Tuesday_tagesschau-5686'}","(403, 403)","[74, 76]",74.99999999999997,5.092122924029977,56.69467095138407,0.0,37.697372056457695,0.0,0.0,0.0,74.99999999994999,8.799245104987365,84.98256802558899,61.50079369544983,0.5448131561279297,0.21724411845207214
heute nacht elf grad im norden und ein grad an den alpen .,"{'24November_2009_Tuesday_tagesschau-5688', 'heute nacht elf grad im norden und ein grad an den alpen .'}","(404, 404)","[526, 128]",100.00000000000004,11.111111111111109,100.00000000000004,0.0,100.00000000000004,0.0,100.00000000000004,0.0,99.99999999994999,12.280483248156159,100.0,68.2195246219635,0.9241021871566772,0.2721130847930908
am tag zehn grad in der mitte in höheren lagen sechzehn grad im süden .,"{'am tag zehn grad in der mitte und sechzehn grad im süden .', '24November_2009_Tuesday_tagesschau-5689'}","(405, 405)","[352, 59]",79.14497715327147,10.458938416503242,75.19929830849405,0.0,70.64858167894134,0.0,65.26220818377338,0.0,84.85283560656998,11.043153244950044,91.77322387695312,65.90535640716553,0.6981884837150574,0.1906895637512207
am donnerstag vor allem in der nordwesthälfte hier und da sturmböen .,"{'24November_2009_Tuesday_tagesschau-5690', 'am donnerstag regnet es vor allem in der nordwesthälfte dabei ist es sehr windig .'}","(406, 406)","[263, 61]",53.33333333333335,6.69076785648738,43.64357804719847,0.0,35.29172336459797,0.0,29.256127307315065,0.0,57.84832451492483,8.60095976374849,82.58587718009949,66.20326638221741,0.6371109485626221,0.263774037361145
an der nordsee auch gewitter .,"{'24November_2009_Tuesday_tagesschau-5691', 'örtlich sind auch gewitter dabei .'}","(407, 407)","[519, 100]",49.99999999999999,11.409269311835377,31.62277660168379,0.0,0.0,0.0,0.0,0.0,49.99999999995,14.912280701754,79.15255427360535,63.23897838592529,0.33431804180145264,0.27848002314567566
im süden und osten freundliche abschnitte .,"{'24November_2009_Tuesday_tagesschau-5692', 'auch in der südosthälfte zeigt sich gebietsweise die sonne .'}","(408, 408)","[295, 299]",10.000000000000002,16.666666666666668,0.0,0.0,0.0,0.0,0.0,0.0,11.094564407972461,18.638338966616814,60.73486804962158,76.60852670669556,0.3585619330406189,0.4507467746734619
in der westhälfte geht der regen in schauer über in den bergen schneeschauer .,"{'im westen regnet es zum teil kräftig im bergland sind auch schneeschauer dabei .', '30March_2010_Tuesday_tagesschau-5699'}","(409, 409)","[70, 201]",14.285714285714283,13.333333333333334,0.0,0.0,0.0,0.0,0.0,0.0,14.285714285664286,14.704632384121577,74.88999366760254,64.2727792263031,0.5330203771591187,0.26456212997436523
heute nacht gibt es im norden dichte wolken besonders nördlich einer linie emsland uckermark schauert es .,"{'29August_2011_Monday_tagesschau-5710', 'heute nacht ist es im norden stark bewölkt vor allem in küstennähe gibt es einzelne schauer .'}","(410, 410)","[452, 211]",47.058823529411775,10.73538990107551,34.29971702850177,0.0,19.86841724317928,0.0,0.0,0.0,41.176470588185296,12.126865671619305,76.90837979316711,67.92219877243042,0.45232003927230835,0.13496673107147217
im westen und nordwesten weitgehend trocken hier und da wolkenlücken örtlich bildet sich nebel .,"{'30November_2009_Monday_tagesschau-5750', 'im westen bleibt es am längsten trocken und neben ein paar wolkenfeldern auch klar örtlich bildet sich nebel .'}","(411, 411)","[101, 500]",47.368421052631575,16.601831205132044,36.27381250550059,0.0,28.5289801620969,0.0,23.210911117419965,0.0,51.534102012831305,17.325923504372444,82.41354823112488,68.42313408851624,0.6066123247146606,0.276833713054657
morgen in der südosthälfte weitere zum teil kräftige niederschläge bis in mittlere lagen schnee .,"{'30November_2009_Monday_tagesschau-5751', 'am tag regnet es in der südosthälfte gebietsweise teilweise ist schnee mit dabei .'}","(412, 412)","[175, 374]",33.252242132286526,11.76470588235294,21.824448179147073,0.0,15.460662064609682,0.0,0.0,0.0,34.40104592249361,13.013824884736437,79.04666662216187,68.29082369804382,0.4944669008255005,0.2921987473964691
in der nordwesthälfte teils freundlich teils wolkig und meist trocken .,"{'im übrigen land mal mehr mal weniger wolken und meist trocken .', '30November_2009_Monday_tagesschau-5752'}","(413, 413)","[568, 413]",33.333333333333336,15.384615384615385,30.151134457776372,0.0,26.295358943292957,0.0,21.200626759025184,0.0,34.651847008768485,16.439909296988624,79.17637825012207,60.95113158226013,0.5406227111816406,0.1171533465385437
schwacher bis mäßiger wind aus nord bis west .,"{'der wind weht schwach bis mäßig an der nordsee auch frisch .', '30November_2009_Monday_tagesschau-5753'}","(414, 414)","[271, 625]",24.999999999999996,17.794164509262398,0.0,0.0,0.0,0.0,0.0,0.0,27.47252747245908,19.611650485408884,76.41725540161133,64.27829265594482,0.3624768555164337,0.1767980456352234
am mittwoch eine mischung aus sonne wolken und nebelfeldern im nordwesten hier und da schauer sonst ist es trocken .,"{'03October_2010_Sunday_tagesschau-5770', 'am mittwoch eine mischung aus sonne wolken und nebel im nordwesten einzelne schauer sonst bleibt es trocken .'}","(415, 415)","[180, 143]",74.56994306786414,28.57142857142857,65.70922068016444,14.82498633322202,55.29152680550165,0.0,47.38598227653052,0.0,78.51359167144768,30.411449016037423,92.01726913452148,64.40557837486267,0.6005233526229858,0.25777655839920044
der sternenklare himmel im westen der täuscht denn morgen wird es wieder regnen .,"{'12December_2011_Monday_heute-5800', 'in der westhälfte zeigen sich morgen häufiger die sterne als in der osthälfte .'}","(416, 416)","[434, 84]",28.57142857142857,6.666666666666667,0.0,0.0,0.0,0.0,0.0,0.0,21.42857142852143,7.435039876449127,63.85313272476196,67.68401861190796,0.2788660526275635,0.3668896555900574
im westen allerdings nimmt die bewölkung später zu und es beginnt zu regnen .,"{'12December_2011_Monday_heute-5804', 'aber im westen werden die wolken schon dichter und es fängt an zu regnen .'}","(417, 417)","[523, 240]",53.33333333333335,27.145122541078788,39.03600291794134,0.0,22.715856181971898,0.0,0.0,0.0,55.04167347600174,28.442728442688605,82.87151455879211,69.7158932685852,0.7295981049537659,0.24820758402347565
in den bergen anfangs ist auch schnee dabei .,"{'12December_2011_Monday_heute-5805', 'im bergland anfangs auch schnee .'}","(418, 418)","[456, 99]",40.435377314175575,18.18181818181818,22.147368276206617,0.0,0.0,0.0,0.0,0.0,49.52380952380168,18.961818961760375,85.09789109230042,70.62152028083801,0.6710183620452881,0.2853052020072937
sonst zieht das regengebiet nach osten .,"{'von nordwesten breitet sich der regen dann langsam richtung osten und südosten aus am nachmittag gibt es dann einzelne gewitterschauer .', '12December_2011_Monday_heute-5811'}","(419, 419)","[134, 242]",9.523809523809524,9.090909090909093,0.0,0.0,0.0,0.0,0.0,0.0,10.204081632614031,10.03798155174875,71.84167504310608,68.2708740234375,0.3496817350387573,0.2206421047449112
am montag scheint verbreitet die sonne richtung küsten und alpen ist es wolkiger aber es regnet nur vereinzelt .,"{'25March_2011_Friday_tagesschau-5828', 'am montag scheint wieder verbreitet die sonne von den küsten bis zu den alpen sind auch mal dichtere wolken unterwegs die aber nur vereinzelt schauer bringen .'}","(420, 420)","[221, 45]",44.44444444444444,4.489580601104416,29.235267310234306,0.0,18.980225814672025,0.0,0.0,0.0,49.28038580356276,5.580072570357991,79.31514382362366,68.90189051628113,0.5651043057441711,0.34008514881134033
jetzt wünsche ich ihnen noch einen schönen abend .,"{'09November_2010_Tuesday_heute-5840', 'jetzt wünsche ich ihnen noch einen schönen abend .'}","(421, 421)","[276, 596]",100.00000000000004,19.999999999999996,100.00000000000004,0.0,100.00000000000004,0.0,100.00000000000004,0.0,99.99999999994999,20.936957779003677,99.99999403953552,66.11384749412537,0.9782920479774475,0.20489543676376343
es bläst ein mäßiger im norden mitunter frischer an der küste auch starker wind aus südwest bis west .,"{'der wind weht schwach bis mäßig an der küste teilweise frisch mit starken bis stürmischen böen aus südwest bis süd .', '28August_2009_Friday_tagesschau-5878'}","(422, 422)","[578, 10]",38.09523809523809,13.333333333333334,27.602622373694164,0.0,20.016694498569557,0.0,0.0,0.0,34.82630272946957,14.912280701687514,79.13814783096313,64.6338403224945,0.5333883166313171,0.36676114797592163
im norden sind auch stürmische böen möglich .,"{'28August_2009_Friday_tagesschau-5879', 'dort auch starke bis stürmische böen .'}","(423, 423)","[448, 531]",49.53587998572469,15.789473684210527,26.75243278791111,0.0,0.0,0.0,0.0,0.0,52.86549707598783,17.40081224610433,84.55806374549866,66.28805994987488,0.5148683786392212,0.3081722855567932
dort morgen bis zweiundzwanzig grad .,"{'sechzehn grad heute nacht an der sechzehn im breisgau bis zweiundzwanzig grad am oberrhein .', '28August_2009_Friday_tagesschau-5881'}","(424, 424)","[93, 261]",26.66666666666667,18.51851851851852,19.51800145897067,0.0,14.310092685025484,0.0,0.0,0.0,29.07268170421289,16.507936507867445,73.56123328208923,69.37353610992432,0.26224851608276367,0.22566130757331848
an der nordsee nur kühle sechzehn grad .,"{'an der nordsee bei sonne auch nur kühle sechzehn grad .', '28August_2009_Friday_tagesschau-5882'}","(425, 425)","[34, 316]",72.7272727272727,9.942659075715216,66.05782590758162,0.0,57.88357480954935,0.0,46.92470064105599,0.0,80.30385241447257,10.4684788894928,93.36698055267334,70.50608992576599,0.7075410485267639,0.3171823024749756
am sonntag im norden noch wolkig und vor allem in küstennähe einzelne schauer .,"{'28August_2009_Friday_tagesschau-5883', 'am sonntag im norden dichte wolken an den küsten einzelne schauer .'}","(426, 426)","[361, 641]",49.37810061861915,6.666666666666667,43.587769230845154,0.0,36.4045814541375,0.0,25.95438849059676,0.0,53.22003577814209,7.23104056430755,84.86550450325012,62.467122077941895,0.6075839400291443,0.2744123041629791
sonst viel sonnenschein .,"{'im übrigen land viel sonne .', '28August_2009_Friday_tagesschau-5884'}","(427, 427)","[190, 16]",33.333333333333336,18.75,0.0,0.0,0.0,0.0,0.0,0.0,37.14285714278808,19.824561403447365,80.2390992641449,59.575194120407104,0.5257493853569031,0.12405918538570404
am dienstag ziehen dann gegen abend von westen wieder zum teil kräftige schauer und gewitter heran .,"{'in der nacht breiten sich von westen schauer und gewitter aus .', '28August_2009_Friday_tagesschau-5886'}","(428, 428)","[476, 370]",32.96203151002218,16.666666666666668,24.34407362565826,9.901475429766744,15.749864574023983,0.0,0.0,0.0,39.12061436529363,18.61826697885863,80.94302415847778,72.40073680877686,0.5161360502243042,0.23121529817581177
ganz anders die trockene hitze über russland mit fünfunddreißig bis vierzig grad .,"{'09August_2010_Monday_heute-5890', 'und dort haben wir morgen auch trockenes sonniges wetter mit fünfunddreißig bis vierzig grad .'}","(429, 429)","[139, 105]",40.0,7.05401437408845,37.79644730092272,0.0,35.29172336459797,0.0,32.37722713145643,0.0,42.42641780324019,7.60286225399182,85.87286472320557,65.10294079780579,0.4424411654472351,0.3435474634170532
das bleibt auch noch in dieser woche so so dass die brände weiter schwelen werden .,"{'und so geht es eigentlich auch weiter in den nächsten tagen .', '09August_2010_Monday_heute-5891'}","(430, 430)","[509, 435]",29.855471273907888,33.333333333333336,0.0,20.412414523193153,0.0,0.0,0.0,0.0,20.60439560437691,33.333333333283335,73.82113933563232,68.16374063491821,0.45108580589294434,0.17234249413013458
bei uns wird es richtig frisch heute nacht im südosten da sind es zehn elf grad etwa .,"{'heute nacht im südosten frische zehn bis elf grad .', '09August_2010_Monday_heute-5892'}","(431, 431)","[42, 73]",35.94631712937771,7.357588823428846,26.792802880684558,0.0,20.053040933757124,0.0,15.083487713304484,0.0,49.64871194379755,11.111111111118518,82.55449533462524,66.70204401016235,0.614429771900177,0.22468456625938416
und nun die wettervorhersage für morgen donnerstag den siebzehnten dezember .,"{'16December_2009_Wednesday_tagesschau-5907', 'und nun die wettervorhersage für morgen donnerstag den siebzehnten dezember .'}","(432, 432)","[632, 595]",100.00000000000004,9.901430790994814,100.00000000000004,0.0,100.00000000000004,0.0,100.00000000000004,0.0,99.99999999994999,13.95044004744246,100.0,69.20384168624878,0.9439409375190735,0.2683987021446228
auch am tag viele wolken und einzelne flocken .,"{'auch am tag regnet es verbreitet .', '16December_2009_Wednesday_tagesschau-5912'}","(433, 433)","[586, 373]",42.94155960430207,8.333333333333332,32.79715789102869,0.0,25.28557067361726,0.0,0.0,0.0,48.50746268654467,9.285714285645225,76.8885612487793,68.51844787597656,0.2579234838485718,0.2455010712146759
im norden sowie ganz im westen schneit es auch mal stärker und es kann glatt werden .,"{'sonst schneit es hier und da etwas im westen kann es teilweise glatt werden .', '16December_2009_Wednesday_tagesschau-5913'}","(434, 434)","[335, 232]",58.344887936196514,3.6626392866284823,38.1956950544766,0.0,21.415416102469337,0.0,0.0,0.0,43.41216216212566,5.30589123867667,85.29029488563538,61.91011667251587,0.6634780168533325,0.09335869550704956
in der mitte lockert es auch mal auf .,"{'in der mitte auch mal klar .', '16December_2009_Wednesday_tagesschau-5914'}","(435, 435)","[417, 413]",64.41233940645306,13.333333333333334,49.195736836543034,0.0,33.13347087027162,0.0,0.0,0.0,72.76119402982826,14.704632384121577,84.55281853675842,68.46845149993896,0.3167930841445923,0.47702229022979736
die temperaturen sind außer jetzt im regen wo es ein bisschen kühler bleibt doch ganz erfreulich .,"{'und von der temperatur her kühlt es ab und an ab ein bisschen ab .', '04October_2010_Monday_heute-5953'}","(436, 436)","[556, 467]",23.337955174478605,27.272727272727277,12.078539318537526,0.0,0.0,0.0,0.0,0.0,24.806949806913313,18.961818961760375,72.28732109069824,66.12330675125122,0.312547504901886,0.13503287732601166
zusammen mit der schwül heißen luft sorgt es für zum teil heftige gewitter .,"{'09June_2010_Wednesday_tagesschau-5960', 'dazu kommt noch sehr warme luft die auch noch feucht heiße luft mit sich führt vereinzelt gewitter können sich entladen .'}","(437, 437)","[219, 588]",19.04761904761905,18.18181818181818,0.0,0.0,0.0,0.0,0.0,0.0,15.918367346869717,18.181818181768183,71.05479836463928,64.26795721054077,0.40509504079818726,0.11830415576696396
der deutsche wetterdienst hat entsprechende unwetterwarnungen herausgegeben .,"{'09June_2010_Wednesday_tagesschau-5961', 'der deutsche wetterdienst hat entsprechende unwetterwarnungen des deutschen wetterdienstes herausgegeben .'}","(438, 438)","[428, 361]",72.7272727272727,9.30058576283412,66.05782590758162,0.0,57.88357480954935,0.0,51.93071778680675,0.0,80.30385241447257,11.761965762194942,94.44617033004761,66.11568927764893,0.7664068937301636,0.18568938970565796
morgen vormittag bleibt von dem ganzen starken regen noch hier im osten einige gewitter hängen in brandenburg starker regen in vorpommern und an der ostsee .,"{'morgen vormittag regnet es noch kräftig im osten und südosten in brandenburg und in sachsen anfangs auch noch kräftiger .', '11May_2010_Tuesday_heute-5990'}","(439, 439)","[490, 217]",37.04091103408589,5.263157894736842,20.8151950335508,0.0,0.0,0.0,0.0,0.0,37.86362214574032,5.526918671218837,73.93541932106018,63.721638917922974,0.33969247341156006,0.26235365867614746
und so warm mit zwanzig grad wird es nicht mehr in den nächsten tagen .,"{'11May_2010_Tuesday_heute-5994', 'zwanzig grad sind die höchsttemperaturen in den nächsten tagen noch .'}","(440, 440)","[469, 533]",44.23643180720136,7.142857142857142,35.071747595354914,0.0,26.684496417030548,0.0,20.15767529554973,0.0,51.46621334464994,7.779141104227431,75.91016888618469,61.0123872756958,0.385104775428772,0.13001300394535065
denn im süden haben wir die schwül warme gewitterluft dabei ist es aber noch im süden sonnig .,"{'das hoch beschert dem süden deutschlands morgen schwül warme luft in der sich auch häufiger mal die sonne zeigt .', '25August_2010_Wednesday_heute-6005'}","(441, 441)","[61, 120]",24.999999999999996,18.710139700632354,11.470786693528089,0.0,0.0,0.0,0.0,0.0,20.936957779003677,19.314683442601666,75.6524384021759,68.82041692733765,0.37262433767318726,0.2220444232225418
dort kommen erst abends die gewitter an .,"{'gegen abend sind dort einzelne gewitter möglich .', '25August_2010_Wednesday_heute-6006'}","(442, 442)","[178, 116]",37.5,8.333333333333332,0.0,0.0,0.0,0.0,0.0,0.0,37.499999999950006,8.333333333283333,83.28588604927063,65.84784984588623,0.5534361004829407,0.20625612139701843
und nun die wettervorhersage für morgen donnerstag den achten april .,"{'und nun die wettervorhersage für morgen donnerstag den achten april .', '07April_2010_Wednesday_tagesschau-6024'}","(443, 443)","[255, 401]",100.00000000000004,10.000000000000002,100.00000000000004,0.0,100.00000000000004,0.0,100.00000000000004,0.0,99.99999999994999,10.671416402012161,100.0,65.23077487945557,0.9552684426307678,0.16484567523002625
und damit schönen guten abend meine damen und herren .,"{'24May_2011_Tuesday_heute-6062', 'ihnen einen schönen abend und machen sie es gut .'}","(444, 444)","[540, 12]",40.0,7.142857142857142,0.0,0.0,0.0,0.0,0.0,0.0,39.999999999950006,7.9852579851927885,69.36591863632202,62.52973675727844,0.380897581577301,0.13878776133060455
etwa südlich von spree und aller scheint dagegen die sonne strahlend und das tut sie morgen auch in süddeutschland .,"{'an der spree an der spree und im süden zeigt sich die sonne morgen am häufigsten .', '24May_2011_Tuesday_heute-6067'}","(445, 445)","[571, 186]",29.584356438458816,5.555555555555555,17.606213675812874,0.0,0.0,0.0,0.0,0.0,32.014249206194,6.140241624043568,72.08315134048462,63.19730281829834,0.29369455575942993,0.18460173904895782
und wir nehmen auch kontakt auf zu diesem hoch .,"{'und das wird sich auch in den nächsten tagen unter hochdruckeinfluss bemerkbar .', '24September_2009_Thursday_heute-6079'}","(446, 446)","[424, 227]",23.076923076923073,8.98657928234443,0.0,0.0,0.0,0.0,0.0,0.0,25.242414763773358,12.412177985952118,70.77392339706421,63.2064163684845,0.201164111495018,0.1563582867383957
allerdings erst am wochenende .,"{'24September_2009_Thursday_heute-6080', 'aber dann am samstag .'}","(447, 447)","[391, 347]",40.0,11.540662162550579,0.0,0.0,0.0,0.0,0.0,0.0,39.999999999950006,13.893495485524857,82.99811482429504,66.1633551120758,0.5935593843460083,0.12701737880706787
in dieser nacht fällt noch etwas regen im bayerischen wald .,"{'24September_2009_Thursday_heute-6081', 'an der elbe regnet es heute nacht zeitweise heute nacht gibt es im bayerischen wald noch etwas regen .'}","(448, 448)","[588, 247]",42.10526315789474,7.128759526633467,30.5887645160749,0.0,22.24513174589181,0.0,0.0,0.0,29.426129426063746,9.718741297691503,82.94362425804138,67.6906943321228,0.5734444260597229,0.35478466749191284
sonst aber funkeln oft die sterne oder es bildet sich nebel .,"{'24September_2009_Thursday_heute-6082', 'sonst zeigen sich teilweise die sterne und es bildet sich nebel .'}","(449, 449)","[14, 600]",66.66666666666669,9.090909090909093,55.04818825631805,0.0,44.96443130226094,0.0,37.70063804549471,0.0,66.66666666661666,10.027472527418132,91.49423837661743,66.57624840736389,0.6850801110267639,0.2641518712043762
die temperaturen sinken auf werte zwischen dreizehn und fünf grad .,"{'die temperaturen meist zwischen dreizehn und fünf grad .', '24September_2009_Thursday_heute-6083'}","(450, 450)","[597, 554]",71.1766580370496,8.333333333333332,65.37993517025205,0.0,58.04707572406972,0.0,52.899344348276884,0.0,78.44660194171955,8.94428152486229,89.40544724464417,63.80881667137146,0.6623925566673279,0.2294030338525772
morgen erwarten uns dann an der küste werte von siebzehn grad .,"{'dort morgen bis siebzehn an der küste frische siebzehn grad .', '24September_2009_Thursday_heute-6084'}","(451, 451)","[280, 473]",58.10640921796213,12.500000000000002,46.06821198071898,0.0,35.0512056519623,0.0,0.0,0.0,60.64073226540546,13.54359925784043,82.66366124153137,63.65772485733032,0.3829647898674011,0.08093926310539246
die neue woche startet dann durchwachsener .,"{'auch die neue woche beginnt unbeständig .', '24September_2009_Thursday_heute-6090'}","(452, 452)","[269, 481]",57.14285714285717,18.75,43.64357804719849,0.0,33.6478173147995,0.0,0.0,0.0,57.14285714280714,13.893495485466042,84.16697978973389,70.43173313140869,0.5195153951644897,0.16821716725826263
das war es für heute schönen abend noch .,"{'ihnen noch einen schönen abend und machen sie es gut .', '24September_2009_Thursday_heute-6091'}","(453, 453)","[152, 47]",45.45454545454545,23.076923076923073,21.32007163556105,0.0,0.0,0.0,0.0,0.0,29.417475728090004,16.82827650915966,78.1484603881836,62.501341104507446,0.3630253076553345,0.15437625348567963
und nun die wettervorhersage für morgen sonntag den neunzehnten dezember .,"{'und nun die wettervorhersage für morgen sonntag den neunzehnten dezember .', '18December_2010_Saturday_tagesschau-6118'}","(454, 454)","[577, 322]",100.00000000000004,16.601831205132044,100.00000000000004,0.0,100.00000000000004,0.0,100.00000000000004,0.0,99.99999999994999,17.325923504372444,100.0,61.92985773086548,0.9859866499900818,0.18089714646339417
im süden fällt auch stellenweise regen der gefrieren kann .,"{'18December_2010_Saturday_tagesschau-6125', 'in der südhälfte regnet es gebietsweise .'}","(455, 455)","[494, 277]",18.6125445008873,14.248453076221214,0.0,0.0,0.0,0.0,0.0,0.0,22.189128816071367,12.816131237172826,68.11103820800781,66.16880297660828,0.6290005445480347,0.12320581078529358
zunächst schwacher bis mäßiger wind der im norden aus östlicher sonst aus südlicher richtung kommt .,"{'18December_2010_Saturday_tagesschau-6126', 'sonst weht der wind meist schwach aus nord bis nordost .'}","(456, 456)","[572, 341]",34.62198648765173,11.266886237695282,0.0,0.0,0.0,0.0,0.0,0.0,20.8402432282925,14.586546844610087,74.07675385475159,69.28910613059998,0.5376217365264893,0.1904011368751526
es gelten entsprechende warnungen des deutschen wetterdienstes .,"{'07August_2009_Friday_tagesschau-6165', 'es gelten entsprechende warnungen des deutschen wetterdienstes .'}","(457, 457)","[604, 511]",100.00000000000004,18.18181818181818,100.00000000000004,0.0,100.00000000000004,0.0,100.00000000000004,0.0,99.99999999994999,20.075963103566444,100.00001192092896,69.855797290802,0.925470769405365,0.21920573711395264
an der küste morgen kühle neun grad im breisgau bis achtzehn grad .,"{'21April_2010_Wednesday_tagesschau-6235', 'am tag neun grad an der nordsee und achtzehn grad im südwesten .'}","(458, 458)","[523, 207]",61.538461538461554,1.8268352405273465,45.29108136578384,0.0,0.0,0.0,0.0,0.0,38.46153846148846,4.008122612784186,75.39796829223633,64.60227370262146,0.42374950647354126,0.34562164545059204
am mittwoch breiten sich von nordwesten neue wolken mit regen oder schauern aus örtlich sind auch gewitter dabei .,"{'26July_2010_Monday_tagesschau-6266', 'am mittwoch breiten sich von nordwesten schauer und gewitter aus die örtlich unwetterartig sein können .'}","(459, 459)","[462, 137]",51.814319886275044,19.04761904761905,37.83982907133513,9.759000729485333,32.36930370441006,0.0,28.381604237767792,0.0,50.689183021420156,21.294021293956096,82.08875060081482,72.31476306915283,0.6142997145652771,0.38210225105285645
auch in den folgenden tagen ändert sich an diesem wechselhaften wetter wenig .,"{'26July_2010_Monday_tagesschau-6267', 'in den nächsten tagen setzt sich die wechselhafte witterung fort .'}","(460, 460)","[492, 139]",37.8978599125082,8.591115984887153,17.77567193972091,0.0,0.0,0.0,0.0,0.0,41.099773242598616,10.03798155180206,83.65366458892822,70.40963768959045,0.6742827296257019,0.2771552801132202
sommerliche temperaturen sind dabei eher die ausnahme .,"{'26July_2010_Monday_tagesschau-6268', 'schwül warme luft bestimmt auch in den nächsten tagen unser wetter .'}","(461, 461)","[384, 491]",8.333333333333332,15.789473684210527,0.0,0.0,0.0,0.0,0.0,0.0,9.285714285645225,16.564729867422354,68.41854453086853,66.36472940444946,0.23947909474372864,0.1277971863746643
am sonntag im norden und an den alpen mal sonne mal wolken und ab und an schauer sonst ist es recht freundlich .,"{'am sonntag im norden und an den alpen mal sonne mal wolken mit einzelnen schauern sonst ist es teilweise freundlich .', '16September_2010_Thursday_tagesschau-6278'}","(462, 462)","[402, 636]",73.59837870906726,11.031211282307444,68.43881072318558,0.0,62.703849592182394,0.0,57.85925130040855,0.0,76.95538547690572,11.684125705039227,93.1642472743988,66.4821982383728,0.6507816910743713,0.16114407777786255
am tag ist es überwiegend stark bewölkt oder neblig trüb .,"{'am tag wird es meist stark bewölkt oder neblig trüb sein und die sonne zeigt sich selten .', '17February_2011_Thursday_tagesschau-6310'}","(463, 463)","[428, 518]",49.99999999999999,8.333333333333332,38.34824944236852,0.0,30.2109317513375,0.0,24.62395302527262,0.0,55.91232723712369,9.157509157440758,90.04966616630554,67.27861166000366,0.7326492071151733,0.2044304460287094
am sonntag überquert und dann ein atlantischer tiefausläufer dabei wird es milder .,"{'am sonntag folgt dann aber ein atlantiktief und von westen wird es langsam wieder milder .', '24January_2013_Thursday_tagesschau-6322'}","(464, 464)","[243, 362]",56.24999999999999,22.185250443644115,33.54101966249685,0.0,0.0,0.0,0.0,0.0,54.0282853964066,17.11493718003973,79.71999049186707,64.55669403076172,0.5535131096839905,0.13471873104572296
am dienstag in der südhälfte weitere schauer vereinzelt auch gewitter in der nordhälfte freundliche abschnitte .,"{'24July_2010_Saturday_tagesschau-6343', 'am dienstag im süden einige schauer teilweise auch gewitter im norden ist es freundlich .'}","(465, 465)","[100, 531]",37.42027940126471,21.368332584053444,22.362894254839034,12.840769800495435,0.0,0.0,0.0,0.0,38.62936688524656,22.161505768020955,78.78652811050415,66.24312400817871,0.4701496362686157,0.22538217902183533
gewitterschauer örtlich mit hagel starkregen und sturmböen ziehen in der nacht ostwärts im norden regnet es länger .,"{'morgen überqueren uns teilweise heftige gewitter mit starkregen und sturmböen die im laufe der nacht über norddeutschland hinweg ziehen und bringen im norden zum teil länger anhaltenden regen .', '06June_2010_Sunday_tagesschau-6363'}","(466, 466)","[560, 313]",37.93103448275862,13.333333333333334,23.278142562976672,0.0,12.613752183552679,0.0,0.0,0.0,38.54935309877075,14.87007975296058,75.66971778869629,67.71251559257507,0.469043493270874,0.20008787512779236
es sorgt von westen für regen schnee und glätte .,"{'10January_2011_Monday_tagesschau-6402', 'im westen bleibt es mit schnee oder schneeregenschauern meist trocken .'}","(467, 467)","[91, 27]",36.36363636363637,7.142857142857142,0.0,0.0,0.0,0.0,0.0,0.0,28.44272844266985,7.142857142807142,74.81430768966675,64.66861367225647,0.45777207612991333,0.22599026560783386
im verlauf der woche geht es dann unbeständig und sehr mild weiter .,"{'10January_2011_Monday_tagesschau-6403', 'in den nächsten tagen erwartet uns wechselhaftes und überwiegend mildes wetter .'}","(468, 468)","[479, 526]",15.334073577155388,33.333333333333336,0.0,0.0,0.0,0.0,0.0,0.0,15.94904458594573,20.274299344004028,70.48500776290894,73.19441437721252,0.7317504286766052,0.3884940445423126
der wind weht schwach bis mäßig am meer auch frisch .,"{'06May_2011_Friday_tagesschau-6434', 'schwacher bis mäßiger an der see teilweise frischer wind aus süd bis südwest .'}","(469, 469)","[43, 214]",28.57142857142857,36.84210526315789,0.0,24.779731389167605,0.0,15.343157945131013,0.0,0.0,31.116564417110865,39.4249201277317,77.13313102722168,70.19649744033813,0.4835965037345886,0.3467281460762024
heute nacht zwölf grad in der kölner bucht und ein grad im bayerischen wald .,"{'heute nacht zwölf grad am niederrhein und ein grad im bayerischen wald .', '06May_2011_Friday_tagesschau-6435'}","(470, 470)","[412, 579]",72.54956239049889,28.57142857142857,68.30315464547853,0.0,63.375896336576844,0.0,57.475393483140245,0.0,77.78176597268627,23.955773955708757,91.09928011894226,71.61590456962585,0.6733279228210449,0.3582306504249573
am tag werte zwischen zwanzig und achtundzwanzig grad an der ostsee werte darunter .,"{'am tag zwanzig bis achtundzwanzig grad an der ostseeküste werte um den gefrierpunkt .', '06May_2011_Friday_tagesschau-6436'}","(471, 471)","[564, 203]",64.28571428571428,4.104249931194939,44.47495899966607,0.0,32.06465864117306,0.0,23.397625978961173,0.0,64.28571428566428,15.099715099723825,83.13863277435303,70.1137900352478,0.49249619245529175,0.3328321576118469
das kann ja manchmal ganz schön schnell gehen also ob es schön ist entscheiden natürlich sie meine damen und herren .,"{'20June_2011_Monday_heute-6510', 'der start in die neue woche sieht noch nicht so richtig aus aber zumindest in den nächsten zwei stunden wird es doch wärmer .'}","(472, 472)","[176, 599]",8.333333333333332,16.666666666666668,0.0,0.0,0.0,0.0,0.0,0.0,8.810916179275823,16.666666666616667,67.28852391242981,67.68718361854553,0.2829446792602539,0.3490358591079712
und damit schönen guten abend .,"{'20June_2011_Monday_heute-6511', 'das war es für heute schönen abend noch .'}","(473, 473)","[117, 405]",33.333333333333336,11.409269311835377,0.0,0.0,0.0,0.0,0.0,0.0,37.14285714278808,14.912280701754,79.12752628326416,63.17818760871887,0.42567622661590576,0.24029728770256042
mal ist es etwas wärmer mal etwas kälter und an dieser wetterverteilung wird sich auch in den nächsten tagen wenig ändern .,"{'20June_2011_Monday_heute-6516', 'es wird nur ein bisschen wärmer oder eben auch kälter bei uns das wechselhafte wetter setzt sich in den nächsten tagen fort .'}","(474, 474)","[230, 516]",47.82608695652174,11.111111111111109,25.53769592276246,0.0,18.38194128904002,0.0,13.275045921297613,0.0,39.96055226819033,12.424961608197286,79.0544867515564,67.23953485488892,0.46754056215286255,0.23539768159389496
und nun die wettervorhersage für morgen samstag den einundzwanzigsten november .,"{'und nun die wettervorhersage für morgen samstag den einundzwanzigsten november .', '20November_2009_Friday_tagesschau-6560'}","(475, 475)","[402, 555]",100.00000000000004,11.809163818525365,100.00000000000004,0.0,100.00000000000004,0.0,100.00000000000004,0.0,99.99999999994999,15.97051597051827,100.0,68.45649480819702,0.9622595906257629,0.1797083020210266
ein schwacher tiefausläufer bringt dem nordwesten deutschlands heute nacht hier und da etwas regen .,"{'20November_2009_Friday_tagesschau-6561', 'das tief das sich zur nordsee verlagert bringt dem norden und osten deutschlands heute nacht gebietsweise schauer .'}","(476, 476)","[419, 450]",38.888888888888886,9.523809523809524,26.196841599779198,0.0,16.247727570233458,0.0,0.0,0.0,35.77712609964235,10.611782477279894,75.27236938476562,65.0908887386322,0.347221314907074,0.1905273199081421
ansonsten bleibt es unter hochdruckeinfluss meist trocken und tagsüber auch teilweise freundlich .,"{'20November_2009_Friday_tagesschau-6562', 'sonst sorgt hoher luftdruck für trockenes teilweise freundliches wetter .'}","(477, 477)","[267, 280]",14.816364413634355,7.142857142857142,0.0,0.0,0.0,0.0,0.0,0.0,16.828276509206084,7.142857142807142,73.74127507209778,66.37076735496521,0.6564647555351257,0.25245124101638794
besonders in flusstälern bildet sich nebel .,"{'an der donau bildet sich in einigen flüssen nebel .', '20November_2009_Friday_tagesschau-6565'}","(478, 478)","[563, 615]",49.99999999999999,8.067401742967988,33.333333333333336,0.0,0.0,0.0,0.0,0.0,44.37825763209756,10.155316606925242,79.1374921798706,64.75962996482849,0.4956423044204712,0.25522735714912415
der hält sich morgen in manchen regionen zäh auch dichtere wolken sind zunächst noch dabei aber es bleibt weitgehend trocken .,"{'und dort wird es auch morgen teilweise für längere zeit trübe sein mit dichten wolken aber auch mit trockener luft .', '20November_2009_Friday_tagesschau-6566'}","(479, 479)","[373, 510]",28.57142857142857,6.3750380081936955,0.0,0.0,0.0,0.0,0.0,0.0,19.04761904756905,7.975813417789403,74.37602877616882,66.75935387611389,0.4921965003013611,0.24155966937541962
am nachmittag wird es dann freundlicher .,"{'am nachmittag wird es freundlicher .', '20November_2009_Friday_tagesschau-6567'}","(480, 480)","[165, 149]",84.64817248906144,27.145122541078788,75.71162714266755,0.0,62.36930675040936,0.0,51.15078115793242,0.0,91.23434704826732,28.442728442688605,97.7955162525177,65.07437825202942,0.9098271131515503,0.33479899168014526
dabei wird es teilweise sehr windig und auch etwas kühler .,"{'stellenweise wird es windig und etwas kühler auch an den küsten .', '20November_2009_Friday_tagesschau-6574'}","(481, 481)","[78, 209]",66.66666666666669,12.500000000000002,42.640143271122106,0.0,0.0,0.0,0.0,0.0,60.64073226538829,13.968911917033862,86.46280169487,68.30366253852844,0.6736282110214233,0.2879922389984131
aber es bleibt für die jahreszeit immer noch recht mild .,"{'dann wird es insgesamt ein bisschen milder .', '20November_2009_Friday_tagesschau-6575'}","(482, 482)","[195, 570]",17.182231969774303,21.368332584053444,0.0,0.0,0.0,0.0,0.0,0.0,20.075963103619753,22.161505768020955,71.80548310279846,68.1502103805542,0.595245897769928,0.15880852937698364
liebe zuschauer guten abend .,"{'liebe zuschauer guten abend .', '01June_2010_Tuesday_heute-6603'}","(483, 483)","[110, 249]",100.00000000000004,7.142857142857142,100.00000000000004,0.0,100.00000000000004,0.0,100.00000000000004,0.0,99.99999999994999,7.779141104227431,100.0,65.14776945114136,0.9500744342803955,0.1635732352733612
richtung osten zeigt sich die sonne häufiger .,"{'24July_2011_Sunday_tagesschau-6630', 'im osten zeigt sich die sonne auch mal häufiger .'}","(484, 484)","[379, 547]",70.00000000000003,18.096748360719186,62.360956446232365,0.0,52.636329980469824,0.0,45.180100180492246,0.0,75.92592592585959,18.96181896177912,87.34650611877441,64.29979801177979,0.7169926762580872,0.1021510660648346
am mittwoch vor allem ab dem nachmittag schauer und gewitter .,"{'am mittwoch vor allem am nachmittag einzelne schauer oder gewitter .', '24July_2011_Sunday_tagesschau-6631'}","(485, 485)","[619, 352]",72.7272727272727,5.555555555555555,53.93598899705937,0.0,40.13422919391943,0.0,29.982213893423374,0.0,72.72727272722275,6.190476190407128,92.20506548881531,60.135895013809204,0.6135216951370239,0.2042650580406189
ähnliches wetter auch am donnerstag .,"{'24July_2011_Sunday_tagesschau-6632', 'ähnliches wetter dann auch am donnerstag .'}","(486, 486)","[502, 185]",85.7142857142857,15.163266492815833,75.59289460184542,0.0,61.14214174657596,0.0,48.892302243490086,0.0,91.23434704823777,18.571428571420732,97.82702922821045,67.46410131454468,0.8439178466796875,0.23612430691719055
und morgen vormittag beziehungsweise bis zum nachmittag wahrscheinlich sogar noch scheint in der osthälfte noch die sonne .,"{'und morgen am nachmittag scheint dann auch in der osthälfte noch häufiger die sonne .', '24August_2009_Monday_heute-6642'}","(487, 487)","[21, 638]",60.04025522571868,3.1479267139593645,45.89902117347861,0.0,34.143545604676255,0.0,22.828187338648245,0.0,65.5913978494323,6.771799628952918,87.45598793029785,66.86655879020691,0.7070081233978271,0.235698401927948
es kommen dann ein paar wolkenfelder .,"{'dazu haben wir nur noch ein paar dünne schleierwolken an der nordseeküste .', '24August_2009_Monday_heute-6643'}","(488, 488)","[382, 359]",23.076923076923073,32.749230123119276,13.867504905630724,19.57140838841394,0.0,0.0,0.0,0.0,25.74803149600025,23.851417399774444,74.06253218650818,71.14190459251404,0.2738649249076843,0.3268113136291504
und am mittwoch dann noch reste dieser schauer und gewitter über dem osten und über dem süden .,"{'am mittwoch lassen die schauer und gewitter im osten nach .', '24August_2009_Monday_heute-6648'}","(489, 489)","[127, 266]",33.67721264091228,5.555555555555555,23.12299520008486,0.0,14.649590475126091,0.0,0.0,0.0,43.4873656289249,6.1160151323553515,84.31372046470642,64.06486630439758,0.23287011682987213,0.1688835173845291
am donnerstag ist es in der mitte am freundlichsten im norden regen oder graupelschauer im süden regnet es zeitweise .,"{'am donnerstag am mittwoch ist es recht freundlich im norden regnet es zeitweise im süden regnet es teilweise .', '18April_2010_Sunday_tagesschau-6663'}","(490, 490)","[419, 633]",64.91306968533519,14.285714285714283,48.93843070304834,8.451542547285165,34.22721809903256,0.0,22.081791502306793,0.0,56.336227202324274,15.918367346869717,82.12050199508667,69.05261278152466,0.46798908710479736,0.2524256706237793
dagegen gab es im westen fünf zentimeter neuschnee und schon stand der verkehr auf den autobahnen .,"{'im westen sind in den fünf zentimeter neuschneefall schon weitgehend vorbei und die abkühlung ist in den nächsten tagen weiter in sicht .', '24February_2011_Thursday_heute-6666'}","(491, 491)","[130, 319]",34.782608695652165,17.391304347826082,17.782168978975484,8.89108448948774,0.0,0.0,0.0,0.0,33.524590163865746,14.367681498760351,75.4548966884613,69.16277408599854,0.21537157893180847,0.35989564657211304
aber erfreuliche nachricht .,"{'01April_2010_Thursday_heute-6704', 'aber es gibt noch ein paar lichtblicke .'}","(492, 492)","[226, 108]",24.999999999999996,3.9524709210699123,0.0,0.0,0.0,0.0,0.0,0.0,27.77777777771852,12.273330384794859,71.91996574401855,66.9301688671112,0.5315479636192322,0.2767977714538574
es scheint häufig die sonne .,"{'und nun die wettervorhersage für morgen mittwoch den vierten juli .', '01April_2010_Thursday_heute-6705'}","(493, 493)","[240, 521]",18.18181818181818,9.090909090909093,0.0,0.0,0.0,0.0,0.0,0.0,20.297349709051105,10.03798155174875,67.71791577339172,68.80502700805664,0.12673357129096985,0.13536445796489716
die wolken eines tiefs bei schottland erreichen uns morgen von westen her .,"{'08July_2011_Friday_tagesschau-6727', 'das tief bei schottland zieht sich ein wenig zurück und erreicht morgen den westen und süden deutschlands .'}","(494, 494)","[314, 423]",27.777777777777775,19.999999999999996,12.782749814122841,0.0,0.0,0.0,0.0,0.0,30.701208120493945,21.693121693055346,76.34788751602173,70.17574310302734,0.44020551443099976,0.33814942836761475
für teile südbayerns gelten warnungen des deutschen wetterdienstes da in der nacht dort wie auch im süden sich hier und da gewitter entladen .,"{'08July_2011_Friday_tagesschau-6729', 'es gelten unwetterwarnungen des deutschen wetterdienstes für die nacht im süden noch zum teil unwetterartige gewitter .'}","(495, 495)","[547, 459]",38.969419729054465,4.650292881417059,22.00133509798045,0.0,12.882294529716104,0.0,0.0,0.0,41.54880717296014,5.880982881095603,78.19658517837524,61.60928010940552,0.3144494593143463,0.06758065521717072
und nun die wettervorhersage für morgen freitag den vierundzwanzigsten juli .,"{'und nun die wettervorhersage für morgen freitag den vierundzwanzigsten juli .', '23July_2009_Thursday_tagesschau-6750'}","(496, 496)","[160, 230]",100.00000000000004,21.470779802151025,100.00000000000004,0.0,100.00000000000004,0.0,100.00000000000004,0.0,99.99999999994999,24.253731343261094,100.0,70.80729007720947,1.006733775138855,0.2543482780456543
die schwül warme luft wird von kühlerer meeresluft verdrängt .,"{'in der zweiten nachthälfte strömt von westen kühlere luft zu uns mit ihr ein paar wolkenfelder die sich vor allem richtung nordosten ausbreiten .', '23July_2009_Thursday_tagesschau-6751'}","(497, 497)","[276, 63]",16.666666666666668,4.4932896411722165,0.0,0.0,0.0,0.0,0.0,0.0,9.1203453858109,6.206088992977879,67.18048453330994,66.82215332984924,0.27452027797698975,0.1961730271577835
dies geht einher mit teilweise unwetterartigen gewittern .,"{'23July_2009_Thursday_tagesschau-6752', 'und es gibt auch noch zum teil heftige gewitter .'}","(498, 498)","[561, 15]",10.000000000000002,7.243303475117972,0.0,0.0,0.0,0.0,0.0,0.0,10.8465608464945,10.148674854561643,74.62753653526306,66.34424924850464,0.6364313960075378,0.1520877629518509
auch in sachsen wird es zum teil kräftig weiter regnen .,"{'02June_2010_Wednesday_heute-6789', 'auch in sachsen und sachsen regnet es stellenweise .'}","(499, 499)","[259, 459]",44.48541127315599,14.285714285714283,29.841721084143675,0.0,21.67770338946743,0.0,0.0,0.0,49.029126213564226,9.950372208377761,81.87565803527832,64.89875316619873,0.5573750734329224,0.1346358358860016
besonders im osten deutschlands kann es ein wenig regnen oder schneien .,"{'18February_2011_Friday_tagesschau-6825', 'vor allem in der osthälfte deutschlands wird es morgen mit etwas regen oder schnee gerechnet .'}","(500, 500)","[350, 268]",24.999999999999996,11.111111111111109,0.0,0.0,0.0,0.0,0.0,0.0,27.47252747245908,11.11111111106111,79.74349856376648,72.58068323135376,0.754124104976654,0.38467031717300415
heute nacht sind im süden anfangs noch einzelne gewitter möglich sonst fällt nur hier und da regen stellenweise bildet sich nebel .,"{'in der nacht sind im süden anfangs noch einzelne gewitter möglich sonst regnet es hier und da etwas im osten hier und da bildet sich nebel .', '10May_2010_Monday_tagesschau-6854'}","(501, 501)","[366, 31]",62.96296296296293,13.468741803313245,58.22639771026013,0.0,53.035195463819235,0.0,47.22183035622597,0.0,67.98654841574667,16.740217711085656,87.48132586479187,67.87390112876892,0.6118108034133911,0.24794605374336243
später ist es meist trocken .,"{'06July_2011_Wednesday_tagesschau-6865', 'später wird es aber schon wieder trockener .'}","(502, 502)","[397, 77]",37.5,9.523809523809524,0.0,0.0,0.0,0.0,0.0,0.0,41.20879120872282,10.647010646945448,86.73174381256104,68.70085000991821,0.7613861560821533,0.3810291886329651
guten abend liebe zuschauer .,"{'guten abend liebe zuschauer .', '08November_2010_Monday_heute-6874'}","(503, 503)","[196, 220]",100.00000000000004,15.0,100.00000000000004,0.0,100.00000000000004,0.0,100.00000000000004,0.0,99.99999999994999,16.75061622542128,99.99997019767761,59.98631715774536,0.9707947373390198,0.1812911182641983
das wetter in europa hat viel zu bieten .,"{'es bestehen entsprechende unwetterwarnungen des deutschen wetterdienstes .', '08November_2010_Monday_heute-6875'}","(504, 504)","[21, 508]",11.031211282307444,7.243303475117972,0.0,0.0,0.0,0.0,0.0,0.0,11.684125705039227,10.148674854561643,71.99851274490356,62.4275803565979,0.388458788394928,0.1873946189880371
die gewitterfront heute nacht noch über dem osten und dabei anfangs auch noch einzelne unwetterartige gewitter .,"{'in der nacht muss in der osthälfte mit gewittern gerechnet werden die anfangs unwetterartig sein können .', '10August_2009_Monday_heute-6893'}","(505, 505)","[605, 580]",23.529411764705884,8.333333333333332,0.0,0.0,0.0,0.0,0.0,0.0,17.647058823479416,8.94428152486229,74.66338276863098,68.25719475746155,0.458410382270813,0.17461687326431274
entweder über den teletext oder auch über das internet .,"{'10August_2009_Monday_heute-6897', 'nur über den mittelgebirgen und den bergen besteht ein geringes schauerrisiko .'}","(506, 506)","[153, 596]",24.999999999999996,11.76470588235294,15.075567228888186,0.0,0.0,0.0,0.0,0.0,26.832844574715665,13.115916341660808,71.64052724838257,67.97770857810974,0.22425323724746704,0.22834338247776031
mit der leicht kühleren luft dann bis vierundzwanzig grad in der nordhälfte .,"{'und da werden dann auch bis vierundzwanzig grad erreicht .', '10August_2009_Monday_heute-6902'}","(507, 507)","[195, 377]",37.04091103408589,15.384615384615385,24.693940689390597,0.0,17.80741267423511,0.0,0.0,0.0,42.07069127304718,16.82827650915966,76.86730623245239,69.36607956886292,0.40109795331954956,0.21377459168434143
im süden oder in der mitte auch bis siebenundzwanzig grad .,"{'10August_2009_Monday_heute-6903', 'im süden zum teil bis zu siebenundzwanzig grad .'}","(508, 508)","[54, 166]",53.38249352778721,10.73538990107551,40.03687014584041,0.0,26.36963416297342,0.0,0.0,0.0,58.83495145628266,12.126865671619305,83.05385112762451,67.31022596359253,0.7384394407272339,0.11821743100881577
das wetter in teilen europas wird in den kommenden beiden tagen bestimmt von einem umfangreichen tiefdruckgebiet .,"{'08November_2010_Monday_tagesschau-6922', 'deutschland liegt in der zweiten wochenhälfte unter tiefdruckeinfluss .'}","(509, 509)","[515, 83]",9.135828677937498,8.022421231999708,0.0,0.0,0.0,0.0,0.0,0.0,13.11591634172839,11.167077483660712,73.06585907936096,63.99250626564026,0.4050282835960388,0.12076922506093979
an der ostseeküste heute nacht minus zwei am alpenrand bis minus fünfzehn grad .,"{'13December_2010_Monday_tagesschau-6940', 'an der ostsee heute nacht minus zwei am alpenrand bis minus fünfzehn grad .'}","(510, 510)","[610, 341]",92.85714285714283,4.690490839802005,88.64052604279179,0.0,83.83820492034592,0.0,80.91067115702207,0.0,92.85714285709285,9.46029776675982,95.53747177124023,66.29802584648132,0.8310437798500061,0.20001673698425293
am freitag beruhigt sich das wetter wieder .,"{'13December_2010_Monday_tagesschau-6944', 'am freitag beruhigt sich das wetter dann wieder .'}","(511, 511)","[583, 558]",88.8888888888889,9.090909090909093,81.6496580927726,0.0,72.49202486685948,0.0,66.06328636027612,0.0,93.4730056405521,10.027472527418132,98.46442937850952,68.56153011322021,0.8333338499069214,0.23319995403289795
in den übrigen gebieten viel sonne und nur ein paar lockere wolken .,"{'01June_2011_Wednesday_tagesschau-6952', 'im übrigen land viel sonne und meist nur lockere wolken .'}","(512, 512)","[20, 343]",60.63657586001311,12.500000000000002,44.96928821556907,0.0,33.46203070512843,0.0,0.0,0.0,65.75963718817684,13.971742543103133,88.12752366065979,71.23926281929016,0.7316513657569885,0.4767366647720337
am tag halten sich über dem südosten dichte wolken aus denen ein paar schneeflocken fallen .,"{'15December_2009_Tuesday_tagesschau-6963', 'in der südosthälfte bleibt es morgen meist bewölkt gebietsweise schneit es etwas .'}","(513, 513)","[53, 137]",6.107097367830394,21.42857142857143,0.0,0.0,0.0,0.0,0.0,0.0,6.753535674531798,22.80858676201238,70.90229392051697,69.80258226394653,0.5808730721473694,0.40730947256088257
und es wird auch wieder schneien oberhalb von dreihundert metern meist so am nachmittag kräftig vom saarland bis nach berlin hoch .,"{'24January_2011_Monday_heute-6981', 'es wird wieder schneien oberhalb von dreihundert metern am nachmittag dann regenschauer und gewitter die ziehen richtung berlin .'}","(514, 514)","[266, 520]",58.42745080582083,2.7891270018553733,44.04887592401746,0.0,33.908036278385275,0.0,28.10826854659323,0.0,57.919689267116205,5.451127819559274,81.68103098869324,68.46321821212769,0.3120397627353668,0.2815791666507721
und nun die wettervorhersage für morgen mittwoch den neunzehnten januar .,"{'18January_2011_Tuesday_tagesschau-6987', 'und nun die wettervorhersage für morgen mittwoch den neunzehnten januar .'}","(515, 515)","[20, 261]",100.00000000000004,11.031211282307444,100.00000000000004,0.0,100.00000000000004,0.0,100.00000000000004,0.0,99.99999999994999,11.684125705039227,100.0,65.8195972442627,1.0078864097595215,0.24688735604286194
die sonne kann sich gegen die wolken nur selten durchsetzen .,"{'18January_2011_Tuesday_tagesschau-6989', 'die sonne lässt sich nur selten blicken die wolken sind meist stark bewölkt .'}","(516, 516)","[602, 434]",57.14285714285717,4.965853037914096,36.31365196012816,0.0,0.0,0.0,0.0,0.0,46.67484662569982,6.578724843565785,82.04066157341003,63.58937621116638,0.4151816964149475,0.15037882328033447
auch im süden gibt es eine menge wolken oder nebel aber regen fällt dort nur selten .,"{'17January_2011_Monday_tagesschau-7005', 'auch im süden gibt es viele wolken oder nebelfelder aber regen fällt dort kaum .'}","(517, 517)","[230, 93]",70.01386552343577,9.942659075715216,59.17251633712197,0.0,49.02906364540521,0.0,40.07271049288471,0.0,74.42084942081291,10.4684788894928,91.77530407905579,70.87334990501404,0.7518222332000732,0.2324276566505432
richtung bodensee kann es bis ins flachland schneien .,"{'am bodensee kann es anfangs auch schneien .', '29November_2009_Sunday_tagesschau-7044'}","(518, 518)","[561, 117]",55.156056411537236,8.333333333333332,45.673553902495044,0.0,31.306211647069624,0.0,0.0,0.0,58.42062852534542,8.333333333283333,85.15222668647766,66.0302221775055,0.573472261428833,0.28144383430480957
im äußersten südosten sowie zwischen nordsee und mosel ist es meist trocken .,"{'29November_2009_Sunday_tagesschau-7045', 'im übrigen land bleibt es noch weitgehend trocken .'}","(519, 519)","[425, 249]",28.496906152442428,9.090909090909093,15.112766687421516,0.0,0.0,0.0,0.0,0.0,34.1763499658126,9.09090909085909,78.72387170791626,67.13907122612,0.5880065560340881,0.13865351676940918
aber erst muss noch mit regenfällen und gewittern gerechnet werden die besonders im süden und osten unwetterartig sein können .,"{'25August_2009_Tuesday_tagesschau-7085', 'dabei gibt es schauer und gewitter die vor allem in der südosthälfte deutschlands kräftig sein können .'}","(520, 520)","[338, 204]",24.65363036538235,7.142857142857142,16.072200637497772,0.0,11.30159507630186,0.0,0.0,0.0,26.67854100515629,7.70303241543358,74.86750483512878,65.66800475120544,0.48128384351730347,0.22696062922477722
der deutsche wetterdienst hat entsprechende warnungen herausgegeben .,"{'es gelten entsprechende warnungen des deutschen wetterdienstes .', '25August_2009_Tuesday_tagesschau-7086'}","(521, 521)","[386, 165]",37.5,12.500000000000002,23.145502494313785,0.0,0.0,0.0,0.0,0.0,37.499999999950006,13.893495485466042,87.82857656478882,67.9432213306427,0.7689501643180847,0.4238157272338867
heute nacht temperaturen von zehn grad in der eifel bis achtzehn in der lausitz .,"{'25August_2009_Tuesday_tagesschau-7092', 'heute nacht temperaturen von zehn grad in der eifel bis achtzehn in der lausitz .'}","(522, 522)","[488, 122]",100.00000000000004,23.076923076923073,100.00000000000004,13.867504905630724,100.00000000000004,0.0,100.00000000000004,0.0,99.99999999994999,25.632262474298496,100.0,76.37993097305298,0.9263513088226318,0.3242117762565613
richtung südwesten und nordosten lässt sich die sonne auch mal blicken .,"{'hier und da zeigt sich auch mal die sonne .', '07December_2009_Monday_tagesschau-7103'}","(523, 523)","[302, 398]",57.31115271545876,3.6576998645322836,32.29117637391049,0.0,0.0,0.0,0.0,0.0,44.721407624603366,5.824986821305449,79.31326627731323,61.18624210357666,0.646800696849823,0.17629751563072205
und nun die wettervorhersage für morgen donnerstag den einunddreißigsten märz .,"{'30March_2011_Wednesday_tagesschau-7125', 'und nun die wettervorhersage für morgen donnerstag den einunddreißigsten märz .'}","(524, 524)","[33, 591]",100.00000000000004,3.8493840027736157,100.00000000000004,0.0,100.00000000000004,0.0,100.00000000000004,0.0,99.99999999994999,5.083690151810546,100.0,63.03691864013672,0.9444429278373718,0.11636535823345184
am tag zwölf grad an der ostsee und bis zwanzig grad in niederbayern .,"{'01May_2010_Saturday_tagesschau-7194', 'am tag zwölf grad an der ostsee und bis zwanzig grad in niederbayern .'}","(525, 525)","[552, 17]",100.00000000000004,16.13480348593598,100.00000000000004,0.0,100.00000000000004,0.0,100.00000000000004,0.0,99.99999999994999,20.31063321385475,100.0,68.14693212509155,0.9424917697906494,0.17103737592697144
auch am montag mehr wolken als sonne teilweise regnet es länger und kräftig auch gewitter sind dabei .,"{'auch am montag mehr wolken als sonne verbreitet regnet es mitunter kräftig auch gewitter sind mit dabei .', '01May_2010_Saturday_tagesschau-7195'}","(526, 526)","[251, 359]",83.33333333333334,10.916410041039759,73.43130710225098,0.0,61.789335545,0.0,52.954738785086846,0.0,83.33333333328333,11.92570869987219,91.37965440750122,62.53925561904907,0.6805879473686218,0.15098093450069427
dazwischen ist es freundlicher .,"{'04July_2010_Sunday_tagesschau-7205', 'in der südhälfte ist es zum teil freundlich .'}","(527, 527)","[327, 214]",33.333333333333336,0.43745762456469894,20.412414523193153,0.0,0.0,0.0,0.0,0.0,37.23653395778134,6.427358719384058,80.93345761299133,66.10751152038574,0.47098952531814575,0.10845451802015305
abseits der gewittern weht der wind schwach bis mäßig an der küste frisch .,"{'bei gewittern weht der wind schwach bis mäßig an der küste auch frisch .', '04July_2010_Sunday_tagesschau-7206'}","(528, 528)","[547, 613]",85.7142857142857,7.05401437408845,81.19979429411501,0.0,76.03371308769859,0.0,72.72454093000138,0.0,85.7142857142357,7.60286225399182,93.41774582862854,64.91478681564331,0.5583600401878357,0.10273253917694092
samstag und sonntag ändert sich an diesem wetter noch wenig .,"{'ähnliches wetter dann auch am wochenende .', '29September_2011_Thursday_tagesschau-7236'}","(529, 529)","[141, 478]",16.13480348593598,6.666666666666667,0.0,0.0,0.0,0.0,0.0,0.0,20.31063321385475,7.3695535233439164,74.17202591896057,62.63083815574646,0.4644131660461426,0.2022152543067932
es kann noch leicht schneien in den nächsten stunden in sachsen oder auch am alpenrand und in bayern .,"{'es kann ein bisschen schneien am ehesten noch in sachsen und am alpenrand im bayerischen wald .', '24January_2013_Thursday_heute-7259'}","(530, 530)","[202, 66]",52.2946920825162,16.601831205132044,29.524510561170228,0.0,0.0,0.0,0.0,0.0,44.172612979914355,17.325923504372444,84.36523079872131,68.80345344543457,0.5909793972969055,0.20575541257858276
es bleibt noch mal kalt am samstag knackig bis höchsttemperaturen minus zehn grad .,"{'24January_2013_Thursday_heute-7266', 'am samstag wird es kalt bei bis zu minus zehn grad .'}","(531, 531)","[272, 107]",63.48612936679603,13.468741803313245,44.206066343488196,0.0,32.10237089716701,0.0,23.6181893620228,0.0,53.22003577814209,16.740217711085656,79.9215018749237,69.58465576171875,0.7060067653656006,0.26479461789131165
die schauer und gewitter im norden klingen in der nacht ab an den alpen fallen noch ein paar regentropfen stellenweise bildet sich nebel .,"{'26April_2010_Monday_tagesschau-7272', 'im norden regnet es heute nacht ab und an an an den alpen regnet es stellenweise etwas hier und da bildet sich nebel .'}","(532, 532)","[331, 185]",54.16666666666666,6.250000000000001,40.602348757648016,0.0,28.222812867461478,0.0,18.088201962129947,0.0,49.99999999995,6.868131868063471,77.73289680480957,61.95587515830994,0.49492108821868896,0.14828833937644958
und nun die wettervorhersage für morgen freitag den fünfundzwanzigsten juni .,"{'und nun die wettervorhersage für morgen freitag den fünfundzwanzigsten juni .', '24June_2010_Thursday_tagesschau-7300'}","(533, 533)","[307, 292]",100.00000000000004,5.4936719183370295,100.00000000000004,0.0,100.00000000000004,0.0,100.00000000000004,0.0,99.99999999994999,6.520102394204938,100.0,59.01275277137756,1.0005996227264404,0.15025322139263153
am montag ist es meist stark bewölkt hier und da regnet es .,"{'27November_2009_Friday_tagesschau-7340', 'am montag ist es meist stark bewölkt hier und da regnet es etwas .'}","(534, 534)","[433, 300]",92.85714285714283,20.98035683815513,88.64052604279179,0.0,86.83493185643985,0.0,85.5526185871245,0.0,96.0331916615501,27.957508450025365,97.88328409194946,65.52085876464844,0.8389239311218262,0.25729846954345703
im bergland zum teil schnee an den alpen auch für längere zeit regen oder schnee .,"{'27November_2009_Friday_tagesschau-7341', 'auf den bergen fällt schnee an den alpen auch regen .'}","(535, 535)","[600, 392]",40.39231756892701,6.023884238244039,32.02403785058928,0.0,27.89168688585216,0.0,24.22364216174946,0.0,48.627234199363066,10.02747252748189,81.72582387924194,65.07103443145752,0.37745922803878784,0.037296734750270844
am dienstag wechselhaftes wetter .,"{'am dienstag weiterhin wechselhaftes wetter .', '27November_2009_Friday_tagesschau-7342'}","(536, 536)","[14, 636]",83.33333333333334,9.090909090909093,70.71067811865471,0.0,49.99999999999999,0.0,0.0,0.0,89.44281524920247,9.805825242653109,95.54012417793274,65.5196487903595,0.8276353478431702,0.13051871955394745
besonders in der südwesthälfte bildet sich nebel richtung nordosten auch wolkenlücken .,"{'06February_2010_Saturday_tagesschau-7362', 'im süden und südwesten bildet sich stellenweise nebel richtung nordosten lockert es auch mal auf .'}","(537, 537)","[235, 465]",43.74999999999999,6.107097367830394,29.580398915498076,0.0,18.420157493201934,0.0,0.0,0.0,48.07692307685468,6.753535674531798,75.67312121391296,67.00243949890137,0.41545408964157104,0.17275100946426392
am alpenrand gibt es auch morgen noch leichten schneefall .,"{'die schneefallgrenze sinkt weiter in den nächsten tagen .', '06February_2010_Saturday_tagesschau-7363'}","(538, 538)","[92, 227]",9.942659075715216,6.285394724636762,0.0,0.0,0.0,0.0,0.0,0.0,10.4684788894928,8.284620883973593,75.59264898300171,62.96680569648743,0.3255627751350403,0.11696375906467438
der wind weht meist schwach aus ost bis nordost .,"{'06February_2010_Saturday_tagesschau-7365', 'der wind weht meist schwach und kommt aus nord bis nordwest .'}","(539, 539)","[600, 300]",66.66666666666669,4.931939278832129,49.23659639173309,0.0,41.74128044846464,0.0,35.65506208559251,0.0,71.5542521993491,9.120345385870996,90.69576859474182,65.5370831489563,0.7666345238685608,0.10345878452062607
morgen reichen die temperaturen von zweiundzwanzig grad an der ostsee bis zweiunddreißig grad am oberrhein .,"{'morgen temperaturen von zweiundzwanzig grad an der ostsee bis dreiunddreißig grad am oberrhein .', '27June_2010_Sunday_tagesschau-7392'}","(540, 540)","[542, 39]",80.49580497680256,28.57142857142857,73.26455453039866,0.0,67.6942061413788,0.0,61.88604784965421,0.0,85.90643274850247,30.411449016037423,95.70914506912231,77.19730138778687,0.7129058837890625,0.2147802859544754
guten abend liebe zuschauer .,"{'guten abend liebe zuschauer .', '04January_2010_Monday_heute-7395'}","(541, 541)","[240, 32]",100.00000000000004,15.806680330494807,100.00000000000004,0.0,100.00000000000004,0.0,100.00000000000004,0.0,99.99999999994999,13.132607303005392,99.99997019767761,65.72825312614441,0.9707947373390198,0.18736939132213593
am samstag meist freundlich und überwiegend trocken .,"{'am samstag meist freundlich und trocken .', '29July_2010_Thursday_tagesschau-7420'}","(542, 542)","[103, 279]",86.6877899750182,3.678794411714424,79.13476338264611,0.0,68.80414449957114,0.0,61.29752413741059,0.0,92.5146198830054,5.555555555562963,97.68538475036621,70.47998309135437,0.8312510251998901,0.2033531665802002
dichte wolken und gebietsweise schauer gibt es nur im nordwesten .,"{'abseits der wolken gibt es einzelne schauer nur im nordwesten .', '29July_2010_Thursday_tagesschau-7421'}","(543, 543)","[510, 72]",72.7272727272727,6.650448426457306,53.93598899705937,0.0,40.13422919391943,0.0,29.982213893423374,0.0,63.63636363631363,6.880209184464527,85.79784035682678,64.76821303367615,0.48023509979248047,0.12639251351356506
auch ein paar schneeflocken sind dabei .,"{'die schneefallgrenze sinkt weiter in den nächsten tagen .', '15February_2011_Tuesday_tagesschau-7473'}","(544, 544)","[175, 102]",11.111111111111109,22.185250443644115,0.0,0.0,0.0,0.0,0.0,0.0,12.126865671574393,17.11493718003973,75.7769763469696,65.26638865470886,0.21053333580493927,0.2999562919139862
am tag ist es meist stark bewölkt oder neblig trüb .,"{'am tag ist es meist stark bewölkt oder neblig trüb .', '15February_2011_Tuesday_tagesschau-7474'}","(545, 545)","[207, 500]",100.00000000000004,16.666666666666668,100.00000000000004,0.0,100.00000000000004,0.0,100.00000000000004,0.0,99.99999999994999,18.518518518459263,99.99999403953552,72.47967720031738,0.9609407782554626,0.33741486072540283
heute nacht elf grad in niederbayern und bis ein grad in den nördlichen mittelgebirgen .,"{'heute nacht elf grad in südostbayern und ein grad im nordwesten .', '28May_2010_Friday_tagesschau-7501'}","(546, 546)","[354, 244]",58.410058730355345,7.581633246407919,45.47216904999418,0.0,36.4205353527308,0.0,30.238706547866272,0.0,65.07936507933955,9.28571428570645,85.25084257125854,65.06304740905762,0.599990725517273,0.19199517369270325
deutschland liegt zwischen einem tief bei irland und einem mittelmeerhoch .,"{'deutschland liegt weiterhin zwischen einem atlantikhoch und einem tief über island .', '13July_2009_Monday_tagesschau-7507'}","(547, 547)","[332, 47]",66.66666666666669,16.666666666666668,49.23659639173309,0.0,0.0,0.0,0.0,0.0,60.64073226538829,17.88856304978898,80.93768954277039,64.43777084350586,0.5577870011329651,0.18289925158023834
das hoch lenkt schwül heiße luft in den südosten das tief nur mäßig warme meeresluft in den nordwesten .,"{'13July_2009_Monday_tagesschau-7508', 'sonst überwiegend schwacher wind aus unterschiedlichen richtungen im nordwesten weht er mäßig bis frisch im südwesten auch stark böig .'}","(548, 548)","[375, 401]",15.0,27.468359591685154,0.0,18.145001158743884,0.0,0.0,0.0,0.0,10.24295040037584,32.60051197107588,71.68397307395935,68.88354420661926,0.28417372703552246,0.15534138679504395
an der luftmassengrenze kommt es zu teilweise starken und gewittrigen regenfällen .,"{'13July_2009_Monday_tagesschau-7509', 'im bergland sind zum teil heftige gewitter unterwegs .'}","(549, 549)","[581, 454]",7.961459006375435,8.333333333333332,0.0,0.0,0.0,0.0,0.0,0.0,9.157509157490464,8.662961752148677,72.1552848815918,63.15900683403015,0.38175973296165466,0.15166066586971283
und die breiten sich heute nacht von rheinland pfalz und baden württemberg bis nach thüringen aus .,"{'13July_2009_Monday_tagesschau-7510', 'heute nacht fünfzehn grad im allgäu bis null grad in teilen thüringens und thüringens .'}","(550, 550)","[529, 231]",29.17244396809825,8.067401742967988,13.504217492576947,0.0,0.0,0.0,0.0,0.0,24.806949806913313,10.155316606925242,69.38271522521973,67.99835562705994,0.17453981935977936,0.13243936002254486
am freitag ist es in der nähe der küsten und ganz im süden teilweise stark bewölkt .,"{'23September_2009_Wednesday_tagesschau-7589', 'am freitag ist es an den küsten sowie ganz im süden teilweise stark bewölkt .'}","(551, 551)","[541, 27]",70.01386552343577,3.3059777644317307,62.76193134277607,0.0,57.04450096909639,0.0,51.00714853814581,0.0,74.42084942081291,7.703032415486078,94.52084302902222,65.6945288181305,0.8064568638801575,0.1360752135515213
sonst ist es recht freundlich .,"{'23September_2009_Wednesday_tagesschau-7590', 'sonst wird es morgen vorübergehend freundlicher .'}","(552, 552)","[641, 572]",42.85714285714285,24.76793999286233,0.0,0.0,0.0,0.0,0.0,0.0,45.61717352408751,26.432748537976142,87.272047996521,65.64346551895142,0.44622087478637695,0.21943120658397675
ansonsten wird es überwiegend freundlich .,"{'14March_2011_Monday_tagesschau-7600', 'aber sonst wird es recht freundlich .'}","(553, 553)","[28, 11]",57.14285714285717,9.523809523809524,43.64357804719849,0.0,0.0,0.0,0.0,0.0,60.822898032137594,10.204081632614031,90.36585092544556,68.42782497406006,0.8126638531684875,0.15872862935066223
vor allem im süden können die gewitter unwetterartig ausfallen .,"{'03June_2011_Friday_tagesschau-7644', 'vor allem in der südhälfte muss mit gewittern gerechnet werden die unwetterartig sein können .'}","(554, 554)","[404, 214]",40.0,18.321292103491178,16.90308509457033,0.0,0.0,0.0,0.0,0.0,37.14285714278808,20.26060702364986,81.16436004638672,63.8288676738739,0.7531070113182068,0.21203716099262238
dabei breiten sich heute nacht von nordwesten regenfälle bis in die mitte aus .,"{'03October_2012_Wednesday_tagesschau-7654', 'heute nacht verlagert sich der regen von nordwesten in die mitte .'}","(555, 555)","[424, 24]",63.48612936679603,13.333333333333334,44.206066343488196,0.0,25.47966866641813,0.0,0.0,0.0,60.822898032167124,14.704632384121577,81.20940923690796,63.092827796936035,0.6598958373069763,0.17915737628936768
und nun die wettervorhersage für morgen donnerstag den sechsundzwanzigsten november .,"{'und nun die wettervorhersage für morgen donnerstag den sechsundzwanzigsten november .', '25November_2009_Wednesday_tagesschau-7666'}","(556, 556)","[416, 322]",100.00000000000004,14.285714285714283,100.00000000000004,0.0,100.00000000000004,0.0,100.00000000000004,0.0,99.99999999994999,15.20572450798733,100.0,66.19704961776733,0.9563469886779785,0.2692292332649231
vom atlantik strömt etwas weniger milde luft zu uns .,"{'25November_2009_Wednesday_tagesschau-7668', 'das tief über dem atlantik lenkt von westen etwas mildere luft nach deutschland .'}","(557, 557)","[291, 361]",28.57142857142857,10.510660765630725,0.0,0.0,0.0,0.0,0.0,0.0,31.623931623862493,10.795051611333774,81.70931935310364,67.06424951553345,0.5425631999969482,0.15960539877414703
am freitag wechselhaftes schauerwetter .,"{'25November_2009_Wednesday_tagesschau-7677', 'am freitag regenschauer und gewitter im wechsel .'}","(558, 558)","[558, 46]",37.5,8.591115984887153,23.145502494313785,0.0,0.0,0.0,0.0,0.0,41.91522762944536,10.03798155180206,78.17462086677551,66.41287207603455,0.6096525192260742,0.20455093681812286
im nordwesten sind kurze gewitter möglich .,"{'im nordwesten einzelne gewitter .', '25November_2009_Wednesday_tagesschau-7678'}","(559, 559)","[120, 242]",53.62560368285113,10.000000000000002,29.977623792329556,0.0,0.0,0.0,0.0,0.0,63.247863247849345,10.902255639049976,86.76002025604248,65.57469964027405,0.5847231149673462,0.18776370584964752
morgen bleibt durch diese wetterlage der norden begünstigt mit relativ viel sonne hauptsächlich an der nordsee .,"{'morgen scheint im norden häufig die sonne am häufigsten vor allem an den küsten .', '12April_2010_Monday_heute-7690'}","(560, 560)","[36, 566]",29.17244396809825,9.090909090909093,0.0,0.0,0.0,0.0,0.0,0.0,31.00868725865076,10.03798155174875,78.49724292755127,61.15697622299194,0.4276527166366577,0.16678854823112488
im südwesten ist es zunächst noch freundlich sonst regnet es morgen ab und an .,"{'15October_2009_Thursday_tagesschau-7715', 'sonst ist es zunächst recht freundlich sonst regnet es gebietsweise kräftig .'}","(561, 561)","[341, 400]",51.92005220476034,3.5714285714285716,42.87157212068261,0.0,35.01833430856121,0.0,24.689800508009657,0.0,57.84832451496564,3.736263736235712,79.27964329719543,61.716002225875854,0.5925629138946533,0.26710957288742065
es sorgt nämlich am und ab freitag dafür dass es bei uns stärker schneit .,"{'ab freitag wird es zunehmend schneien .', '06January_2010_Wednesday_tagesschau-7728'}","(562, 562)","[514, 95]",18.223231847084033,15.789473684210527,9.84167002399331,0.0,0.0,0.0,0.0,0.0,29.47821409360765,17.655677655611978,78.67664694786072,67.13389754295349,0.7118927240371704,0.12401098757982254
auch am wochenende schneit es zeitweise .,"{'auch am wochenende fällt gebietsweise schnee .', '06January_2010_Wednesday_tagesschau-7736'}","(563, 563)","[321, 563]",57.14285714285717,7.6923076923076925,43.64357804719849,0.0,33.6478173147995,0.0,0.0,0.0,57.14285714280714,8.582677165291583,83.84088277816772,67.2614574432373,0.7839037775993347,0.248762309551239
es bleibt windig .,"{'06January_2010_Wednesday_tagesschau-7737', 'es bleibt windig .'}","(564, 564)","[564, 444]",100.00000000000004,5.578254003710745,100.00000000000004,0.0,100.00000000000004,0.0,100.00000000000004,0.0,99.99999999994999,10.902255639108146,100.0,63.28098773956299,0.9777525067329407,0.23985114693641663
sehr windiges wetter am dienstag regen schnee und graupelschauer .,"{'04December_2011_Sunday_tagesschau-7791', 'am dienstag regen schnee und graupelschauer .'}","(565, 565)","[87, 183]",65.14390575310559,4.971329537857609,65.14390575310559,0.0,65.14390575310559,0.0,65.14390575310559,0.0,77.66195085627984,5.234239444727041,91.75047278404236,67.71223545074463,0.7592431306838989,0.19305522739887238
im süden regnet oder schneit es länger .,"{'im süden regnet es auch für längere zeit .', '04December_2011_Sunday_tagesschau-7792'}","(566, 566)","[591, 297]",55.55555555555555,11.111111111111109,37.267799624996485,0.0,27.072175360490334,0.0,0.0,0.0,58.42062852532245,12.23203026476393,77.71008014678955,72.85814881324768,0.7053975462913513,0.4699852466583252
und nun die wettervorhersage für morgen samstag den sechsundzwanzigsten januar .,"{'25January_2013_Friday_tagesschau-7811', 'und nun die wettervorhersage für morgen samstag den sechsundzwanzigsten mai .'}","(567, 567)","[213, 157]",90.90909090909088,4.392955283543869,85.28028654224414,0.0,82.70230439802374,0.0,80.70557274927978,0.0,90.9090909090409,5.885225885227509,97.34581112861633,66.47641658782959,0.8436741828918457,0.12207114696502686
und nun die wettervorhersage für morgen montag den vierundzwanzigsten januar zweitausendelf .,"{'23January_2011_Sunday_tagesschau-7823', 'und nun die wettervorhersage für morgen montag den vierundzwanzigsten januar zweiunddreißig grad .'}","(568, 568)","[633, 354]",84.61538461538463,9.090909090909093,79.66275068156918,0.0,77.28038897744274,0.0,75.39221180326287,0.0,87.71974522287258,10.03798155174875,93.4824287891388,65.42192101478577,0.667008101940155,0.260789155960083
liebe zuschauer guten abend .,"{'liebe zuschauer guten abend .', '26May_2010_Wednesday_heute-7863'}","(569, 569)","[520, 505]",100.00000000000004,29.411764705882355,100.00000000000004,0.0,100.00000000000004,0.0,100.00000000000004,0.0,99.99999999994999,17.647058823479416,100.0,69.27008032798767,0.9500744342803955,0.26352208852767944
nordöstlich der elbe morgen örtlich minus ein am oberrhein bis plus acht grad .,"{'an der ostsee heute nacht minus ein am oberrhein bis plus acht grad .', '20February_2010_Saturday_tagesschau-7899'}","(570, 570)","[534, 549]",71.42857142857146,21.42857142857143,66.29935441317961,0.0,63.52994280170822,0.0,61.153805769010226,0.0,71.42857142852144,22.80858676201238,86.43235564231873,70.92185020446777,0.5021907687187195,0.4558830261230469
am ehesten scheint sie noch hier in der osthälfte und auch am alpenrand und dann später auch im südwesten .,"{'15February_2011_Tuesday_heute-7911', 'die sonne zeigt sich bevorzugt im osten und süden sowie an den alpen später auch im südwesten .'}","(571, 571)","[618, 21]",29.82797722714566,6.666666666666667,25.060513474807856,0.0,21.92344268368048,0.0,18.830095106396065,0.0,31.405436668555836,7.435039876449127,81.1497449874878,67.75374412536621,0.6459951400756836,0.3183087110519409
und vor allem im nordwesten kann die sonne rauskommen bei einem frischen nord bis nordostwind .,"{'im westen und nordwesten zeigt sich die sonne auch mal für längere zeit .', '10December_2009_Thursday_heute-7943'}","(572, 572)","[150, 463]",37.15190998929349,10.000000000000002,15.739751171727475,0.0,0.0,0.0,0.0,0.0,33.04093567247908,11.167077483592964,77.79408097267151,67.86661744117737,0.5133897662162781,0.33957669138908386
samstag fällt auch noch schnee .,"{'am samstag fällt immer noch schnee .', '10December_2009_Thursday_heute-7944'}","(573, 573)","[182, 410]",71.42857142857146,4.058155841979373,59.76143046671968,0.0,41.49132666831217,0.0,0.0,0.0,76.0286225401877,6.506912442405105,93.39567422866821,68.49808692932129,0.8470419645309448,0.12837468087673187
teilweise im nordwesten ein bisschen schneeregen .,"{'10December_2009_Thursday_heute-7945', 'im norden und nordwesten scheint die sonne ab und zu mal für längere zeit auch am samstag schneit es zeitweise im norden und westen schneit es zeitweise im nordwesten teilweise regen oder schneeregen .'}","(574, 574)","[551, 505]",14.705882352941176,5.83448879361965,9.440686400617011,0.0,0.0,0.0,0.0,0.0,12.157288067170525,6.201737451700957,72.84349799156189,67.69728064537048,0.4238768219947815,0.18948712944984436
tiefer luftdruck sorgt für regenfälle die teilweise lang anhaltend und ergiebig sind .,"{'tiefer luftdruck bestimmt weiter unser wetter mit schauern und auch mit kräftigem regen .', '13July_2011_Wednesday_tagesschau-7978'}","(575, 575)","[535, 473]",28.57142857142857,9.090909090909093,14.82498633322202,0.0,0.0,0.0,0.0,0.0,29.54867435736067,10.148674854493898,75.27801394462585,67.28938221931458,0.4316858649253845,0.1446639597415924
ja der regen im westen zieht weiter in dieser nacht er wird den osten erreichen wie gesagt anfangs mit schnee auch in den mittelgebirgen .,"{'von westen breitet sich der regen langsam richtung osten aus anfangs fällt auch noch schnee in den mittelgebirgen und im höheren bergland auch schneeregen .', '28January_2013_Monday_heute-7998'}","(576, 576)","[555, 194]",48.00000000000001,21.16204312226535,24.49489742783178,0.0,13.766001254296354,0.0,0.0,0.0,35.99999999995,15.205724508016866,78.12440991401672,65.62277674674988,0.5820516347885132,0.2667787969112396
und nun die wettervorhersage für morgen mittwoch den zwölften januar .,"{'und nun die wettervorhersage für morgen mittwoch den zwölften januar .', '11January_2011_Tuesday_tagesschau-8017'}","(577, 577)","[92, 532]",100.00000000000004,11.372449869611877,100.00000000000004,0.0,100.00000000000004,0.0,100.00000000000004,0.0,99.99999999994999,9.28571428570645,100.0,65.31444787979126,0.9630923271179199,0.11606165766716003
in der nacht ist im nordosten in ostbayern und im bergland teilweise schnee oder gefrierender regen möglich .,"{'im nordosten bayerns sowie in der osthälfte fällt heute nacht schnee oder gefrierender regen .', '11January_2011_Tuesday_tagesschau-8021'}","(578, 578)","[174, 13]",54.58205020519881,18.710139700632354,39.94997008270052,11.181447127419517,27.190689545695275,0.0,19.24443345974271,0.0,47.70283479957892,19.314683442601666,84.75157618522644,63.18439841270447,0.708032488822937,0.24294988811016083
im süden verläuft der tag teilweise freundlich .,"{'im süden wird es in den nächsten tagen recht freundlich teilweise noch längere zeit .', '11January_2011_Tuesday_tagesschau-8032'}","(579, 579)","[311, 532]",33.333333333333336,11.942188509563156,15.430334996209194,7.094717166304939,0.0,0.0,0.0,0.0,29.74015950598347,13.736263736245045,82.18404650688171,64.40577507019043,0.4996680021286011,0.2156517058610916
später ziehen dort auch wolken mit etwas regen auf .,"{'im laufe des tages werden die wolken von westen wieder dichter und bringen regen .', '11November_2009_Wednesday_tagesschau-8041'}","(580, 580)","[301, 398]",19.999999999999996,4.065696597405992,0.0,0.0,0.0,0.0,0.0,0.0,22.28571428564523,5.865886245075155,75.88934898376465,60.35999059677124,0.5450243353843689,0.11893534660339355
der wind weht schwach bis mäßig aus süd bis südwest .,"{'der wind weht schwach bis mäßig an der see auch frisch .', '11November_2009_Wednesday_tagesschau-8042'}","(581, 581)","[105, 586]",58.333333333333336,13.333333333333334,51.49286505444373,0.0,47.335252868199454,0.0,43.36189090348677,0.0,60.64073226538829,14.857142857073798,85.2067768573761,62.3461127281189,0.29455891251564026,0.1898382604122162
mehr wolken als sonne gibt es im norden und osten tropfen fallen nur vereinzelt .,"{'07April_2011_Thursday_tagesschau-8101', 'im norden und nordosten deutschlands gibt es morgen viele wolken aber nur ganz vereinzelt ein paar tropfen .'}","(582, 582)","[228, 155]",55.55555555555555,18.18181818181818,31.31121455425747,0.0,18.29896873800057,0.0,0.0,0.0,35.77712609964235,18.181818181768183,80.59406876564026,65.00236392021179,0.5109543204307556,0.16015882790088654
und nun die wettervorhersage für morgen mittwoch den dreißigsten märz .,"{'und nun die wettervorhersage für morgen mittwoch den dreißigsten märz .', '29March_2011_Tuesday_tagesschau-8108'}","(583, 583)","[568, 589]",100.00000000000004,12.214194735660788,100.00000000000004,0.0,100.00000000000004,0.0,100.00000000000004,0.0,99.99999999994999,13.507071349090833,100.0,63.21053504943848,0.9633428454399109,0.12275201082229614
an der nordsee morgen fünfzehn am hochrhein immerhin bis dreiundzwanzig grad .,"{'27May_2011_Friday_tagesschau-8129', 'am tag fünfzehn grad an der nordsee und dreiundzwanzig grad am oberrhein .'}","(584, 584)","[109, 575]",61.538461538461554,28.496906152442428,39.223227027636796,15.112766687421516,24.09339418591454,0.0,0.0,0.0,47.84713375790443,34.1763499658126,84.32082533836365,78.33716869354248,0.6025770902633667,0.5482915639877319
im norden und in der mitte verläuft die nacht meist klar im süden regnet es gebietsweise .,"{'16June_2010_Wednesday_tagesschau-8148', 'im norden und in der mitte deutschlands ist es heute nacht vielerorts klar im süden regnet es teilweise kräftig .'}","(585, 585)","[441, 471]",64.99999999999999,10.000000000000002,55.48826333938604,0.0,49.288159365841445,0.0,43.319877589068106,0.0,69.36420661342702,11.094564407972461,82.98694491386414,64.47531580924988,0.733820378780365,0.16299422085285187
der regen zieht im laufe der nacht richtung main .,"{'davor und dahinter gibt es dichte wolken mitunter auch dichtere wolken .', '16June_2010_Wednesday_tagesschau-8149'}","(586, 586)","[616, 364]",8.333333333333332,19.47001957678512,0.0,0.0,0.0,0.0,0.0,0.0,8.94428152486229,21.693121693096163,62.762582302093506,66.34703278541565,0.20792409777641296,0.368480920791626
heute nacht gibt es hier und da schauer an der nordsee auch kurze gewitter .,"{'heute nacht gibt es hier und da schauer an der nordsee auch einzelne gewitter .', '20October_2010_Wednesday_tagesschau-8210'}","(587, 587)","[541, 341]",93.33333333333336,0.5464744489458513,89.44271909999159,0.0,85.05807405659806,0.0,82.42367502646057,0.0,93.33333333328332,4.506996420442249,98.40299487113953,64.08608555793762,0.7594818472862244,0.12059688568115234
in der südwesthälfte morgen teils wolken teils längere zeit sonnenschein .,"{'im süden zeigt sich morgen neben dichten wolken auch zeitweise die sonne .', '20October_2010_Wednesday_tagesschau-8214'}","(588, 588)","[465, 273]",23.076923076923073,12.473426467088238,0.0,0.0,0.0,0.0,0.0,0.0,24.659863945514697,12.876455628386699,74.00752305984497,63.405632972717285,0.547940731048584,0.13308289647102356
die norddeutschen kennen es ja heute schon aber es wird jetzt auch die süddeutschen treffen .,"{'14September_2010_Tuesday_heute-8237', 'der norden deutschlands hat ja heute in der nacht schon ein paar schneeschauer im gepäck vor allen dingen im süden .'}","(589, 589)","[23, 615]",19.04761904761905,6.250000000000001,9.759000729485333,0.0,0.0,0.0,0.0,0.0,20.872950512771695,6.946747742698401,69.19564604759216,64.94313478469849,0.3055999279022217,0.2280435711145401
dreh und angelpunkt ist nämlich dieses tiefdruckgebiet über dem nordatlantik es schickt uns den regen letztendlich erst einmal nach norddeutschland aber dann heute nacht mehr und mehr in die mitte .,"{'im norden deutschlands verlagert sich das wolkenband eines tiefausläufers über die nordsee in der nacht richtung mitte .', '14September_2010_Tuesday_heute-8238'}","(590, 590)","[188, 150]",16.189059508257078,7.142857142857142,6.800765282567004,0.0,0.0,0.0,0.0,0.0,14.42888021783826,7.975813417725853,67.74768233299255,64.95948433876038,0.20664793252944946,0.12548917531967163
und es kommt ein neues tief das uns morgen abend dann erreichen wird an der nordsee zum teil mit schweren sturmböen .,"{'14September_2010_Tuesday_heute-8239', 'ein neues tief sorgt bei uns in der nordhälfte für teilweise schwere sturmböen vereinzelt mit orkanartigen böen .'}","(591, 591)","[98, 256]",35.588329018524796,8.333333333333332,18.310044222789276,0.0,11.882732110376478,0.0,0.0,0.0,34.32038834948655,9.319169483275434,75.71602463722229,63.683611154556274,0.576511025428772,0.3378187417984009
die nächte werden auch im moment jetzt sehr warm sein .,"{'09June_2010_Wednesday_heute-8259', 'in der zweiten nachthälfte bleibt es noch warm .'}","(592, 592)","[517, 416]",17.794164509262398,19.999999999999996,0.0,0.0,0.0,0.0,0.0,0.0,19.611650485408884,20.640627553465396,73.7997829914093,67.10236072540283,0.588579535484314,0.3768375515937805
die kommende nacht teilweise nicht unter zwanzig grad in einigen städten .,"{'09June_2010_Wednesday_heute-8260', 'in der nacht sind auch nur vier grad höchsttemperaturen möglich .'}","(593, 593)","[151, 629]",33.203662410264094,11.111111111111109,0.0,0.0,0.0,0.0,0.0,0.0,25.988885256579046,12.280483248156159,70.95613479614258,65.53109288215637,0.2985950708389282,0.20191703736782074
atlantische tiefausläufer bringen uns die ganze woche über regenfälle und zum teil stürmische winde .,"{'12December_2011_Monday_tagesschau-8269', 'ein tiefausläufer lenkt von nordwesten regenwolken und stürmische winde heran .'}","(594, 594)","[379, 72]",31.597451290858128,6.065306597126336,14.820518350489419,0.0,0.0,0.0,0.0,0.0,36.76158096045955,7.428571428563592,76.64579749107361,67.18553304672241,0.530161440372467,0.10243064910173416
am tag dichte wolken aber auch lücken dazu einige schauer an den nordwestseiten der gebirge kann es auch längere zeit regnen oder schneien .,"{'19October_2010_Tuesday_tagesschau-8289', 'am tag dichte wolkenfelder dabei regnet es gebietsweise im nordwesten und an den alpen schneit es teilweise kräftig .'}","(595, 595)","[431, 385]",28.317598348190263,10.000000000000002,19.046210189193328,0.0,11.79306613939746,0.0,0.0,0.0,31.712034037591053,9.99999999995,73.43873977661133,67.1543836593628,0.46173095703125,0.25724107027053833
am abend zum teil bis in tiefere lagen .,"{'19October_2010_Tuesday_tagesschau-8290', 'gegen abend muss dann auch mit bodenfrost gerechnet werden .'}","(596, 596)","[510, 125]",19.999999999999996,10.510841176326924,0.0,0.0,0.0,0.0,0.0,0.0,20.936957779003677,7.936507936515344,70.19590139389038,65.36271572113037,0.32165515422821045,0.11079946160316467
auch vereinzelte graupelschauer oder kurze gewitter sind dabei .,"{'es kann einige hagel geben zum teil mit blitz und donner .', '19October_2010_Tuesday_tagesschau-8291'}","(597, 597)","[264, 155]",8.333333333333332,30.769230769230774,0.0,16.012815380508716,0.0,0.0,0.0,0.0,9.157509157440758,32.87981859404077,63.31995129585266,71.73197865486145,0.18514776229858398,0.36175328493118286
am sonntag legt der wind noch zu dazu von nordwesten wolken und etwas regen .,"{'24November_2011_Thursday_tagesschau-8341', 'am sonntag wird es windig und in der nordwesthälfte wolkig es regnet vereinzelt noch etwas .'}","(598, 598)","[368, 163]",43.74999999999999,14.285714285714283,17.07825127659933,0.0,0.0,0.0,0.0,0.0,38.62936688523374,15.970515970450775,76.32463574409485,68.2332992553711,0.6082459092140198,0.20979222655296326
am montag meist trocken bei einer mischung aus sonne und wolken .,"{'am montag meist trocken sonne und wolken im tagesverlauf .', '24November_2011_Thursday_tagesschau-8342'}","(599, 599)","[470, 224]",65.49846024623854,22.619737864359525,54.582050205198755,0.0,45.0564897182701,0.0,32.16094349518414,0.0,71.55425219938343,19.324894514747236,84.44761037826538,67.4728274345398,0.6185095906257629,0.0963941439986229
hallo und guten abend .,"{'hallo und guten abend .', '28September_2010_Tuesday_heute-8343'}","(600, 600)","[328, 222]",100.00000000000004,6.666666666666667,100.00000000000004,0.0,100.00000000000004,0.0,100.00000000000004,0.0,99.99999999994999,7.456140350810321,100.00002384185791,64.57456350326538,0.983094334602356,0.23113781213760376
regenreiche tage bei uns in deutschland und dadurch auch die lage an einigen flüssen im osten immer noch angespannt .,"{'in den vergangenen tagen gab es in skandinavien vielerorts schauer und gewitter die besonders in der osthälfte unwetterartig ausfallen können .', '28September_2010_Tuesday_heute-8344'}","(601, 601)","[333, 122]",19.04761904761905,19.999999999999996,0.0,0.0,0.0,0.0,0.0,0.0,19.4890214934857,16.531103219100675,66.03469848632812,71.80795669555664,0.24212756752967834,0.2803540825843811
am rhein werden es dann wenigstens mal so fünfzehn bis maximal siebzehn grad .,"{'am rhein morgen fünfzehn am niederrhein bis siebzehn grad .', '28September_2010_Tuesday_heute-8355'}","(602, 602)","[21, 250]",46.92240322249477,8.556951983876534,32.379534425418335,0.0,20.63373300906822,0.0,0.0,0.0,55.34188034186644,11.184210526315402,77.53589153289795,66.9320285320282,0.3647266626358032,0.34185439348220825
am sonntag überall unbeständiges wetter teilweise kräftige regenfälle teilweise auch gewitter .,"{'27May_2010_Thursday_tagesschau-8382', 'am sonntag unbeständiges wetter teilweise regnet es kräftig auch gewitter sind mit dabei .'}","(603, 603)","[17, 235]",57.14285714285717,12.638980516343251,41.93139346887674,0.0,24.469914286107727,0.0,0.0,0.0,60.822898032137594,14.704632384173957,87.26325035095215,64.99789953231812,0.6913557052612305,0.16125038266181946
sie bringen kräftige schauer und gewitter .,"{'29March_2010_Monday_tagesschau-8387', 'dabei breiten sich zum teil kräftige schauer und gewitter aus .'}","(604, 604)","[470, 357]",45.45454545454545,38.46153846153847,36.92744729379982,17.90287185098582,31.1765953881872,0.0,24.808415001701817,0.0,50.77658303457917,30.769230769180773,87.72816061973572,75.92280507087708,0.5969622731208801,0.34292107820510864
die luft die in den kommenden tagen zu uns strömt ist dann kälter .,"{'in den nächsten tagen bestimmt das tief über großbritannien unser wetter .', '29March_2010_Monday_tagesschau-8388'}","(605, 605)","[458, 368]",28.216057496353802,15.708747653616582,14.735355447829402,0.0,0.0,0.0,0.0,0.0,30.41144901606695,18.420724872322825,71.69807553291321,66.29184484481812,0.23116344213485718,0.22918733954429626
wechselhaft bleibt es .,"{'wechselhaft geht es dann auch ins wochenende .', '29March_2010_Monday_tagesschau-8389'}","(606, 606)","[409, 142]",37.5,16.10308485161327,0.0,0.0,0.0,0.0,0.0,0.0,41.66666666660742,18.190298507440197,82.44851231575012,69.31189298629761,0.3167145252227783,0.3322722613811493
am tag ist es im westen freundlich sonst sonne und dichtere wolken im wechsel hier und da fallen einzelne schauer .,"{'03September_2010_Friday_tagesschau-8428', 'am tag ist es im westen zunächst noch freundlich sonst sonne und wolken im wechsel nur hier und da schauer .'}","(607, 607)","[350, 114]",85.7142857142857,2.928857090174741,74.64200272921784,0.0,61.67383923215626,0.0,47.782911636821204,0.0,85.7142857142357,5.225225225235258,90.23761749267578,64.95606303215027,0.5099766850471497,0.12544894218444824
im osten und südosten sind gewitter möglich .,"{'im osten und südosten sind einzelne gewitter möglich .', '03September_2010_Friday_tagesschau-8429'}","(608, 608)","[590, 593]",88.8888888888889,22.22222222222222,81.6496580927726,0.0,72.49202486685948,0.0,59.694917920196445,0.0,93.4730056405521,18.571428571359508,97.38861918449402,66.25406742095947,0.7789669036865234,0.1269557774066925
am sonntag wird es wieder unbeständiger mit einzelnen schauern und gewittern die örtlich heftig sein können .,"{'am sonntag wieder unbeständiges wetter mit schauern und gewittern die teilweise kräftig sein können .', '13August_2009_Thursday_tagesschau-8491'}","(609, 609)","[7, 291]",64.17937672981616,11.942188509563156,49.063258647852145,0.0,36.49737110570295,0.0,24.401942159605262,0.0,68.21911196907547,13.736263736245045,88.03261518478394,63.63148093223572,0.7457366585731506,0.16739055514335632
die neue woche beginnt noch wechselhaft und etwas kühler .,"{'am montag wieder wechselhaft und ein wenig kühler .', '13August_2009_Thursday_tagesschau-8492'}","(610, 610)","[375, 581]",39.77063630286087,8.333333333333332,29.82797722714566,0.0,0.0,0.0,0.0,0.0,41.87391555808737,8.662961752148677,82.93834328651428,62.56895065307617,0.5131229758262634,0.22339478135108948
von westen erreicht uns ein neues atlantiktief mit zum teil kräftigen regenfällen und heftigen gewittern .,"{'von westen macht sich aber im tagesverlauf ein atlantischer tiefausläufer bemerkbar der für teilweise heftige schauer und gewitter sorgt .', '25August_2010_Wednesday_tagesschau-8507'}","(611, 611)","[139, 263]",24.999999999999996,14.108028748176901,11.470786693528089,0.0,0.0,0.0,0.0,0.0,27.11640211633577,15.205724508016866,73.42333197593689,65.39433002471924,0.5320653915405273,0.33498603105545044
im süden bleibt es morgen unter hochdruckeinfluss zunächst noch recht freundlich und warm .,"{'im süden deutschlands wird es morgen dank hochdruckeinfluss noch recht warm .', '25August_2010_Wednesday_tagesschau-8508'}","(612, 612)","[294, 570]",63.48612936679603,3.3059777644317307,44.206066343488196,0.0,0.0,0.0,0.0,0.0,68.42576028619216,7.703032415486078,86.86602711677551,68.27030777931213,0.6682842969894409,0.06738881766796112
heute nacht breitet sich von westen regen aus der teilweise ergiebig sein kann .,"{'25August_2010_Wednesday_tagesschau-8509', 'in der nacht kommt von westen kräftiger regen auf der sich im südwesten teilweise ergiebig ausbreitet .'}","(613, 613)","[35, 239]",52.94117647058824,3.065662009762019,25.724787771376327,0.0,0.0,0.0,0.0,0.0,50.67258717506885,4.629629629637036,78.91556024551392,62.897419929504395,0.5528890490531921,0.10772628337144852
dort morgen sommerlich heiße dreißig grad im emsland kühle sechzehn grad .,"{'am tag dreiundzwanzig grad an der nordsee und achtzehn grad im breisgau .', '25August_2010_Wednesday_tagesschau-8516'}","(614, 614)","[42, 151]",30.769230769230774,6.065306597126336,16.012815380508716,0.0,0.0,0.0,0.0,0.0,23.923566878923538,7.428571428563592,70.77317833900452,64.63080048561096,0.2899433672428131,0.34558457136154175
und nun die wettervorhersage für morgen dienstag den fünften januar .,"{'04January_2010_Monday_tagesschau-8544', 'und nun die wettervorhersage für morgen dienstag den fünften januar .'}","(615, 615)","[331, 290]",100.00000000000004,11.031211282307444,100.00000000000004,0.0,100.00000000000004,0.0,100.00000000000004,0.0,99.99999999994999,11.684125705039227,100.0,63.28843832015991,0.9669466614723206,0.1423652023077011
im norden mäßiger wind an den küsten weht er teilweise frisch .,"{'im norden mäßiger bis frischer an der küste zeitweise starker wind .', '04January_2010_Monday_tagesschau-8550'}","(616, 616)","[382, 572]",49.99999999999999,31.183566167720596,30.15113445777636,0.0,20.870640224232318,0.0,0.0,0.0,41.66666666661667,25.75291125681663,83.24862122535706,67.19814538955688,0.5984293818473816,0.24265722930431366
im süden schwacher wind .,"{'im süden meist schwacher wind .', '04January_2010_Monday_tagesschau-8551'}","(617, 617)","[524, 470]",83.33333333333334,12.638980516343251,70.71067811865471,0.0,49.99999999999999,0.0,0.0,0.0,89.44281524920247,14.704632384173957,86.90252304077148,64.96492028236389,0.829365074634552,0.140841543674469
heute nacht minus zwei grad an der nordsee und bis minus zwanzig grad in einzelnen alpentälern .,"{'heute nacht minus zwei grad am niederrhein und minus zwei grad an den alpen .', '04January_2010_Monday_tagesschau-8552'}","(618, 618)","[455, 272]",58.344887936196514,10.510841176326924,42.70408529483113,0.0,36.619846423295385,0.0,32.195554434125114,0.0,55.81563706560056,15.873015873023277,82.73363709449768,67.12193489074707,0.6077221632003784,0.3549010157585144
also die temperaturen im westen wieder zwischen etwa achtzehn und dreiundzwanzig grad im osten sind es aber nur noch zwölf bis siebzehn grad .,"{'07October_2010_Thursday_heute-8568', 'im westen sind es höchsttemperaturen zwischen achtzehn und dreiundzwanzig im osten dagegen nur zwölf bis siebzehn grad .'}","(619, 619)","[302, 120]",63.6916720510035,10.209462756353926,49.15364238948498,0.0,35.109841115051616,0.0,25.358007468930396,0.0,64.10256410254541,13.968911917101511,86.91732883453369,67.86646842956543,0.7301558256149292,0.4098387360572815
der nordwestwind bläst schwach bis mäßig in der nordosthälfte auch frisch in den hochlagen der östlichen mittelgebirge stark böig .,"{'der wind weht schwach bis mäßig an der see teilweise frisch mit starken böen .', '30July_2011_Saturday_tagesschau-8595'}","(620, 620)","[476, 607]",33.438127826776835,14.108028748176901,18.500758885923073,8.381418000750987,12.356352868640158,0.0,0.0,0.0,38.46153846151976,15.205724508016866,80.00315427780151,70.30768990516663,0.31333932280540466,0.2064046859741211
im weiteren verlauf breitet sich der regen richtung osten aus dann wird es im westen freundlicher .,"{'im laufe des tages verlagert sich der regen in die mitte im westen wird es später freundlicher .', '13November_2009_Friday_tagesschau-8607'}","(621, 621)","[176, 291]",55.55555555555555,5.971094254781576,40.42260417272215,0.0,21.695826461089062,0.0,0.0,0.0,45.63983248016796,6.868131868113174,81.45174980163574,63.26557993888855,0.5349154472351074,0.13822345435619354
im westen und nordwesten frischer wind .,"{'im westen und nordwesten weht der wind schwach bis mäßig .', '13November_2009_Friday_tagesschau-8608'}","(622, 622)","[445, 639]",54.54545454545453,17.647058823529417,40.45199174779453,0.0,33.1300762471962,0.0,25.965358893403383,0.0,60.93189964150868,13.132607302942217,81.95204734802246,66.45374298095703,0.682932436466217,0.17865124344825745
und das wetter bringt dort auch noch sonnenschein am vormittag zumindest .,"{'29April_2010_Thursday_heute-8626', 'und da scheint auch noch mal die sonne am vormittag .'}","(623, 623)","[340, 200]",49.80549361539612,4.393285635262112,30.158724076130884,0.0,0.0,0.0,0.0,0.0,51.97777051319886,7.837837837847869,85.84665060043335,68.14621686935425,0.7289899587631226,0.24965864419937134
nachmittags bilden sich hier in bayern kräftige gewitter .,"{'29April_2010_Thursday_heute-8627', 'im laufe des nachmittags bilden sich in bayern einzelne gewitter .'}","(624, 624)","[561, 357]",63.63636363636361,7.667036788577693,50.4524979109513,0.0,30.467789441246502,0.0,0.0,0.0,68.64077669896378,7.974522292952097,88.08123469352722,59.778451919555664,0.6080669164657593,0.18818210065364838
und nun die wettervorhersage für morgen montag den zwölften april .,"{'11April_2010_Sunday_tagesschau-8632', 'und nun die wettervorhersage für morgen montag den zwölften april .'}","(625, 625)","[495, 434]",100.00000000000004,17.647058823529417,100.00000000000004,0.0,100.00000000000004,0.0,100.00000000000004,0.0,99.99999999994999,11.764705882302941,100.0,64.04740810394287,0.9655739665031433,0.2254469394683838
die schneefallgrenze sinkt auf sechshundert bis dreihundert meter .,"{'die schneefallgrenze sinkt dabei auf sechshundert bis einhundert meter .', '11December_2010_Saturday_tagesschau-8661'}","(626, 626)","[146, 613]",79.99999999999997,10.510841176326924,66.66666666666661,0.0,48.0749856769136,0.0,0.0,0.0,83.7478311161928,15.873015873023277,98.0494499206543,63.58363628387451,0.7381653189659119,0.15699012577533722
und daran ändert sich auch am mittwoch nichts bei minus neun bis minus ein grad .,"{'11December_2010_Saturday_tagesschau-8669', 'am mittwoch ähnliches wetter minus neun bis minus ein grad .'}","(627, 627)","[413, 224]",51.932979731477616,16.48101575501109,48.03605677588393,0.0,43.33297806880342,0.0,40.08711096102352,0.0,62.520729684898356,19.560307182640415,82.63533115386963,65.53637385368347,0.6124862432479858,0.2982770800590515
also wir haben morgen höchsttemperaturen in mitteleuropa von achtzehn bis sechsundzwanzig grad .,"{'und morgen vor allen dingen in mitteleuropa achtzehn bis sechsundzwanzig grad .', '05July_2010_Monday_heute-8688'}","(628, 628)","[427, 149]",61.33629430862157,14.486606950235943,50.64677814068893,0.0,41.36927387662909,0.0,34.68626146171918,0.0,63.796178343907506,20.29734970911885,82.87389278411865,62.69173622131348,0.5854106545448303,0.31372180581092834
östlich also über osteuropa noch hochsommerlich warm mit um die fünfundzwanzig grad .,"{'05July_2010_Monday_heute-8689', 'es wird ja in osten europas noch heißer bis fünfundzwanzig grad .'}","(629, 629)","[277, 525]",30.668147154310777,24.000000000000004,22.64992775278616,17.32050807568877,16.774418675190393,13.766001254296354,0.0,10.435185733665413,31.89808917193299,22.34743317539425,76.33342146873474,68.55037808418274,0.5213077068328857,0.22088947892189026
und nun die wettervorhersage für morgen montag den fünfundzwanzigsten januar .,"{'und nun die wettervorhersage für morgen montag den fünfundzwanzigsten januar .', '24January_2010_Sunday_tagesschau-8703'}","(630, 630)","[35, 568]",100.00000000000004,16.666666666666668,100.00000000000004,0.0,100.00000000000004,0.0,100.00000000000004,0.0,99.99999999994999,16.666666666616667,100.0,60.85237264633179,0.9783989787101746,0.1150006651878357
dort wird es am dienstag windig dazu gibt es einzelne schauer .,"{'06October_2012_Saturday_tagesschau-8742', 'am dienstag ist es im osten windig dazu verwandelt sich der regen in schauer .'}","(631, 631)","[25, 364]",46.66666666666667,21.052631578947366,31.62277660168379,0.0,0.0,0.0,0.0,0.0,43.386243386177036,17.178034004232526,81.83586001396179,63.74383568763733,0.4799649715423584,0.1880582571029663
im süden und südwesten gebietsweise regen sonst recht freundlich .,"{'in der südwesthälfte regnet es gebietsweise richtung osten ist es teilweise freundlich .', '06October_2012_Saturday_tagesschau-8743'}","(632, 632)","[639, 411]",23.076923076923073,4.555807961771006,13.867504905630724,0.0,0.0,0.0,0.0,0.0,25.242414763773358,7.36955352340862,74.29311871528625,62.09571361541748,0.4798535704612732,0.17289279401302338
im laufe des wochenendes wird es dann immer trockener kalt bleibt es aber .,"{'11February_2010_Thursday_tagesschau-8761', 'am wochenende wird es vorübergehend trockener aber es bleibt kalt .'}","(633, 633)","[140, 348]",55.36730085068171,11.540662162550579,20.530744640169807,0.0,0.0,0.0,0.0,0.0,38.89570552144881,13.893495485524857,85.78387498855591,60.58259606361389,0.7264826893806458,0.10204615443944931
und nun die wettervorhersage für morgen samstag den zwölften september .,"{'und nun die wettervorhersage für morgen samstag den zwölften september .', '11September_2009_Friday_tagesschau-8771'}","(634, 634)","[347, 51]",100.00000000000004,44.12484512922977,100.00000000000004,32.224230698268144,100.00000000000004,23.56821847013392,100.00000000000004,17.26583259675429,99.99999999994999,46.736502820268875,100.0,77.30972170829773,0.9818661212921143,0.4388854503631592
relativ kühle luft strömt zu uns nach deutschland .,"{'es lenkt kühlere luft nach deutschland .', '11September_2009_Friday_tagesschau-8772'}","(635, 635)","[502, 320]",42.94155960430207,11.809163818525365,32.79715789102869,0.0,25.28557067361726,0.0,0.0,0.0,48.50746268654467,15.97051597051827,83.17604660987854,71.89395427703857,0.5638492703437805,0.30895960330963135
tiefausläufer erreichen uns zunächst nur in abgeschwächter form .,"{'tiefdruckgebiete bestimmen unser wetter nur noch schwacher wind .', '11September_2009_Friday_tagesschau-8773'}","(636, 636)","[108, 330]",22.22222222222222,9.523809523809524,0.0,0.0,0.0,0.0,0.0,0.0,22.222222222172224,10.611782477279894,73.7818956375122,68.17002296447754,0.3981112837791443,0.2746754288673401
sonst ein wechsel aus sonne und wolken .,"{'11September_2009_Friday_tagesschau-8780', 'sonst mal sonne mal wolken .'}","(637, 637)","[460, 22]",47.76875403825263,6.974431633993653,26.16402413066696,4.223228081257927,0.0,0.0,0.0,0.0,54.945054945036254,12.646109906394013,83.70819091796875,66.29951596260071,0.5996173024177551,0.33623799681663513
der wind weht schwach bis mäßig an der nordsee und im bergland auch frischer wind .,"{'der wind weht schwach bis mäßig an der nordsee sowie auf den bergen teilweise frisch .', '11September_2009_Friday_tagesschau-8781'}","(638, 638)","[437, 10]",62.50000000000002,9.523809523809524,57.73502691896257,0.0,55.03212081491043,0.0,52.664038784792666,0.0,62.49999999994999,10.450450450399122,91.9906497001648,64.44320678710938,0.7217814922332764,0.1827562004327774
heute nacht liegen die werte zwischen vierzehn und sieben grad .,"{'11September_2009_Friday_tagesschau-8782', 'heute nacht vierzehn bis sieben grad .'}","(639, 639)","[435, 489]",48.40441045780793,2.967831244908582,36.969479148769494,0.0,24.899050999780567,0.0,0.0,0.0,60.931899641572784,6.0404858299699615,85.7414186000824,66.84170365333557,0.7261565327644348,0.08622346073389053
am sonntag vor allem in der südosthälfte gewitterschauer sonst setzt sich wieder meist die sonne durch .,"{'01July_2010_Thursday_tagesschau-8797', 'am sonntag vor allem im südosten einzelne gewitter sonst scheint verbreitet die sonne .'}","(640, 640)","[323, 316]",46.1210141145937,5.882352941176471,33.843571825396296,0.0,24.883569358266897,0.0,18.336673852940624,0.0,50.67258717510512,6.578724843498791,88.12843561172485,66.81342720985413,0.501098096370697,0.28239554166793823
heute nacht neunzehn bis fünfzehn grad im südosten bis zwölf grad .,"{'heute nacht werte zwischen neunzehn und vierzehn grad im südosten bis zwölf grad .', '21August_2010_Saturday_tagesschau-8822'}","(641, 641)","[8, 600]",71.42857142857146,14.285714285714283,62.01736729460425,0.0,54.317337042333705,0.0,49.132705481444226,0.0,76.0286225401877,15.811965811896684,92.40026473999023,67.23460555076599,0.7440766096115112,0.3982613980770111
