refs,hyps,original_bleu1,original_bleu2,original_bleu3,original_bleu4,reordered_bleu1,reordered_bleu2,reordered_bleu3,reordered_bleu4,original_rouge,reordered_rouge,original_bert,reordered_bert,original_bleurt,reordered_bleurt
,"{'25October_2010_Monday_tagesschau-17', 'die regenwolken lassen im laufe des tages nach am alpenrand schwächt sich ein wenig ab im norden und nordosten regnet es mitunter kräftig sonst zeigen sich auch die sterne .'}",26.66666666666667,16.609095970747997,12.536837148130132,9.24272533424404,19.999999999999996,14.383899044561527,11.39047247542511,8.601325107393585,28.621700879701006,21.693121693055346,73.9209234714508,74.60846304893494,0.40106087923049927,0.4357929825782776
,"{'am donnerstag regnet es in der nordwesthälfte ab und an richtung südosten ist es mal sonnig mal wolkig und im laufe des freitags erwartet uns dann verbreitet unbeständiges wetter .', '25October_2010_Monday_tagesschau-24'}",30.000000000000004,14.383899044561527,0.0,0.0,26.66666666666667,13.561270072416209,0.0,0.0,29.714285714216647,26.06987802350006,76.97002291679382,77.35027074813843,0.5554611086845398,0.5869746208190918
,"{'ein kräftiges tief über der nordsee sorgt ab morgen früh für teilweise kräftige schneefälle und gefrierenden regen .', '15December_2010_Wednesday_tagesschau-37'}",42.3240862445307,29.034083633546143,20.738688197662302,0.0,19.885318151430436,0.0,0.0,0.0,40.54859868810035,15.702718334258565,81.85043931007385,77.25269198417664,0.6861161589622498,0.5953682661056519
,"{'10March_2011_Thursday_heute-58', 'am wochenende wieder sonniger am samstag in küstennähe kühle temperaturen bis siebzehn grad .'}",34.98362686875651,23.766694364746083,18.745356891893348,14.306909193989338,14.992982943752793,8.982966110742629,0.0,0.0,40.60189524105358,11.600541497431802,78.59607338905334,75.39823651313782,0.5523226857185364,0.46273231506347656
,"{'14August_2009_Friday_tagesschau-62', 'deutschland liegt morgen unter hochdruckeinfluss und einer mischung aus wolken und nebel .'}",53.846153846153854,42.365927286816174,36.58086754000064,31.455601883230702,38.46153846153847,17.90287185098582,0.0,0.0,57.539682539618994,25.242414763773358,83.81776809692383,77.08548307418823,0.5496571660041809,0.4559747576713562
,"{'am sonntag im norden und westen mal sonne mal wolken mit einzelnen gewittern .', '14August_2009_Friday_tagesschau-73'}",46.1210141145937,29.309392955596486,17.944158607337513,0.0,37.15190998929349,15.739751171727475,0.0,0.0,44.33851377821339,19.824561403473222,82.67254829406738,80.02479672431946,0.5533656477928162,0.4271166920661926
,"{'14August_2009_Friday_tagesschau-75', 'hier und da gibt es schauer oder gewitter die heftig sein können .'}",61.538461538461554,59.914468951527816,58.06850761490637,55.93684915933074,38.46153846153847,25.318484177091666,17.99537517757171,0.0,68.35269993157804,34.33070866135458,88.2727324962616,84.6912145614624,0.7539201378822327,0.7290667295455933
,"{'im laufe des tages wird es bei uns winterlicher mit schneeschauern .', '26January_2010_Tuesday_heute-105'}",15.163266492815833,0.0,0.0,0.0,10.987343836674063,0.0,0.0,0.0,18.571428571420732,13.040204788422677,76.31157636642456,70.62550783157349,0.5500715374946594,0.49396824836730957
,"{'am wochenende wird es noch kälter .', '26January_2010_Tuesday_heute-106'}",34.96726139692524,29.255709848175414,20.311732914425207,0.0,34.96726139692524,23.887187063648838,17.743933078983154,0.0,46.59584741670813,46.59584741670813,87.02893257141113,84.5100998878479,0.7037301659584045,0.6437015533447266
,"{'morgen erwartet uns eine meist trübe mischung aus nebel wolken und sonne .', '01November_2010_Monday_tagesschau-133'}",69.23076923076921,58.834840541455215,50.11627948853365,39.832871551569504,53.846153846153854,36.68996928526713,23.04450251853145,0.0,69.23076923071922,39.872611464910804,86.538827419281,81.61894679069519,0.6652044057846069,0.6291192173957825
,"{'später bilden sich stellenweise nebel oder hochnebelfelder .', '01November_2010_Monday_tagesschau-136'}",66.18726769384463,40.8516685199919,29.062112480751335,0.0,62.50000000000002,42.25771273642582,30.98990471205468,0.0,70.10475423042197,62.49999999994999,92.66390800476074,92.28715300559998,0.7891693711280823,0.7363367080688477
,"{'01November_2010_Monday_tagesschau-137', 'morgen lässt der schneefall allmählich nach .'}",28.57142857142857,0.0,0.0,0.0,0.0,0.0,0.0,0.0,28.571428571378572,0.0,72.51540422439575,73.23883771896362,0.26419365406036377,0.21852374076843262
,"{'in weiten teilen deutschlands schwacher bis mäßiger wind aus unterschiedlichen richtungen .', '08May_2010_Saturday_tagesschau-175'}",16.666666666666668,0.0,0.0,0.0,16.666666666666668,0.0,0.0,0.0,18.571428571359508,18.571428571359508,72.27896451950073,72.37538695335388,0.47466546297073364,0.47916311025619507
,"{'die feuchte luft im südosten verlagert sich nach osten in der sich einzelne gewitterschauer und gewitter entwickeln können .', '08May_2010_Saturday_tagesschau-176'}",47.368421052631575,39.735970711951325,30.316565239292984,20.42819529610957,21.052631578947366,15.29438225803745,11.122565872945906,0.0,50.68918302138757,22.904045338998987,79.67222929000854,72.67404198646545,0.435840904712677,0.4030911326408386
,"{'24November_2011_Thursday_heute-224', 'ähnliches wetter dann auch heute mit sechs bis elf grad .'}",45.45454545454545,30.15113445777636,21.616643908267584,0.0,27.272727272727277,16.514456476895415,0.0,0.0,45.454545454495445,28.44272844266985,80.34471869468689,77.16657519340515,0.7120193839073181,0.7052946090698242
,"{'in der nordhälfte beginnt die nacht mit teilweise kräftigen schauern und gewittern die später auch mal dichter werden .', '21August_2011_Sunday_tagesschau-263'}",31.460935049288132,17.277390606799415,11.445765832396242,0.0,18.949213184258085,9.734232924857073,0.0,0.0,28.95984463354106,14.925558312615781,82.02288150787354,76.33553147315979,0.5260024070739746,0.5077018141746521
,"{'22November_2010_Monday_heute-283', 'bis zum abend beruhigt sich das wetter vorübergehend bevor sich wieder der nebel ausbreitet .'}",26.66666666666667,19.51800145897067,14.310092685025484,0.0,19.999999999999996,16.90308509457033,13.001582051648183,0.0,27.520836737972665,21.693121693055346,74.59182143211365,74.61034059524536,0.4549911618232727,0.35821348428726196
,"{'und nun die wettervorhersage für morgen freitag den fünfzehnten oktober .', '14October_2010_Thursday_tagesschau-287'}",100.00000000000004,100.00000000000004,100.00000000000004,100.00000000000004,81.81818181818183,75.67874686642696,68.26924810955322,58.77283725105324,99.99999999994999,85.32818532812672,99.99999403953552,94.28704380989075,1.0014368295669556,0.8411544561386108
,"{'14October_2010_Thursday_tagesschau-290', 'an den küsten ist es stark bewölkt in der nordhälfte regnet es mitunter kräftig .'}",10.916410041039759,0.0,0.0,0.0,5.83448879361965,0.0,0.0,0.0,11.92570869987219,6.201737451700957,69.00002956390381,69.38992738723755,0.4174814224243164,0.38027188181877136
,"{'heute nacht ist es im süden verbreitet klar örtlich bildet sich nebel .', '14October_2010_Thursday_tagesschau-291'}",69.23076923076921,58.834840541455215,50.11627948853365,44.08231875586728,46.15384615384615,33.968311024337865,0.0,0.0,69.23076923071922,15.949044585929906,82.34025239944458,77.59137153625488,0.5671554207801819,0.5158244967460632
,"{'im norden und nordwesten regnet es gebietsweise teilweise auch kräftig auch gewitter sind mit dabei .', '14October_2010_Thursday_tagesschau-294'}",56.24999999999999,43.30127018922193,29.92042402942877,21.305413619585096,31.250000000000007,0.0,0.0,0.0,56.24999999994999,25.752911256803817,84.0405523777008,71.56479358673096,0.6818984746932983,0.5677313208580017
,"{'morgen wird es überwiegend sonnig .', '06April_2010_Tuesday_tagesschau-306'}",23.884377019126312,0.0,0.0,0.0,14.108028748176901,0.0,0.0,0.0,27.47252747250878,15.205724508016866,78.60280275344849,75.77282190322876,0.8263768553733826,0.6748780608177185
,"{'am samstag regnet es in der südosthälfte gebietsweise kräftig an der nordsee ist es weiter windig sonst regnet es mancherorts und stellenweise zeigt sich die sonne .', '12May_2010_Wednesday_tagesschau-323'}",66.66666666666669,55.470019622522905,44.16635478536996,34.61631665891904,48.148148148148145,33.333333333333336,20.714883373025728,0.0,64.10531683614703,45.25081188432329,84.36076045036316,79.04160022735596,0.6298196315765381,0.568444013595581
,"{'am donnerstag in der südosthälfte weiter unbeständiges wetter in der nordwesthälfte wird es zunehmend freundlicher .', '12April_2010_Monday_tagesschau-365'}",43.74999999999999,29.580398915498076,18.420157493201934,0.0,24.999999999999996,12.909944487358057,0.0,0.0,43.74999999995,25.752911256803817,83.91677141189575,79.23348546028137,0.6356192827224731,0.5197622776031494
,"{'im westen und nordwesten lockert es später wieder auf .', '12July_2010_Monday_tagesschau-373'}",63.33861926251719,50.469419878866006,38.623864841264314,29.377167835760567,49.99999999999999,40.82482904638629,34.66806371753173,27.77619034011791,66.36636636632652,39.999999999950006,87.60111331939697,84.37916040420532,0.7550827860832214,0.6587315201759338
,"{'morgen im osten und südosten eine mischung aus sonne und wolken teilweise gibt es kräftige schauer oder gewitter .', '12July_2010_Monday_tagesschau-374'}",80.53415603309686,69.5163277396321,58.93407892484591,48.98448862114775,74.89969579077137,62.83114471916325,50.94069779233908,39.159269732992925,74.62779156323612,61.457702402539624,93.26954483985901,92.0557975769043,0.719115138053894,0.7050862312316895
,"{'17February_2011_Thursday_heute-387', 'am tag null grad bei dauerfrost im norden bis minus fünf grad .'}",61.07097367830395,53.18203081300615,46.733515317882976,42.43076721113252,39.572488576635756,23.78010611012886,16.396083391577736,0.0,60.78182107100406,28.284278535500345,80.26453256607056,72.30914235115051,0.4791969060897827,0.3973032832145691
,"{'in der neuen woche strömt dann noch kühlere luft zu uns .', '17April_2010_Saturday_tagesschau-399'}",56.43211499270762,29.47071089565879,0.0,0.0,30.668147154310777,22.64992775278616,0.0,0.0,45.617173524117035,31.89808917193299,82.58302211761475,76.58227682113647,0.7080582976341248,0.6281342506408691
,"{'17April_2010_Saturday_tagesschau-406', 'am dienstag scheint häufig die sonne hier und da aber auch mal dichtere wolken und gelegentlich unbeständige schauer oder gewitter .'}",23.80952380952381,15.430334996209194,0.0,0.0,9.523809523809524,0.0,0.0,0.0,25.751375758365096,10.300550303306538,76.29712224006653,71.85711860656738,0.49055761098861694,0.35543859004974365
,"{'am sonntag im norden und in der mitte niederschläge im norden und nordwesten im norden stürmische böen .', '01October_2009_Thursday_tagesschau-420'}",61.1111111111111,53.62664443598957,47.59896445368891,43.54294657746997,27.777777777777775,18.077538151554684,12.6877962834825,0.0,64.26269137786073,28.524895300084204,85.64649224281311,71.26352787017822,0.43845903873443604,0.37411755323410034
,"{'01October_2009_Thursday_tagesschau-421', 'richtung süden ist es freundlicher .'}",33.333333333333336,0.0,0.0,0.0,0.0,0.0,0.0,0.0,35.77712609964235,0.0,70.81350684165955,72.24115133285522,0.6988848447799683,0.6124606728553772
,"{'am donnerstag gibt es wieder eine neue wetterfront ein neues unwettertief das für deutschland temperaturunterschiede sorgt mit sechsundzwanzig bis sechsundzwanzig grad .', '04May_2010_Tuesday_heute-460'}",27.272727272727277,11.396057645963799,0.0,0.0,4.545454545454546,0.0,0.0,0.0,28.44272844266985,4.740454740396151,76.89290046691895,74.26016330718994,0.5121685862541199,0.41580939292907715
,"{'auch am samstag regnet oder schneit es verbreitet später wird es im westen und norden freundlicher .', '30January_2013_Wednesday_tagesschau-476'}",100.00000000000004,100.00000000000004,100.00000000000004,100.00000000000004,82.35294117647057,71.7430053979439,62.161569436580436,51.18285025257892,99.99999999994999,42.34654234648664,100.0,89.84847068786621,0.9527773261070251,0.6263903379440308
,"{'07February_2010_Sunday_tagesschau-499', 'im südwesten werte nahe dem gefrierpunkt im osten bis minus sieben grad .'}",78.35055280819599,69.5459380028764,62.51222329149687,57.991506770919095,61.538461538461554,55.470019622522905,48.18678837182909,38.67706276352344,81.25885448285601,61.53846153841154,93.251633644104,92.07602143287659,0.6937987208366394,0.737592875957489
,"{'im süden beginnt die nacht teilweise noch frostig .', '20October_2011_Thursday_tagesschau-506'}",9.942659075715216,0.0,0.0,0.0,0.0,0.0,0.0,0.0,10.4684788894928,0.0,72.08980321884155,72.28941917419434,0.5898697376251221,0.5519232153892517
,"{'am tag sechs grad an den alpen dreizehn grad am oberrhein .', '20October_2011_Thursday_tagesschau-513'}",92.00444146293236,87.72279297934199,82.73854775325815,76.7733168433653,83.33333333333334,67.41998624632421,44.9644313022609,0.0,95.69426751588205,66.66666666661666,94.06973719596863,90.84765911102295,0.7926496267318726,0.6904479265213013
,"{'14October_2009_Wednesday_tagesschau-516', 'und nun die wettervorhersage für morgen sonntag den fünfzehnten oktober .'}",90.90909090909088,85.28028654224414,78.56009758726493,70.16879391277372,90.90909090909088,73.85489458759959,62.35319077637435,49.616830003403614,90.9090909090409,81.8181818181318,96.58164978027344,92.82518029212952,0.8222200870513916,0.7679569721221924
,"{'heute nacht plus vier grad an der ostsee und minus ein grad in der mitte .', '14October_2009_Wednesday_tagesschau-526'}",74.99999999999997,63.245553203367585,55.5513224287824,50.67309892897293,68.75000000000001,52.44044240850757,33.99472648478799,0.0,74.99999999994999,51.50582251366368,86.58687472343445,84.48004722595215,0.6315721273422241,0.6395331621170044
,"{'und nun die wettervorhersage für morgen mittwoch den dreizehnten oktober .', '12October_2009_Monday_tagesschau-548'}",90.90909090909088,85.28028654224414,78.56009758726493,70.16879391277372,72.7272727272727,66.05782590758162,57.88357480954935,46.92470064105599,90.9090909090409,75.84727584721726,97.10006713867188,93.03156733512878,0.7962015271186829,0.73145592212677
,"{'im nordwesten freundlicher .', '12October_2009_Monday_tagesschau-560'}",30.326532985631665,0.0,0.0,0.0,19.47001957678512,0.0,0.0,0.0,37.1428571428493,21.693121693096163,80.73759078979492,80.24423718452454,0.4280964732170105,0.2691669464111328
,"{'12October_2009_Monday_tagesschau-561', 'auch am donnerstag noch wechselhaftes wetter .'}",71.42857142857146,48.795003647426675,36.24601243342974,0.0,42.85714285714285,37.79644730092272,30.571070873287994,0.0,57.14285714280714,45.61717352408751,80.65609931945801,87.33965754508972,0.7117519378662109,0.6898206472396851
,"{'am freitag gibt es viele wolken die gebietsweise regen bringen .', '12October_2009_Monday_tagesschau-562'}",72.7272727272727,60.3022689155527,43.233287816535174,0.0,54.54545454545453,23.35496832484569,0.0,0.0,78.44660194168223,30.113944655384127,88.87308239936829,84.39257144927979,0.7833080887794495,0.7628347873687744
,"{'im osten und südosten schneit es teilweise noch kräftig .', '12October_2009_Monday_tagesschau-563'}",49.99999999999999,40.82482904638629,34.66806371753173,27.77619034011791,30.000000000000004,25.819888974716118,20.274006651911343,0.0,52.34239444759824,32.539682539616194,79.69982624053955,78.41956615447998,0.7236624360084534,0.6415992975234985
,"{'25February_2011_Friday_tagesschau-568', 'am tag in der osthälfte viel sonne in der westhälfte hier und da schauer zwischen niederrhein und küsten .'}",57.89473684210525,47.44957310981936,37.5570866689132,28.52636439147137,47.368421052631575,36.27381250550059,24.92235974845725,0.0,61.953445915043446,51.534102012831305,84.05616283416748,79.59371209144592,0.3931625187397003,0.3714768886566162
,"{'09July_2010_Friday_tagesschau-591', 'später sind die schauer und gewitter dann meist nur noch im westen unterwegs aber besserung in der osthälfte und im osten ist das gewitterrisiko am höchsten .'}",33.333333333333336,19.611613513818398,11.544156732643193,0.0,25.925925925925927,14.121975762272054,0.0,0.0,24.640192901746765,16.507936507867445,74.97621774673462,73.76728653907776,0.4619298577308655,0.42502903938293457
,"{'morgen vormittag an der ostsee noch kräftige böen sonst weht der wind schwach bis mäßig .', '06October_2010_Wednesday_tagesschau-638'}",73.01257341294418,67.44612626270498,63.25149411058876,59.01281683318052,58.410058730355345,46.07447567790887,32.843301010250215,21.463762655360732,81.34920634918082,48.809523809498266,92.9410994052887,87.39728927612305,0.7425431609153748,0.6584768295288086
,"{'14December_2010_Tuesday_heute-650', 'allerdings gibt es schon plusgrade sonst bleibt es überall frostig .'}",45.45454545454545,36.92744729379982,24.744880157997635,0.0,27.272727272727277,23.35496832484569,18.232183586428963,0.0,45.454545454495445,28.44272844266985,83.25008749961853,82.07460045814514,0.5642375349998474,0.5339155793190002
,"{'14December_2010_Tuesday_heute-651', 'vor allem kälter bleibt es im süden und osten .'}",19.999999999999996,0.0,0.0,0.0,0.0,0.0,0.0,0.0,19.999999999950003,0.0,74.30229187011719,72.75264263153076,0.5406215786933899,0.5892319679260254
,"{'und nun die wettervorhersage für morgen sonntag den zwölften juni .', '11July_2009_Saturday_tagesschau-655'}",90.90909090909088,85.28028654224414,82.70230439802374,80.70557274927978,72.7272727272727,66.05782590758162,57.88357480954935,46.92470064105599,90.9090909090409,75.84727584721726,98.78705143928528,95.21478414535522,0.7858079075813293,0.7181365489959717
,"{'11July_2009_Saturday_tagesschau-664', 'heute nacht sinken die temperaturen auf vierzehn bis sieben grad .'}",83.00915602566019,82.59306741035519,82.11410885863806,81.55395405382076,63.63636363636361,35.67530340063379,24.182300505090147,0.0,86.62961752202527,45.454545454495445,95.00563144683838,90.90186357498169,0.8287153840065002,0.7832436561584473
,"{'11July_2009_Saturday_tagesschau-665', 'morgen reichen die temperaturen von siebzehn grad im vogtland bis fünfundzwanzig grad am oberrhein .'}",59.999999999999986,50.70925528371098,42.93027805507643,33.88714363186177,46.66666666666667,40.82482904638629,33.755319058958186,23.793665482062607,63.63962670489127,50.61728395055094,85.36806106567383,83.12921524047852,0.6663855910301208,0.5737655162811279
,"{'am dienstag und mittwoch wechseln sich sonne und wolken ab hier und da fallen schauer in der südosthälfte auch kräftige gewitter .', '11July_2009_Saturday_tagesschau-667'}",59.09090909090908,44.381268229929724,34.025914324743205,25.376192011638008,22.727272727272727,10.40312973220599,0.0,0.0,58.834951456245335,19.870188291173317,88.2509708404541,77.45696902275085,0.6934925317764282,0.5744332671165466
,"{'31January_2011_Monday_tagesschau-668', 'und nun die wettervorhersage für morgen dienstag den ersten februar .'}",100.00000000000004,100.00000000000004,100.00000000000004,100.00000000000004,81.81818181818183,75.67874686642696,68.26924810955322,58.77283725105324,99.99999999994999,85.32818532812672,100.0,95.990651845932,0.9467209577560425,0.8145972490310669
,"{'in der osthälfte zunächst noch freundlich später auch im nordwesten sonnig sonst wolkenlücken .', '04August_2011_Thursday_tagesschau-712'}",33.80065871308584,23.384400828851977,16.859213520829393,0.0,21.66180927545119,10.053147792686879,0.0,0.0,43.75964053383281,26.530612244890122,76.0647714138031,70.5271303653717,0.45395833253860474,0.39568591117858887
,"{'bei schauern und gewittern starke böen .', '04August_2011_Thursday_tagesschau-713'}",16.13480348593598,0.0,0.0,0.0,9.30627225044365,0.0,0.0,0.0,20.31063321385475,11.094564408029663,76.12583041191101,67.75617003440857,0.3909981846809387,0.2989802062511444
,"{'am tag halten sich über dem bergland zunächst noch viele wolken später bilden sich vor allem im südwesten einzelne gewitter .', '26June_2010_Saturday_tagesschau-724'}",45.40461689683223,29.425554861891772,16.31817840978898,0.0,28.57142857142857,20.701966780270627,13.114644961908686,0.0,32.522979556939106,19.04761904756905,75.42899250984192,72.3332166671753,0.3800554871559143,0.29623275995254517
,"{'26June_2010_Saturday_tagesschau-725', 'der wind weht meist nur schwach .'}",64.41233940645306,28.403171905560104,0.0,0.0,61.91984998215586,51.80586332905648,45.316732120693715,37.68499164492418,48.50746268654467,66.08187134499369,85.8873188495636,89.7695779800415,0.5823796391487122,0.5746365785598755
,"{'und jetzt wünsche ich ihnen noch einen schönen abend .', '19April_2010_Monday_heute-782'}",90.0,89.44271909999159,88.79040017426006,88.01117367933934,70.00000000000003,39.44053188733078,26.89047743374241,0.0,94.21631000572432,54.232804232737884,98.52739572525024,96.02192044258118,0.912156879901886,0.8389930725097656
,"{'im westen und nordwesten gibt es einzelne schauer .', '06October_2011_Thursday_tagesschau-823'}",77.77777777777777,69.72166887783968,59.281555074834415,43.167001068522545,55.55555555555555,45.64354645876385,30.98990471205468,0.0,81.78887993547556,36.380597014857976,95.80303430557251,90.14730453491211,0.681448221206665,0.6017855405807495
,"{'06October_2011_Thursday_tagesschau-825', 'der wind weht schwach bis mäßig an den küsten frisch dort bei schauern stürmische böen .'}",46.632887897647514,16.054079841168555,0.0,0.0,27.578028205768614,0.0,0.0,0.0,28.160657234108427,17.526188557577502,77.91693806648254,72.84625172615051,0.43255531787872314,0.2996918261051178
,"{'04December_2009_Friday_tagesschau-833', 'und nun die wettervorhersage für morgen samstag den fünften september .'}",90.90909090909088,85.28028654224414,82.70230439802374,80.70557274927978,72.7272727272727,66.05782590758162,57.88357480954935,46.92470064105599,90.9090909090409,75.84727584721726,95.60820460319519,93.29474568367004,0.8064404129981995,0.7447795271873474
,"{'das wetter beruhigt sich vorübergehend und morgen übernimmt wieder ein atlantischer tiefausläufer die wetterregie .', '04December_2009_Friday_tagesschau-834'}",26.66666666666667,0.0,0.0,0.0,19.999999999999996,0.0,0.0,0.0,28.284278535472772,21.693121693055346,74.18288588523865,73.05471301078796,0.5763380527496338,0.5366912484169006
,"{'wolken bringt regen im bergland zum teil auch schnee .', '04December_2009_Friday_tagesschau-835'}",51.85727544772027,35.78491978780161,22.803801652959717,0.0,37.04091103408589,24.693940689390597,0.0,0.0,58.89896778227458,33.656553018433485,84.77250337600708,81.19529485702515,0.44127577543258667,0.42452579736709595
,"{'04December_2009_Friday_tagesschau-844', 'am sonntag wird es milder dazu viele wolken und zeitweise regen in der nordwesthälfte windig .'}",55.156056411537236,36.02778518198154,20.15054334497523,0.0,20.725727954510006,10.702719894112372,0.0,0.0,58.42062852534542,22.528525787280497,86.6607666015625,77.865731716156,0.7187913060188293,0.56270831823349
,"{'am montag und dienstag unbeständiges wetter hier und da zeigt sich auch mal die sonne .', '04December_2009_Friday_tagesschau-845'}",74.99999999999997,63.245553203367585,52.275795857471,38.50322886878711,56.24999999999999,47.434164902525694,40.059435451459876,34.89981252688509,79.29824561397368,59.4736842104649,85.72070598602295,82.63523578643799,0.6851268410682678,0.6312187910079956
,"{'11July_2011_Monday_tagesschau-849', 'heute nacht ist es meist nur locker bewölkt oder klar über die nordwesthälfte ziehen hier und da dünne schleierwolken .'}",52.31761834753929,48.55244163884743,46.363367152450444,44.4492897203408,44.99999999999999,43.5285750066007,41.92355909453149,40.1577332834242,53.59480910719102,44.999999999950006,84.45301651954651,82.90284872055054,0.6873388290405273,0.6570855379104614
,"{'auch morgen verbreitet zum teil kräftige schauer und gewitter die örtlich unwetterartig sein können .', '28July_2010_Wednesday_tagesschau-864'}",26.66666666666667,0.0,0.0,0.0,19.999999999999996,0.0,0.0,0.0,28.92416225742925,14.704632384121577,79.00031208992004,78.2799780368805,0.4577503800392151,0.4467940330505371
,"{'am samstag wird es langsam wieder freundlicher und trockener und auch etwas wärmer .', '28July_2010_Wednesday_tagesschau-871'}",35.71428571428571,23.440361546924777,0.0,0.0,14.285714285714283,0.0,0.0,0.0,39.87906708890352,15.970515970450775,82.52682685852051,82.81635046005249,0.7379801869392395,0.7515133023262024
,"{'am sonntag zieht von westen wieder regen heran der sich im laufe des tages weiter richtung südosten ausbreitet .', '28July_2010_Wednesday_tagesschau-872'}",31.57894736842106,13.245323570650438,0.0,0.0,31.57894736842106,13.245323570650438,0.0,0.0,35.31135531128963,29.426129426063746,77.99098491668701,75.63172578811646,0.5518156886100769,0.5326372981071472
,"{'23October_2010_Saturday_tagesschau-895', 'an der nordsee und auf den bergen schwere sturmböen .'}",90.0,83.66600265340755,75.91472429689156,65.80370064762461,49.99999999999999,33.333333333333336,0.0,0.0,89.99999999994999,41.87391555806672,98.63482713699341,85.0741982460022,0.8458954095840454,0.6243798136711121
,"{'wolken sorgen dafür dass es in der nacht zwei bis acht grad frostig wird .', '23October_2010_Saturday_tagesschau-896'}",46.66666666666667,31.62277660168379,24.871131731971634,18.92240568795936,33.333333333333336,21.821789023599234,15.415080049095202,0.0,51.999999999930935,29.82456140344191,76.87906622886658,75.82195997238159,0.6878132224082947,0.6999415159225464
,"{'31March_2010_Wednesday_tagesschau-999', 'und nun die wettervorhersage für morgen donnerstag den ersten april .'}",100.00000000000004,100.00000000000004,100.00000000000004,100.00000000000004,100.00000000000004,83.66600265340763,72.99198566479815,61.79654585112238,99.99999999994999,90.9090909090409,100.0,96.00464105606079,0.9682979583740234,0.8406407237052917
,"{'in der nacht lenkt ein tief über norddeutschland kältere luft heran die uns morgen wieder unbeständiges wetter beschert .', '31March_2010_Wednesday_tagesschau-1000'}",26.31578947368421,0.0,0.0,0.0,15.789473684210527,0.0,0.0,0.0,28.630056673765452,17.40081224610433,74.97954368591309,74.47841167449951,0.5294160842895508,0.5282521843910217
,"{'am freitag mal sonne mal wolken mal schauer hier und da zeigt sich die sonne auch für längere zeit .', '31March_2010_Wednesday_tagesschau-1008'}",85.00000000000001,76.26132357679228,70.83419331601236,65.86134739641669,44.99999999999999,26.655699499159155,15.804080051174436,0.0,79.99999999995,35.85032640145262,91.57212376594543,74.65781569480896,0.5692777037620544,0.43659836053848267
,"{'ansonsten gibt es eine mischung aus nebel wolken und sonne .', '29October_2009_Thursday_tagesschau-1013'}",41.52547563801129,30.79611696025472,20.018666931862025,0.0,24.90274680769807,0.0,0.0,0.0,46.6748466257433,25.988885256579046,77.17639803886414,71.58287167549133,0.572617769241333,0.4891887903213501
,"{'die neue woche beginnt wechselhaft und wieder kühler .', '29October_2009_Thursday_tagesschau-1024'}",88.8888888888889,81.6496580927726,72.49202486685948,66.06328636027612,66.66666666666669,40.82482904638629,0.0,0.0,93.4730056405521,36.380597014857976,98.05521965026855,84.3982994556427,0.840832531452179,0.7545244097709656
,"{'es wird ja morgen schon wärmer als heute hier im süden bis zu dreißig grad fünfundzwanzig grad auch im süden wird es noch wärmer als heute hier im südwesten bis zu fünfundzwanzig grad .', '27April_2010_Tuesday_heute-1028'}",35.29411764705882,25.332019855244937,12.610429748420032,0.0,20.588235294117645,7.898644934440117,0.0,0.0,35.66604161729181,19.698910954447662,78.08535099029541,72.2800076007843,0.5261527895927429,0.5550829768180847
,"{'am donnerstag wird es wieder trockener und am sonntag auch etwas wärmer .', '27April_2010_Tuesday_heute-1038'}",30.769230769230774,22.645540682891916,0.0,0.0,15.384615384615385,11.322770341445958,0.0,0.0,31.898089171917164,16.439909296988624,77.81895995140076,78.54287624359131,0.5428556799888611,0.5760388970375061
,"{'und am nachmittag oder abend gibt es vielleicht auch mal ein paar regenschauer im norden .', '27April_2010_Tuesday_heute-1039'}",49.99999999999999,40.82482904638629,32.931687800417464,27.22589423069701,18.75,11.180339887498945,0.0,0.0,52.86549707596199,13.5070713490524,87.19757199287415,81.47884011268616,0.6721363663673401,0.5951007604598999
,"{'06September_2010_Monday_tagesschau-1147', 'der wind weht schwach bis mäßig im norden frisch mit starken bis stürmischen böen an den küsten und auf den bergen schwere sturmböen .'}",57.50277591433272,33.913287060583684,21.26760700997402,14.328025462034935,35.96960464159268,17.320926159743912,10.936406527692963,0.0,39.872611464926614,20.39118476004794,81.26196265220642,76.71958804130554,0.599589467048645,0.5137760043144226
,"{'06September_2010_Monday_tagesschau-1153', 'am donnerstag wechselhaft aber am freitag wird es von westen zunehmend freundlicher .'}",71.22777528017816,57.42566831466844,43.669458430507284,35.24025452531097,53.846153846153854,36.68996928526713,23.04450251853145,0.0,73.87168589350162,53.84615384610384,90.5615508556366,87.007075548172,0.6526969075202942,0.5356181263923645
,"{'06November_2010_Saturday_tagesschau-1162', 'schwacher bis mäßiger im bergland zum teil frischer an der nordsee zum teil starker bis stürmischer wind aus süd bis südwest .'}",39.091215120066174,18.86142958060863,11.934187395350545,0.0,31.818181818181817,17.40776559556978,11.485555943044822,0.0,35.52049090506089,27.272727272677272,78.90201210975647,73.60764145851135,0.4086308479309082,0.3382899761199951
,"{'der wind weht meist schwach aus unterschiedlichen richtungen .', '04June_2010_Friday_tagesschau-1173'}",80.07374029168083,74.90212546224643,68.46208492960541,59.86908497649472,69.59861353000653,39.45870492756269,0.0,0.0,88.252427184438,52.34239444761888,95.10199427604675,90.84327816963196,0.8584024310112,0.7796207070350647
,"{'am montag unbeständiges wetter mit sonne und wolken vor allem in der osthälfte einzelne schauer oder gewitter .', '04June_2010_Friday_tagesschau-1176'}",64.62728399214893,48.79833908611089,37.62689507936485,31.247663570071495,31.53198229689218,22.942887105033993,18.39470776642173,14.075537459874623,62.81087333715041,26.98762902840099,86.0798716545105,75.70236325263977,0.6053146719932556,0.5095365047454834
,"{'09August_2009_Sunday_tagesschau-1186', 'der wind weht schwach bis mäßig an der ostsee auch frisch .'}",33.333333333333336,0.0,0.0,0.0,16.666666666666668,0.0,0.0,0.0,27.857142857073796,18.638338966616814,76.77172422409058,75.42175054550171,0.3411265015602112,0.3120127320289612
,"{'im südwesten bleibt es meist trocken .', '05July_2010_Monday_tagesschau-1202'}",48.40441045780793,42.688677476684624,39.524779750061526,36.337289265247364,46.531361252218275,22.476782880631202,0.0,0.0,60.931899641572784,33.28369322411305,89.2225980758667,81.68936967849731,0.7366577982902527,0.7071947455406189
,"{'05July_2010_Monday_tagesschau-1205', 'morgen temperaturen von achtzehn grad an der nordsee bis sechsundzwanzig im breisgau .'}",92.30769230769226,87.70580193070288,82.39824906342801,76.11606003349888,76.92307692307693,66.98641270570835,54.644557808979286,42.50281413416977,92.30769230764233,63.796178343891675,96.62047624588013,89.13490176200867,0.7627214193344116,0.6477423906326294
,"{'05October_2010_Tuesday_heute-1218', 'der wind weht schwach bis mäßig im nordwesten frisch mit starken an der see mit stürmischen böen .'}",16.666666666666668,0.0,0.0,0.0,5.555555555555555,0.0,0.0,0.0,12.126865671574393,6.190476190407128,70.90338468551636,69.97836232185364,0.2756388187408447,0.20558582246303558
,"{'am sonntag wird es dann wieder unbeständiger .', '27May_2010_Thursday_heute-1236'}",51.5466959093229,31.815311433143144,22.633595957718388,0.0,38.94003915357024,29.435902755275702,22.404914076740212,0.0,50.1899077590728,32.539682539657,78.75972390174866,76.6376793384552,0.6050158143043518,0.5324459075927734
,"{'und der regen hier im osten der bringt noch milde fünfzehn bis sechzehn grad .', '02August_2010_Monday_heute-1243'}",40.0,29.277002188455995,18.751526127306107,0.0,26.66666666666667,13.801311186847087,0.0,0.0,42.42641780324019,28.92416225742925,79.26652431488037,79.278564453125,0.5012630820274353,0.5140480995178223
,"{'20June_2011_Monday_tagesschau-1249', 'und nun die wettervorhersage für morgen dienstag den einundzwanzigsten juni .'}",100.00000000000004,100.00000000000004,100.00000000000004,100.00000000000004,81.81818181818183,75.67874686642696,68.26924810955322,58.77283725105324,99.99999999994999,85.32818532812672,100.0,95.33554315567017,0.9709665179252625,0.828784167766571
,"{'20June_2011_Monday_tagesschau-1256', 'am niederrhein heute nacht bis minus sechzehn am oberrhein nur kühle acht grad .'}",46.55313898520114,31.626630084170817,19.798601716851696,0.0,33.252242132286526,15.432215303129293,0.0,0.0,48.16146429150816,34.40104592249361,78.38284969329834,74.92483258247375,0.49999362230300903,0.42079591751098633
,"{'hochsommerlich warm am rhein morgen dreißig grad an der nordsee frische achtzehn grad am mittwoch .', '20June_2011_Monday_tagesschau-1257'}",62.50000000000002,45.64354645876385,39.044833280954016,34.234749558690204,43.74999999999999,29.580398915498076,23.20794416806389,17.609282679116177,67.53535674552467,41.20879120872282,81.44980072975159,80.22875785827637,0.5303703546524048,0.5006319284439087
,"{'aber nach mitternacht ist das ganz angenehm und dann am donnerstag regnet es in der nordhälfte mitunter kräftig mit starken bis stürmischen böen an der nordsee .', '12July_2011_Tuesday_heute-1283'}",25.925925925925927,9.985744825254637,0.0,0.0,22.22222222222222,9.245003270420485,0.0,0.0,20.39157605743957,20.53349408477744,76.27179026603699,76.06840133666992,0.3512459695339203,0.36375272274017334
,"{'dabei strömt sehr milde luft zu uns .', '02October_2010_Saturday_tagesschau-1300'}",87.50000000000003,70.71067811865478,55.03212081491043,0.0,62.50000000000002,51.75491695067657,35.4745852992596,0.0,79.29824561397368,41.20879120872282,92.75502562522888,89.80079889297485,0.8208746910095215,0.8005600571632385
,"{'18April_2011_Monday_tagesschau-1314', 'und nun die wettervorhersage für morgen dienstag den neunzehnten april .'}",100.00000000000004,100.00000000000004,100.00000000000004,100.00000000000004,81.81818181818183,75.67874686642696,68.26924810955322,58.77283725105324,99.99999999994999,85.32818532812672,100.0,96.07902765274048,0.9583961963653564,0.831404983997345
,"{'morgen entwickeln sich stellenweise schauer vor allem in der südosthälfte deutschlands auch kräftige gewitter mit starkregen vereinzelt sind unwetter möglich .', '22August_2010_Sunday_tagesschau-1344'}",45.40461689683223,25.483278030850986,14.826049012968191,0.0,22.70230844841611,10.40350469151023,0.0,0.0,37.169119493651145,18.58455974680298,80.22056221961975,74.28826093673706,0.6447795629501343,0.46429139375686646
,"{'heute nacht ist es meist stark bewölkt stellenweise regnet oder nieselt es etwas .', '26October_2009_Monday_tagesschau-1394'}",92.85714285714283,88.64052604279179,83.83820492034592,78.25422900366432,71.42857142857146,46.880723093849554,33.2107832073891,24.022110864391543,92.85714285709285,66.48451730413257,95.85555791854858,86.99312806129456,0.8473716378211975,0.7328789830207825
,"{'26October_2009_Monday_tagesschau-1402', 'im nordosten mehr wolken als sonne hier und da fällt regen .'}",66.66666666666669,49.23659639173309,28.941787404774686,0.0,30.668147154310777,22.64992775278616,16.774418675190393,0.0,66.66666666661666,31.89808917193299,83.86816382408142,73.07682037353516,0.6265386939048767,0.5507910251617432
,"{'am freitag nach auflösung von teilweise zähen nebelfeldern viel sonne .', '26October_2009_Monday_tagesschau-1403'}",36.36363636363637,26.96799449852968,0.0,0.0,27.272727272727277,16.514456476895415,0.0,0.0,37.92363792357934,29.417475728090004,79.04906272888184,77.37923860549927,0.34403330087661743,0.24168714880943298
,"{'13August_2011_Saturday_tagesschau-1412', 'an der nordsee morgen zwanzig bis fünfundzwanzig sonst fünfundzwanzig bis neunundzwanzig grad .'}",59.358732864953616,50.445222863423325,42.96989444720879,34.15286017973014,42.736665168106896,25.68153960099087,0.0,0.0,63.63962670491886,44.3230115360841,90.99509716033936,86.304771900177,0.4812585711479187,0.35084134340286255
,"{'ein tiefausläufer lenkt wolken und etwas mildere luft nach deutschland .', '17February_2010_Wednesday_heute-1478'}",27.272727272727277,0.0,0.0,0.0,18.18181818181818,0.0,0.0,0.0,28.44272844266985,19.611650485371555,74.07188415527344,73.76929521560669,0.43788641691207886,0.46488338708877563
,"{'17February_2010_Wednesday_heute-1482', 'am tag bodenfrost am niederrhein und an der isar teilweise länger anhaltend am niederrhein plusgrade .'}",16.546816923461165,0.0,0.0,0.0,11.74266328516845,0.0,0.0,0.0,17.526188557577502,12.099012098968444,70.74687480926514,70.58303952217102,0.35422253608703613,0.3057394325733185
,"{'und diese wolken liegen ja schon über dem bergland .', '08February_2010_Monday_heute-1497'}",10.000000000000002,0.0,0.0,0.0,0.0,0.0,0.0,0.0,9.99999999995,0.0,69.4752037525177,68.49358081817627,0.2452908158302307,0.266217976808548
,"{'in der westhälfte kaum noch schnee und die schneefallgrenze sinkt weiter in den nächsten tagen aber auf den gefrierpunkt in den mittelgebirgen .', '08February_2010_Monday_heute-1498'}",30.434782608695656,16.63369597826152,10.962747417185616,0.0,17.391304347826082,8.89108448948774,0.0,0.0,23.946135831313047,14.480723113747393,75.23579001426697,68.86231899261475,0.375324547290802,0.3187440037727356
,"{'08February_2010_Monday_heute-1501', 'im westen wird es morgen vorübergehend milder mit minus vier bis plus sieben grad .'}",66.66666666666669,57.73502691896257,46.80926207766301,36.15855225145533,53.33333333333335,43.64357804719847,35.29172336459797,29.256127307315065,68.80209184501629,56.56855707100759,85.31005382537842,85.69806814193726,0.7409401535987854,0.7586780190467834
,"{'guten abend liebe zuschauer .', '07April_2010_Wednesday_heute-1619'}",67.03200460356396,67.03200460356396,67.03200460356396,67.03200460356396,16.374615061559634,0.0,0.0,0.0,79.05982905981517,17.888563049823315,93.1879997253418,69.4881021976471,0.8092743158340454,0.44543737173080444
,"{'morgen dann im südosten ähnlich wie heute und auch im nordwesten mehr wolken als heute .', '07April_2010_Wednesday_heute-1626'}",48.67504894196282,22.482042087568352,0.0,0.0,25.77334795466146,10.86699766196964,0.0,0.0,48.809523809498266,25.094953879528596,82.14178085327148,75.2873957157135,0.7169552445411682,0.6027498841285706
,"{'07April_2010_Wednesday_heute-1630', 'in den nächsten tagen ändert sich an diesem wetter wenig dann wird es deutlich kühler vor allen dingen am wochenende .'}",48.78885314613832,39.21828302742502,31.7149016789226,22.989844704605932,43.29628482793628,35.391417625898214,27.933574702637546,17.786728319469454,54.10813429218193,47.11886201073816,83.85317325592041,82.69399404525757,0.5862123966217041,0.5432037115097046
,"{'18July_2009_Saturday_tagesschau-1634', 'tiefer luftdruck beschert deutschland kühlere luft und regenwolken .'}",9.942659075715216,0.0,0.0,0.0,0.0,0.0,0.0,0.0,10.4684788894928,0.0,72.08188772201538,71.41185998916626,0.5493015050888062,0.40515637397766113
,"{'am alpenrand heute nacht sechs bis vierzehn an der spree bis vierzehn grad .', '18July_2009_Saturday_tagesschau-1640'}",71.42857142857146,40.599897147057504,0.0,0.0,64.28571428571428,38.51644432598215,0.0,0.0,44.32301153606944,45.61717352408751,84.278404712677,86.80769205093384,0.4296063184738159,0.460441529750824
,"{'ähnliches wetter dann auch am donnerstag .', '13October_2009_Tuesday_tagesschau-1657'}",85.7142857142857,75.59289460184542,61.14214174657596,48.892302243490086,42.85714285714285,0.0,0.0,0.0,91.23434704823777,15.811965811896684,97.82702922821045,82.51456022262573,0.8439178466796875,0.6532441973686218
,"{'am freitag gibt es in der südwesthälfte mal sonne mal wolken .', '13October_2009_Tuesday_tagesschau-1658'}",33.333333333333336,17.40776559556979,0.0,0.0,24.999999999999996,15.075567228888186,0.0,0.0,36.63003662996824,18.571428571359508,79.80443835258484,78.18487286567688,0.5796685218811035,0.5218014121055603
,"{'13October_2009_Tuesday_tagesschau-1659', 'hier und da fallen ein paar tropfen .'}",12.500000000000002,0.0,0.0,0.0,0.0,0.0,0.0,0.0,13.971742543103133,0.0,71.97398543357849,70.74303030967712,0.6022000908851624,0.6009983420372009
,"{'03July_2011_Sunday_tagesschau-1665', 'sonst wird es dank hochdruckeinfluss freundlicher und das hoch verlagert sich bis in die mitte .'}",32.00818376641557,12.494715549038007,0.0,0.0,29.205029365177683,12.313921590141716,0.0,0.0,26.09118814102932,16.26984126981574,72.9986846446991,69.40233707427979,0.29966220259666443,0.2628929615020752
,"{'am dienstag ist es im westen zunächst noch freundlich sonst einzelne schauer und gewitter .', '03July_2011_Sunday_tagesschau-1672'}",53.33333333333335,39.03600291794134,28.620185370050958,21.023693683267553,13.333333333333334,9.759000729485333,0.0,0.0,53.33333333328333,13.760418368958119,85.7458233833313,78.81712913513184,0.6432225704193115,0.4641878008842468
,"{'12January_2011_Wednesday_tagesschau-1727', 'hoher luftdruck bestimmt weiterhin unser wetter und es bestehen entsprechende unwetterwarnungen des deutschen wetterdienstes .'}",46.66666666666667,40.82482904638629,37.15253593196873,33.64932442330152,19.999999999999996,0.0,0.0,0.0,50.61728395055094,22.056948576216776,85.17900705337524,82.01626539230347,0.5841466188430786,0.49203914403915405
,"{'im südosten beruhigt sich das wetter nur langsam .', '09March_2011_Wednesday_heute-1741'}",63.6916720510035,47.76875403825263,28.585227523640132,0.0,79.54127260572176,59.655954454291326,35.69862906305373,0.0,54.945054945036254,62.81087333715041,83.59490036964417,86.31351590156555,0.539752185344696,0.6389805674552917
,"{'an der küste morgen kühle drei im rhein main gebiet bis drei grad .', '25February_2010_Thursday_tagesschau-1761'}",35.71428571428571,16.5748386032949,0.0,0.0,21.42857142857143,0.0,0.0,0.0,30.411449016037423,15.55828220852191,71.40495181083679,67.046719789505,0.20211800932884216,0.19529509544372559
,"{'12August_2009_Wednesday_tagesschau-1806', 'am freitag sonne und wolken im süden anfangs regen .'}",59.26545765453741,38.255688416897385,0.0,0.0,24.56192259233946,0.0,0.0,0.0,67.31310603688829,26.83284457475,85.62208414077759,72.43788242340088,0.6088801026344299,0.5319998860359192
,"{'und so kommt die sonne auch morgen zum vorschein der kräftigen regen der sich im tagesverlauf richtung südosten verlagert .', '05November_2010_Friday_tagesschau-1872'}",34.99999999999999,19.194297398747864,12.696693759248044,0.0,30.000000000000004,12.565617248750867,0.0,0.0,32.539682539616194,27.47252747245908,76.7658531665802,77.40954160690308,0.3508279323577881,0.3791642189025879
,"{'deutschlandweit machen sich schauer in der nordwesthälfte wärmer luft bemerkbar .', '31May_2011_Tuesday_heute-1904'}",22.738715947504925,0.0,0.0,0.0,8.300915602566024,0.0,0.0,0.0,16.439909297020385,8.662961752165838,70.71205973625183,66.86900854110718,0.23463134467601776,0.24220868945121765
,"{'dort sowie an der nordsee fängt es an zu regnen oberhalb von etwa vierhundert metern rieselt schnee .', '28December_2011_Wednesday_tagesschau-1912'}",22.22222222222222,16.16904166908886,11.778306710513217,0.0,11.111111111111109,8.084520834544433,0.0,0.0,24.6913580246321,12.34567901228642,71.98799252510071,68.53586435317993,0.3233361840248108,0.31574347615242004
,"{'in der südosthälfte fällt heute nacht schnee auf den bergen im westen und nordwesten fällt nachmittags regen .', '08December_2009_Tuesday_tagesschau-1938'}",29.82797722714566,21.703041301065834,17.400647989419454,13.31488794012028,16.666666666666668,14.002800840280102,10.701301836183276,0.0,31.405436668555836,16.666666666616667,76.00353956222534,74.61833953857422,0.45061367750167847,0.40679192543029785
,"{'07September_2010_Tuesday_tagesschau-1945', 'und nun die wettervorhersage für morgen mittwoch den achten september .'}",100.00000000000004,100.00000000000004,100.00000000000004,100.00000000000004,100.00000000000004,83.66600265340763,72.99198566479815,61.79654585112238,99.99999999994999,90.9090909090409,100.0,95.86735963821411,1.0034191608428955,0.8551527261734009
,"{'morgen im norden teilweise frischer wind im südosten weht er schwach bis mäßig aus südwest bis südwest später auch frisch an der nordsee stark .', '07September_2010_Tuesday_tagesschau-1954'}",46.11986270929219,13.055115340908326,0.0,0.0,29.539723084372344,0.0,0.0,0.0,29.99707267739784,15.339299875340478,78.8270890712738,71.24232053756714,0.32141977548599243,0.30392760038375854
,"{'11May_2010_Tuesday_tagesschau-1969', 'am donnerstag regnet es vor allem in der südosthälfte teilweise länger anhaltend .'}",53.846153846153854,47.3665466715671,43.371414275155395,39.553325358771794,46.15384615384615,39.223227027636796,30.355774498248472,22.997519112894437,55.82165605089806,49.31972789109294,79.78178858757019,79.50970530509949,0.7350956797599792,0.7199724316596985
,"{'am sonntag vor allem im osten und süden teilweise kräftige schauer und gewitter sonst zum teil freundlich .', '03July_2009_Friday_tagesschau-2014'}",72.22222222222223,61.83469424008421,52.33978098358732,46.75667418121196,33.333333333333336,19.802950859533492,13.48279544468597,0.0,75.94681708293727,29.81427174969123,92.46618747711182,75.45955777168274,0.7335799336433411,0.6513440608978271
,"{'in der neuen woche erwartet uns dann kühles wechselhaftes wetter .', '03July_2009_Friday_tagesschau-2015'}",53.05700387751146,36.42928703963392,29.07872758075872,22.499268274284365,33.203662410264094,24.624495093303565,18.323296712202158,0.0,57.53968253965076,25.988885256579046,83.19995403289795,77.11620330810547,0.6713656187057495,0.5836120843887329
,"{'30April_2010_Friday_tagesschau-2025', 'am tag zehn grad an der ostsee und zwanzig grad im bayerischen wald .'}",64.28571428571428,54.470477940192204,46.24524014728561,40.52587697205425,35.71428571428571,16.5748386032949,0.0,0.0,66.48451730413257,30.411449016037423,82.37301707267761,74.56857562065125,0.5791555643081665,0.404160737991333
,"{'und dann werden die wolken hier an der nordsee schon dichter und nachmittags gibt es dort schauer da weht ein frischer südwestwind .', '25October_2010_Monday_heute-2049'}",30.70529072599159,17.195959702680806,9.981401625663047,0.0,28.862775540854088,17.038448354717012,10.065176680620109,0.0,35.51170217835124,29.18783669924117,80.6145966053009,78.60294580459595,0.4674510955810547,0.4869847297668457
,"{'03February_2010_Wednesday_tagesschau-2054', 'deutschland liegt im süden einer ausgedehnten hochdruckzone die uns in den nächsten tagen eine mischung aus dichten wolken und etwas regen oder schnee bringt .'}",43.99999999999999,30.27650354097492,22.86660128736526,15.268470848781108,32.0,23.094010767585026,16.676322906756646,12.049514584750938,38.55179619056533,26.03174603167968,81.37351870536804,80.06174564361572,0.6232852935791016,0.604874312877655
,"{'heute nacht schneit es an der oder noch leicht .', '03February_2010_Wednesday_tagesschau-2056'}",72.38699344287673,60.322494535730584,49.79512210720654,42.2683921634124,59.999999999999986,36.514837167011066,0.0,0.0,75.84727584723602,49.99999999995,83.990079164505,80.34329414367676,0.5365733504295349,0.7064473628997803
,"{'im nordosten schneit es teilweise noch .', '03February_2010_Wednesday_tagesschau-2061'}",18.6125445008873,0.0,0.0,0.0,0.0,0.0,0.0,0.0,22.189128816071367,0.0,70.31881809234619,65.93459844589233,0.520747721195221,0.5122438669204712
,"{'03February_2010_Wednesday_tagesschau-2062', 'der wind weht schwach bis mäßig aus süd bis südost .'}",66.40732482052816,0.0,0.0,0.0,36.36363636363637,0.0,0.0,0.0,43.31480876099226,27.272727272677272,86.96852326393127,81.54940009117126,0.7856087684631348,0.7504505515098572
,"{'morgen sieben grad im rhein main gebiet bis minus ein grad an der oder .', '03February_2010_Wednesday_tagesschau-2064'}",53.33333333333335,39.03600291794134,28.620185370050958,0.0,40.0,23.90457218668787,16.380966908806922,0.0,49.49748743712388,28.92416225742925,79.48721051216125,76.56833529472351,0.2377076894044876,0.2105008363723755
,"{'die kaltluft die begleitet uns auch in den nächsten tagen bis freitag bei minusgrade .', '14December_2009_Monday_tagesschau-2088'}",40.0,16.90308509457033,0.0,0.0,33.333333333333336,15.430334996209194,0.0,0.0,33.333333333283335,27.520836737972665,73.95341396331787,73.4165906906128,0.49621379375457764,0.4854964017868042
,"{'im norden weht der wind schwach aus unterschiedlichen richtungen sonst schwach bis mäßig .', '14December_2009_Monday_tagesschau-2092'}",71.42857142857146,52.414241836095925,35.775231712563716,25.400289715190983,35.71428571428571,16.5748386032949,0.0,0.0,68.42576028616266,23.337423312816387,89.32342529296875,79.0857195854187,0.7301705479621887,0.6244235634803772
,"{'14December_2009_Monday_tagesschau-2093', 'bei schauern und gewittern an den alpen frischer wind .'}",40.0,29.814239699997188,22.314431669405643,0.0,30.000000000000004,18.25741858350554,0.0,0.0,44.37825763209756,22.36842105256471,74.99417066574097,72.32272624969482,0.2945479154586792,0.23592576384544373
,"{'18November_2011_Friday_tagesschau-2142', 'in der neuen woche ändert sich an diesem wetter erstmal wenig .'}",49.99999999999999,36.92744729379982,23.890919115885197,0.0,33.333333333333336,17.40776559556979,0.0,0.0,51.97777051318169,17.88856304978898,81.78426027297974,80.24118542671204,0.5260403752326965,0.5115464329719543
,"{'und nun die wettervorhersage für morgen montag den achtzehnten april .', '17April_2011_Sunday_tagesschau-2152'}",100.00000000000004,100.00000000000004,100.00000000000004,100.00000000000004,45.45454545454545,30.15113445777636,0.0,0.0,99.99999999994999,47.40454740448881,100.0,87.523353099823,0.9621748328208923,0.7216570973396301
,"{'06August_2010_Friday_tagesschau-2178', 'es wechseln sonne und wolken einander ab im nordwesten fallen am nachmittag einzelne schauer .'}",66.66666666666669,57.73502691896257,53.58322898371244,50.31747626530137,40.0,23.90457218668787,0.0,0.0,66.66666666661666,20.640627553465396,85.15567779541016,85.07043719291687,0.5337986946105957,0.4671404957771301
,"{'heute nacht regnet es an den küsten in der südhälfte hier und da auch sonst lässt der regen im süden langsam nach .', '24August_2010_Tuesday_tagesschau-2196'}",43.478260869565226,34.4350221575091,22.435571916208385,15.415064977510756,39.1304347826087,26.67325346846322,15.019111094648041,0.0,47.39152175114122,42.65236957602037,82.79826641082764,81.51423335075378,0.5664128065109253,0.5520935654640198
,"{'im norden fällt hier und da etwas schnee oder regen .', '30December_2010_Thursday_tagesschau-2232'}",41.50457801283011,27.5310224701184,0.0,0.0,36.36363636363637,19.069251784911845,0.0,0.0,43.31480876099226,36.363636363586366,77.29743123054504,77.86281108856201,0.5790125727653503,0.5565111041069031
,"{'05January_2011_Wednesday_tagesschau-2255', 'am wochenende bleibt es bei dem tauwetter eher trübe dazu wird es zeitweise regnen .'}",26.66666666666667,13.801311186847087,0.0,0.0,19.999999999999996,11.952286093343934,0.0,0.0,28.284278535472772,21.693121693055346,77.1028459072113,76.21027827262878,0.4369099736213684,0.4047425389289856
,"{'und nun die wettervorhersage für morgen samstag den einunddreißigsten oktober .', '30October_2009_Friday_tagesschau-2267'}",100.00000000000004,100.00000000000004,100.00000000000004,100.00000000000004,63.63636363636361,56.407607481776594,47.335252868199454,40.35278637463991,99.99999999994999,66.36636636630777,99.99999403953552,95.67625522613525,0.9641643166542053,0.8584471940994263
,"{'30October_2009_Friday_tagesschau-2273', 'in der osthälfte nach nebelauflösung sonnig .'}",32.26960697187197,24.646319432513,19.001532203673737,0.0,27.918816751330947,24.622082007735308,19.915189597409835,0.0,40.62126642771378,33.28369322411305,69.76351737976074,71.0838258266449,0.3092830777168274,0.29014652967453003
,"{'im westen bestimmen in der zweiten nachthälfte das wetter in den kommenden tagen das wetter mit vielen wolken die aber nur wenig regen bringen .', '30October_2009_Friday_tagesschau-2274'}",19.999999999999996,0.0,0.0,0.0,4.0,0.0,0.0,0.0,17.877946540302517,4.4551677701105445,67.96378493309021,68.50701570510864,0.39609959721565247,0.3112173080444336
,"{'28March_2011_Monday_tagesschau-2285', 'im süden ziehen noch ein paar wolkenfelder vorüber sonst ist es meist klar oder nur locker bewölkt .'}",40.4726487706427,37.249325535599404,33.59186188326219,30.444789160037768,34.22780793550614,30.501521935937042,27.54421972710408,24.45457549325033,54.10830081688943,44.73684210526277,85.26960611343384,81.65261745452881,0.5862106680870056,0.4269789457321167
,"{'im nordwesten bildet sich vor allem über den bergen nebel .', '28March_2011_Monday_tagesschau-2286'}",72.7272727272727,53.93598899705937,0.0,0.0,54.54545454545453,40.45199174779453,0.0,0.0,54.54545454540454,37.92363792357934,78.60841751098633,79.94610071182251,0.528903603553772,0.5243062973022461
,"{'im äußersten westen und südwesten hält sich morgen zum teil zäher nebel oder hochnebel sonst scheint meist die sonne .', '28March_2011_Monday_tagesschau-2287'}",24.999999999999996,16.222142113076256,11.349619435430355,0.0,19.999999999999996,10.259783520851542,0.0,0.0,22.041470958818856,16.35338345859885,74.30332899093628,72.55727052688599,0.30948907136917114,0.23600298166275024
,"{'das hoch über dem atlantik dehnt sich nach skandinavien aus und beschert uns morgen überwiegend freundliches wetter .', '13April_2010_Tuesday_tagesschau-2308'}",33.333333333333336,24.253562503633297,15.433947974965204,0.0,22.22222222222222,11.433239009500591,0.0,0.0,35.77712609964235,24.253731343216185,79.58899140357971,80.01388311386108,0.4481630325317383,0.42325401306152344
,"{'am tag sieben grad an der ostsee und fünfzehn grad am rhein .', '13April_2010_Tuesday_tagesschau-2314'}",100.00000000000004,100.00000000000004,100.00000000000004,100.00000000000004,84.61538461538463,75.10676161988108,63.52994280170822,56.591192566527035,99.99999999994999,71.77070063688531,100.0,96.2149441242218,0.9520244598388672,0.7698305249214172
,"{'am samstag viel sonne vor allem an den alpen und an den küsten schneit es etwas .', '13April_2010_Tuesday_tagesschau-2318'}",64.70588235294115,44.967308386531336,29.985468634200238,0.0,35.29411764705882,21.004201260420146,14.327608115831811,0.0,66.54456654451086,30.24753024747455,86.06439232826233,74.56457018852234,0.6383352279663086,0.49252164363861084
,"{'im süden entwickeln sich noch einzelne schauer .', '26September_2009_Saturday_tagesschau-2336'}",62.50000000000002,42.25771273642582,0.0,0.0,49.99999999999999,37.79644730092272,0.0,0.0,62.49999999994999,52.86549707596199,88.00587058067322,89.53174352645874,0.5613071322441101,0.6217202544212341
,"{'26September_2009_Saturday_tagesschau-2339', 'bei längerem nebel noch sonniger .'}",14.486606950235943,0.0,0.0,0.0,8.556951983876534,0.0,0.0,0.0,20.29734970911885,11.184210526315402,70.80026268959045,70.64669728279114,0.2239718735218048,0.2355368435382843
,"{'26September_2009_Saturday_tagesschau-2340', 'im süden regnet es heute nacht gebietsweise an den küsten ist es wolkig .'}",43.34389498750908,29.44637811883895,18.433741148744776,0.0,19.95134527937192,0.0,0.0,0.0,46.25730994148491,13.7604183689718,78.1075119972229,65.52836894989014,0.4301058053970337,0.3877016305923462
,"{'der wind weht im norden schwach bis mäßig aus west bis südwest sonst aus unterschiedlichen richtungen .', '26September_2009_Saturday_tagesschau-2341'}",88.9009765402776,76.9905041051248,65.50279956685452,57.20412316540905,83.19468916366542,79.83367458382872,76.0984206646374,71.89085812023326,77.30207271487869,85.57468590037477,93.51958632469177,94.26306486129761,0.7281803488731384,0.7160500288009644
,"{'auch schnee ist mit dabei .', '03February_2010_Wednesday_heute-2354'}",16.666666666666668,0.0,0.0,0.0,0.0,0.0,0.0,0.0,17.88856304978898,0.0,74.68239068984985,73.31552505493164,0.5935219526290894,0.5404136180877686
,"{'03February_2010_Wednesday_heute-2355', 'im norden bleibt es meist trocken .'}",53.676949505377586,25.928429928953776,0.0,0.0,37.15190998929349,0.0,0.0,0.0,60.63432835818647,26.432748537976142,90.45866131782532,82.9794704914093,0.8022667765617371,0.6754138469696045
,"{'morgen fällt verbreitet schnee oder schneeregen .', '03February_2010_Wednesday_heute-2356'}",42.94155960430207,23.191092748392276,0.0,0.0,37.15190998929349,0.0,0.0,0.0,48.50746268654467,39.64912280698199,82.12360739707947,83.17676782608032,0.6519643664360046,0.6730554699897766
,"{'und der samstag sieht noch besser aus .', '03February_2010_Wednesday_heute-2360'}",24.999999999999996,0.0,0.0,0.0,0.0,0.0,0.0,0.0,27.47252747245908,0.0,76.2347936630249,75.46260356903076,0.5197590589523315,0.383148193359375
,"{'und dann am sonntag kommt von osten kältere luft zu uns .', '03February_2010_Wednesday_heute-2361'}",38.33518394288848,17.906340134265868,0.0,0.0,16.666666666666668,0.0,0.0,0.0,39.872611464926614,17.32592350435528,79.64332699775696,74.31071996688843,0.6446459293365479,0.6265614032745361
,"{'ihnen noch einen schönen abend und machen sie es gut .', '03February_2010_Wednesday_heute-2362'}",83.00915602566019,77.86949072647971,75.51553338402918,73.69231628533761,36.36363636363637,19.069251784911845,0.0,0.0,86.62961752202527,36.363636363586366,90.8653199672699,79.6972930431366,0.6015532612800598,0.552981972694397
,"{'14July_2009_Tuesday_tagesschau-2425', 'teilweise klart es auf .'}",49.123845184678906,0.0,0.0,0.0,19.999999999999996,0.0,0.0,0.0,53.66568914953006,19.999999999950003,81.93410634994507,77.73942351341248,0.6388561129570007,0.4841192960739136
,"{'im süden entwickeln sich noch zum teil kräftige gewitter .', '14July_2009_Tuesday_tagesschau-2427'}",45.24187090179797,30.16124726786532,0.0,0.0,19.999999999999996,0.0,0.0,0.0,47.40454740450756,9.99999999995,82.37731456756592,70.47920823097229,0.6477693915367126,0.5378249883651733
,"{'heute nacht dreizehn bis achtzehn grad trocken und teilweise trocken .', '14July_2009_Tuesday_tagesschau-2430'}",63.63636363636361,50.4524979109513,38.38700926079122,28.997844147152072,45.45454545454545,36.92744729379982,24.744880157997635,0.0,68.64077669896378,50.189907759019505,81.336110830307,81.336110830307,0.5075821280479431,0.46407920122146606
,"{'14July_2009_Tuesday_tagesschau-2433', 'wärmer wird es vor allem im süden deutschlands mit einzelnen gewittern .'}",16.666666666666668,0.0,0.0,0.0,8.333333333333332,0.0,0.0,0.0,18.638338966616814,9.2592592592,73.76390099525452,73.8554835319519,0.2595210671424866,0.2866199314594269
,"{'dabei gibt es schnee und es gibt vorübergehend auch gefrierender regen .', '10February_2010_Wednesday_tagesschau-2514'}",16.666666666666668,0.0,0.0,0.0,8.333333333333332,0.0,0.0,0.0,17.88856304978898,9.157509157440758,73.11040759086609,73.11040759086609,0.48170870542526245,0.5082775354385376
,"{'10February_2010_Wednesday_tagesschau-2515', 'am wochenende beruhigt sich das wetter dann wieder .'}",88.8888888888889,66.66666666666669,50.26316274194361,38.14165616365676,77.77777777777777,54.006172486732154,0.0,0.0,77.77777777772779,35.05237711516936,95.82353830337524,92.0847475528717,0.7615271210670471,0.6938120126724243
,"{'am samstag schneit es zeitweise etwas im norden ist es teilweise klar .', '10February_2010_Wednesday_tagesschau-2523'}",53.846153846153854,42.365927286816174,31.956331266050764,23.90108882452814,46.15384615384615,39.223227027636796,30.355774498248472,22.997519112894437,57.539682539618994,50.48482952761446,83.15768241882324,82.77603387832642,0.6798443794250488,0.70009446144104
,"{'25November_2010_Thursday_tagesschau-2527', 'heute nacht hauptsächlich so von baden württemberg bis nach sachsen sonst gelegentlich ein paar schneeschauer oder gewitter .'}",55.55555555555555,44.28074427700476,36.59793747600114,31.46660996956415,44.44444444444444,36.15507630310937,29.047802224635298,23.909453161355017,58.42062852532245,41.73998044959348,88.5778546333313,86.42049431800842,0.5437120795249939,0.48830461502075195
,"{'vorsicht wegen straßenglätte .', '25November_2010_Thursday_tagesschau-2528'}",100.00000000000004,100.00000000000004,100.00000000000004,100.00000000000004,49.99999999999999,40.82482904638629,0.0,0.0,99.99999999994999,54.94505494498655,100.00001192092896,92.97793507575989,0.953344464302063,0.7586794495582581
,"{'12January_2010_Tuesday_heute-2543', 'und es bleibt auch heute nacht noch sehr kalt vor allen dingen in den mittelgebirgen .'}",62.50000000000002,54.00617248673218,47.05180144405144,42.311785416105785,56.24999999999999,47.434164902525694,40.059435451459876,34.89981252688509,57.944050327878635,52.86549707596199,90.60179591178894,88.1784737110138,0.6616566181182861,0.660104513168335
,"{'12January_2010_Tuesday_heute-2544', 'morgen früh schneit es vor allem in der südhälfte hier und da noch etwas .'}",25.530944612154958,0.0,0.0,0.0,11.6689775872393,0.0,0.0,0.0,17.178034004275304,6.201737451700957,75.33968687057495,70.97437977790833,0.591933012008667,0.5258004665374756
,"{'22September_2010_Wednesday_heute-2624', 'am freitag dann langsame abkühlung und die temperaturen sinken im osten und südosten noch ein wenig .'}",29.411764705882355,19.174124721184267,0.0,0.0,11.76470588235294,0.0,0.0,0.0,32.831518257458555,13.157449687063819,73.62366914749146,70.16146183013916,0.34987708926200867,0.3496372401714325
,"{'und zum wochenende da wird es richtig kühl und herbstlich warm .', '22September_2010_Wednesday_heute-2625'}",16.666666666666668,0.0,0.0,0.0,8.333333333333332,0.0,0.0,0.0,16.666666666616667,8.662961752148677,75.06020069122314,74.62354898452759,0.5793350338935852,0.48281967639923096
,"{'ihnen noch einen schönen abend und machen sie es gut .', '22September_2010_Wednesday_heute-2626'}",54.54545454545453,46.709936649691365,41.74128044846462,36.72056269893591,9.090909090909093,0.0,0.0,0.0,58.834951456245335,10.155316606861138,81.43117427825928,67.05272197723389,0.32007110118865967,0.22973236441612244
,"{'03June_2010_Thursday_tagesschau-2628', 'das hoch über der nordsee macht sich morgen über deutschland bemerkbar .'}",53.669257520043864,42.37413474305422,36.73194382424458,31.727218786905187,49.99999999999999,42.640143271122085,37.92447013704332,33.18077402843942,55.82165605091388,41.66666666661667,81.6203773021698,81.04127645492554,0.6156385540962219,0.4484559893608093
,"{'auch am wochenende erwartet uns viel sonnenschein und steigende temperaturen .', '03June_2010_Thursday_tagesschau-2629'}",53.05700387751146,42.064917357437594,25.402608353939446,0.0,41.50457801283011,33.71847857444411,22.594567796586382,0.0,57.53968253965076,43.31480876099226,85.55684685707092,84.62022542953491,0.8041873574256897,0.7929510474205017
,"{'am tag sechzehn grad an der ostsee und bis siebenundzwanzig grad am oberrhein .', '03June_2010_Thursday_tagesschau-2636'}",93.10627797040233,89.45361839438259,85.30958870582018,80.52253761904356,57.14285714285717,20.96569673443837,0.0,0.0,96.32292858305907,35.71428571423572,98.66615533828735,83.54776501655579,0.8650983572006226,0.6645206212997437
,"{'der wind weht meist schwach aus unterschiedlichen richtungen .', '06July_2010_Tuesday_tagesschau-2657'}",100.00000000000004,100.00000000000004,100.00000000000004,100.00000000000004,77.77777777777777,54.006172486732154,34.66806371753173,0.0,99.99999999994999,58.42062852532245,100.0,95.51093578338623,0.9683063626289368,0.8471378684043884
,"{'06July_2010_Tuesday_tagesschau-2658', 'auch an der nordsee teilweise frischer westwind .'}",20.843100983925417,11.141106108539963,0.0,0.0,11.809163818525365,0.0,0.0,0.0,22.30511962953967,15.97051597051827,71.69632315635681,72.52044677734375,0.24820631742477417,0.21369890868663788
,"{'und morgen überqueren uns dann von spanien atlantische tiefausläufer und bringen uns bis freitag zum teil kräftige regenfälle .', '05January_2010_Tuesday_tagesschau-2667'}",29.959878316308547,0.0,0.0,0.0,26.31578947368421,0.0,0.0,0.0,20.485900800816765,15.789473684160527,73.84124398231506,72.50733971595764,0.43204569816589355,0.4094701409339905
,"{'vor allem in küstennähe sowie im südwesten kann es heute nacht gebietsweise schneien .', '05January_2010_Tuesday_tagesschau-2668'}",68.11183498037144,56.38552127243905,45.122237314608306,34.68899992311541,59.85403583811575,35.86122771846418,0.0,0.0,72.6900584794966,27.520836737986343,87.96525597572327,85.11914014816284,0.7680410742759705,0.7138783931732178
,"{'19January_2011_Wednesday_heute-2690', 'ihnen einen schönen abend und machen sie es gut .'}",81.87307530779823,81.87307530779823,81.87307530779823,81.87307530779823,36.19349672143838,19.075647687597005,0.0,0.0,89.4428152492368,37.923637923598086,91.34735465049744,79.84002232551575,0.7040643095970154,0.5502356886863708
,"{'heute nacht zwölf grad im vogtland und ein grad in brandenburg .', '01October_2010_Friday_tagesschau-2700'}",69.00333109719922,63.56120211458128,57.06734492878191,48.86103195703452,38.33518394288848,17.906340134265868,0.0,0.0,71.77070063690113,31.89808917193299,84.62138772010803,78.27106714248657,0.6150862574577332,0.48161423206329346
,"{'am tag elf grad im vogtland und einundzwanzig grad am oberrhein .', '01October_2010_Friday_tagesschau-2701'}",100.00000000000004,100.00000000000004,100.00000000000004,100.00000000000004,83.33333333333334,67.41998624632421,51.471424920008936,41.72261448611506,99.99999999994999,60.64073226538829,99.99999403953552,91.01114273071289,0.9544390439987183,0.7254027724266052
,"{'in der nacht regnet es vor allem zwischen ostseeküste und erzgebirge teilweise ergiebig .', '31January_2013_Thursday_tagesschau-2708'}",46.1210141145937,41.449741022727,38.65951778708216,36.086384747950035,43.34389498750908,29.44637811883895,18.433741148744776,0.0,50.67258717510512,33.04093567247908,78.53866219520569,75.94995498657227,0.3681745231151581,0.37003934383392334
,"{'31January_2013_Thursday_tagesschau-2713', 'am tag vier grad im sauerland und zwölf grad im breisgau .'}",100.00000000000004,100.00000000000004,100.00000000000004,100.00000000000004,83.33333333333334,67.41998624632421,44.9644313022609,31.7023313852343,99.99999999994999,51.97777051318169,99.99999403953552,91.61027669906616,0.9456597566604614,0.7805335521697998
,"{'03August_2010_Tuesday_tagesschau-2780', 'am tag neunzehn grad an der see und sechsundzwanzig grad in teilen thüringens und sachsens .'}",93.74999999999997,90.13878188659973,86.10519204589448,81.53551038173119,49.99999999999999,25.819888974716118,0.0,0.0,93.74999999994998,38.62936688523374,97.20741510391235,76.51478052139282,0.7155233025550842,0.5211877226829529
,"{'und nun die wettervorhersage für morgen mittwoch den siebenundzwanzigsten januar .', '26January_2010_Tuesday_tagesschau-2784'}",100.00000000000004,100.00000000000004,100.00000000000004,100.00000000000004,100.00000000000004,83.66600265340763,72.99198566479815,61.79654585112238,99.99999999994999,90.9090909090409,100.0,95.89887261390686,0.9840344786643982,0.8769701719284058
,"{'auch morgen erwartet uns noch ruhiges und weitgehend trockenes winterwetter .', '08February_2010_Monday_tagesschau-2797'}",72.7272727272727,60.3022689155527,43.233287816535174,0.0,45.45454545454545,21.32007163556105,0.0,0.0,72.72727272722275,37.92363792357934,93.27686429023743,87.5395655632019,0.8459171056747437,0.8222926259040833
,"{'wenn sich der nebel gelichtet hat scheint in der südhälfte morgen neben sonne auch dichtere wolken südlich der donau zunächst noch für längere zeit die sonne .', '04March_2011_Friday_tagesschau-2838'}",33.333333333333336,11.322770341445958,0.0,0.0,22.22222222222222,0.0,0.0,0.0,26.396306932499563,15.339299875325253,74.28190112113953,74.57513809204102,0.3241502344608307,0.31634050607681274
,"{'02October_2012_Tuesday_tagesschau-2847', 'der südosten deutschlands beschert hochdruckeinfluss noch recht freundliches wetter .'}",40.21920276213835,24.476627330774733,17.1224191333197,0.0,37.04091103408589,24.693940689390597,17.80741267423511,0.0,47.435897435883525,42.07069127304718,82.72022008895874,80.64346313476562,0.6147410869598389,0.5441849827766418
,"{'02July_2009_Thursday_tagesschau-2860', 'in der nordosthälfte deutschlands scheint morgen dank hochdruckeinfluss noch verbreitet die sonne .'}",46.15384615384615,27.73500981126145,19.12293963810262,0.0,38.46153846153847,17.90287185098582,0.0,0.0,47.84713375790443,24.659863945514697,84.93492603302002,81.30336403846741,0.6220259666442871,0.5658606290817261
,"{'in der nacht muss vor allem in der nordwesthälfte mit schauern und gewittern gerechnet werden die kräftig sein können .', '22July_2009_Wednesday_tagesschau-2873'}",90.0,87.05715001320144,83.84711818906295,81.93882146581181,74.99999999999997,62.82808624375431,53.54403128941331,43.59493824807389,89.99999999994999,56.33622720231405,97.31941819190979,92.50673055648804,0.7211572527885437,0.6763217449188232
,"{'guten abend liebe zuschauer .', '28January_2010_Thursday_heute-2882'}",100.00000000000004,100.00000000000004,100.00000000000004,100.00000000000004,40.0,0.0,0.0,0.0,99.99999999994999,21.693121693055346,99.99997019767761,89.54127430915833,0.9707947373390198,0.758667528629303
,"{'28January_2010_Thursday_heute-2883', 'in der neuen woche lassen die schneefallgrenze sinken auf fünfhundert meter .'}",15.334073577155388,0.0,0.0,0.0,8.333333333333332,0.0,0.0,0.0,15.94904458594573,8.333333333283333,74.44170713424683,74.51494336128235,0.320977121591568,0.3334113359451294
,"{'im osten und süden gibt es noch ein paar schauer und bis zu den mittelgebirgen fällt noch etwas schnee sonst teils neblig trüb teils wolkig oder sonnig .', '24October_2010_Sunday_tagesschau-2908'}",42.85714285714285,28.171808490950543,20.92148242324234,13.834368456410946,32.14285714285715,21.821789023599244,15.415080049095202,11.002068284361833,46.67484662569982,35.321821036038365,80.82779049873352,78.55954170227051,0.5495818853378296,0.5906270146369934
,"{'24October_2010_Sunday_tagesschau-2909', 'am mittwoch ziehen dann von westen wieder regenwolken heran die sich am mittwoch weiter richtung südosten ausbreiten .'}",38.888888888888886,21.389631597324925,0.0,0.0,27.777777777777775,18.077538151554684,0.0,0.0,42.444029850678874,30.701208120493945,81.16578459739685,81.07420802116394,0.5212702751159668,0.4862273335456848
,"{'24October_2010_Sunday_tagesschau-2910', 'ansonsten eine mischung aus nebel wolken und sonne .'}",71.1766580370496,70.61840111952002,69.95085525718022,69.13086465463164,69.59861353000653,68.34448173540697,66.8356193629648,64.96350258549114,78.44660194171955,73.27935222668192,87.69933581352234,86.37524843215942,0.6882833242416382,0.5866602659225464
,"{'am tag bleibt es im westen und nordosten meist trocken .', '05February_2010_Friday_tagesschau-2916'}",72.7272727272727,46.709936649691365,28.941787404774658,0.0,54.54545454545453,23.35496832484569,0.0,0.0,45.454545454495445,28.44272844266985,85.46377420425415,85.51210761070251,0.5541934370994568,0.5264729857444763
,"{'aber sonst ist es meist stark bewölkt oder neblig trüb teils neblig trüb teils sonnig .', '05February_2010_Friday_tagesschau-2924'}",62.50000000000002,50.000000000000014,41.49132666831218,35.83129187641355,43.74999999999999,29.580398915498076,23.20794416806389,17.609282679116177,59.4736842104649,40.52121404728853,84.55142974853516,82.2549819946289,0.6567233204841614,0.589534342288971
,"{'20September_2010_Monday_heute-2929', 'und es wird noch ein bisschen freundlicher .'}",49.99999999999999,37.79644730092272,0.0,0.0,24.999999999999996,0.0,0.0,0.0,55.88697017261648,13.888888888829632,83.22553038597107,81.14871382713318,0.7585493326187134,0.72723388671875
,"{'heute nacht wird es hier und da noch etwas regnen an der nordseeküste .', '20September_2010_Monday_heute-2930'}",27.918816751330947,11.828065604208323,0.0,0.0,19.99064392500372,10.37263580431708,0.0,0.0,33.28369322411305,17.400812246156157,73.60767126083374,74.25353527069092,0.6036457419395447,0.4902571439743042
,"{'in der südosthälfte schwacher bis mäßiger wind in der nordwesthälfte weht er mäßig bis frisch und an den küsten stark .', '29September_2012_Saturday_tagesschau-2963'}",57.14285714285717,23.90457218668788,0.0,0.0,38.09523809523809,19.51800145897067,0.0,0.0,40.54859868807082,36.05192606173747,83.20587873458862,82.90628790855408,0.538256049156189,0.5159918069839478
,"{'25January_2011_Tuesday_tagesschau-2993', 'am freitag ruhiges winterwetter vor allem im norden am freundlichsten wird es auch am samstag nur im norden etwas schnee oder gefrierender regen .'}",66.18726769384463,55.20399736488309,46.07236607543378,35.80707606310359,35.96960464159268,17.320926159743912,0.0,0.0,70.10475423042197,36.70413256812291,89.7889256477356,78.13517451286316,0.5313588380813599,0.4131554961204529
,"{'liebe zuschauer guten abend .', '24August_2010_Tuesday_heute-3006'}",100.00000000000004,100.00000000000004,100.00000000000004,100.00000000000004,19.999999999999996,0.0,0.0,0.0,99.99999999994999,21.693121693055346,100.0,71.34409546852112,0.9500744342803955,0.5310922861099243
,"{'24August_2010_Tuesday_heute-3007', 'die wetterlage stellt sich jetzt um es gelten entsprechende unwetterwarnungen des deutschen wetterdienstes .'}",7.142857142857142,0.0,0.0,0.0,0.0,0.0,0.0,0.0,7.975813417725853,0.0,69.9556291103363,70.9895670413971,0.265701025724411,0.22806882858276367
,"{'24August_2010_Tuesday_heute-3010', 'und der nächste regen folgt wohl erst am donnerstag .'}",42.457146179884354,29.29821432670199,18.670173700368636,0.0,40.21920276213835,24.476627330774733,0.0,0.0,51.99999999999216,31.623931623917716,84.645015001297,82.7356219291687,0.6342567205429077,0.6508713364601135
,"{'an der ostsee heute nacht starke bis stürmische böen .', '07October_2012_Sunday_tagesschau-3032'}",79.99999999999997,73.0296743340221,64.36595897370862,52.53819788848316,40.0,21.081851067789188,0.0,0.0,83.7478311161928,21.693121693055346,93.03957223892212,80.2702009677887,0.6854864954948425,0.5294055342674255
,"{'07October_2012_Sunday_tagesschau-3033', 'morgen schwacher bis mäßiger an der küste zeitweise frischer wind aus süd bis südwest .'}",79.99999999999997,63.245553203367585,53.58322898371244,44.28500142691474,59.999999999999986,41.40393356054123,34.07378427295782,28.495577603220287,75.68230102952357,42.42641780324019,93.75333189964294,84.30927395820618,0.6512109041213989,0.5495755076408386
,"{'ihnen noch einen schönen abend und machen sie es gut .', '31January_2011_Monday_heute-3053'}",54.54545454545453,46.709936649691365,41.74128044846462,36.72056269893591,18.18181818181818,13.48399724926484,0.0,0.0,60.22788931083718,20.310633213790656,85.24466753005981,73.4398365020752,0.4431859254837036,0.36841344833374023
,"{'auch am tag viel sonne im laufe des tages bilden sich später nur hier und da ein paar quellwolken .', '20April_2011_Wednesday_tagesschau-3086'}",70.00000000000003,57.582892196243606,47.99049519403644,40.1577332834242,55.000000000000014,41.675437673324545,30.70457069283656,24.15725261015974,70.50264550257916,38.46153846147006,89.55615758895874,81.19532465934753,0.6256282925605774,0.44450193643569946
,"{'mittwoch und donnerstag bleibt es im norden windig gebietsweise regnet es .', '16November_2009_Monday_tagesschau-3105'}",70.5401437408845,61.64241439984991,57.788670896759896,54.88684910025905,30.668147154310777,16.01591750738048,0.0,0.0,76.02862254021723,23.923566878939358,90.30632376670837,79.8644483089447,0.6798791289329529,0.5659200549125671
,"{'am freundlichsten wird es im nordwesten .', '16November_2009_Monday_tagesschau-3106'}",32.20616970322653,20.084075461628778,0.0,0.0,27.918816751330947,0.0,0.0,0.0,36.380597014902875,22.189128816071367,73.61122369766235,70.79502940177917,0.552051305770874,0.5227120518684387
,"{'guten abend liebe zuschauer .', '21April_2010_Wednesday_heute-3108'}",100.00000000000004,100.00000000000004,100.00000000000004,100.00000000000004,40.0,0.0,0.0,0.0,99.99999999994999,21.693121693055346,99.99997019767761,89.54127430915833,0.9707947373390198,0.758667528629303
,"{'in den nächten muss verbreitet mit frost gerechnet werden .', '21April_2010_Wednesday_heute-3109'}",10.000000000000002,0.0,0.0,0.0,0.0,0.0,0.0,0.0,10.8465608464945,0.0,65.3728723526001,65.8586859703064,0.3984067738056183,0.3793402314186096
,"{'und nun die wettervorhersage für morgen dienstag den fünfundzwanzigsten mai .', '24May_2010_Monday_tagesschau-3139'}",100.00000000000004,100.00000000000004,100.00000000000004,100.00000000000004,81.81818181818183,75.67874686642696,68.26924810955322,58.77283725105324,99.99999999994999,85.32818532812672,100.0,96.67794108390808,0.9646653532981873,0.8242626190185547
,"{'26August_2009_Wednesday_tagesschau-3213', 'und nun die wettervorhersage für morgen donnerstag den siebenundzwanzigsten august .'}",100.00000000000004,100.00000000000004,100.00000000000004,100.00000000000004,100.00000000000004,83.66600265340763,72.99198566479815,61.79654585112238,99.99999999994999,90.9090909090409,100.0,95.8009660243988,0.9653632640838623,0.8581699132919312
,"{'am samstag kühlt es weiter ab im norden ist es sehr windig .', '26August_2009_Wednesday_tagesschau-3226'}",61.538461538461554,45.29108136578384,26.518211593610204,0.0,38.46153846153847,17.90287185098582,0.0,0.0,63.796178343891675,24.659863945514697,85.94277501106262,79.08862233161926,0.7413284182548523,0.6341254115104675
,"{'26August_2009_Wednesday_tagesschau-3227', 'ab sonntag steigen temperaturen und sonne wieder und es scheint häufig für längere zeit .'}",46.66666666666667,31.62277660168379,19.740230337485706,0.0,33.333333333333336,26.726124191242448,17.645861682298985,0.0,52.19298245607348,37.2807017543191,84.1494619846344,83.56866240501404,0.7396601438522339,0.7013958692550659
,"{'dabei gibt es zum teil kräftige schauer und gewitter die örtlich auch unwetterartig sein können .', '14August_2011_Sunday_tagesschau-3230'}",49.99999999999999,31.62277660168379,24.264275032025868,18.20705281109213,37.5,15.811388300841893,0.0,0.0,52.86549707596199,33.767678372729506,87.80152201652527,79.57844734191895,0.6600437164306641,0.6007282733917236
,"{'14August_2011_Sunday_tagesschau-3232', 'im osten und süden zu beginn der nacht noch teilweise kräftiger regen und örtlich auch hagel .'}",70.58823529411764,51.44957554275266,41.32797329718274,31.689002674537868,64.70588235294115,49.25921830718888,40.14652145477806,31.007120066002052,64.70588235289118,42.34654234648664,84.53401327133179,82.5077474117279,0.695244312286377,0.6956058144569397
,"{'22February_2010_Monday_tagesschau-3246', 'im norden und nordosten bleibt es heute nacht meist trocken sonst regnet es zeitweise im norden und osten zum teil ergiebig .'}",45.45454545454545,36.037498507822356,29.615092275387507,22.866722231574908,31.818181818181817,24.618298195866544,18.232183586428963,13.364127603112498,49.675470728034696,35.132935431292964,81.3877522945404,77.433180809021,0.5986725687980652,0.57192063331604
,"{'22February_2010_Monday_tagesschau-3247', 'an der nordsee kann es auch schneien .'}",11.031211282307444,0.0,0.0,0.0,0.0,0.0,0.0,0.0,11.684125705039227,0.0,72.06430435180664,72.71926403045654,0.5447878241539001,0.5312705636024475
,"{'22September_2010_Wednesday_tagesschau-3258', 'heute nacht ist es verbreitet klar oder nur leicht bewölkt vor allem in einigen regionen bildet sich nebel vor allem in der mitte und im süden nebel .'}",49.99999999999999,40.82482904638629,33.755319058958186,26.064654620515448,42.85714285714285,35.634832254989924,29.01229142856743,21.023693683267553,50.87546535361527,44.32301153606944,81.82963132858276,80.31025528907776,0.5123208165168762,0.5083649158477783
,"{'und nun die wettervorhersage für morgen freitag den achtundzwanzigsten august .', '27August_2009_Thursday_tagesschau-3267'}",100.00000000000004,100.00000000000004,100.00000000000004,100.00000000000004,81.81818181818183,75.67874686642696,68.26924810955322,58.77283725105324,99.99999999994999,85.32818532812672,100.0,95.29640674591064,0.9772857427597046,0.8336158990859985
,"{'von schottland nähert sich aber wieder ein atlantischer tiefausläufer .', '27August_2009_Thursday_tagesschau-3268'}",40.0,21.081851067789188,0.0,0.0,10.000000000000002,0.0,0.0,0.0,43.386243386177036,11.094564407972461,79.42007780075073,70.74998617172241,0.2734999656677246,0.1452389657497406
,"{'27August_2009_Thursday_tagesschau-3269', 'das kräftige tief das sich zur nordsee verlagert sorgt dafür dass weiter kalte luft zu uns strömt .'}",5.555555555555555,0.0,0.0,0.0,0.0,0.0,0.0,0.0,6.17283950611358,0.0,68.20588111877441,64.68977332115173,0.2410491406917572,0.24001803994178772
,"{'das hoch über skandinavien macht sich morgen im norden und westen deutschlands bemerkbar .', '15March_2011_Tuesday_tagesschau-3322'}",42.85714285714285,31.448545101657547,25.449736428999685,19.67497981115564,28.57142857142857,20.96569673443836,15.415080049095202,0.0,46.67484662569982,31.623931623862493,79.1282057762146,77.89413332939148,0.4210497736930847,0.37670081853866577
,"{'15March_2011_Tuesday_tagesschau-3325', 'von der ems bis zur lausitz ziehen dünne schleierwolkenfelder durch sonst ist es teils klar teils locker bewölkt .'}",56.84763955277427,53.31658952953713,49.379898538557754,44.8995160222747,39.94650442174473,32.44586361606231,22.734254401579882,16.246736614250725,59.70223325058104,40.971801601678195,85.74106097221375,81.40347599983215,0.6332347393035889,0.5327961444854736
,"{'15March_2011_Tuesday_tagesschau-3326', 'aber die nacht wird schon noch ein bisschen wolkiger .'}",49.99999999999999,33.333333333333336,0.0,0.0,30.000000000000004,0.0,0.0,0.0,49.99999999995,20.936957779003677,82.47029781341553,81.00913166999817,0.6615217328071594,0.6254978179931641
,"{'05May_2010_Wednesday_tagesschau-3348', 'das tief das sich vom mittelmeer zur nordsee verlagert sorgt morgen im westen deutschlands für viele wolken .'}",22.242705636577995,10.235625888296033,0.0,0.0,18.8107049975692,9.678027877848715,0.0,0.0,24.514563106768108,20.27429934403356,75.96573233604431,76.03811621665955,0.49467921257019043,0.3829972743988037
,"{'im norden bleibt es morgen noch meist trocken sonst fällt zeitweise regen .', '05May_2010_Wednesday_tagesschau-3352'}",72.54956239049889,60.23772031770743,48.364860780708746,37.32083238656446,42.736665168106896,31.453333915753564,20.26956706209601,0.0,77.78176597268627,44.3230115360841,92.60585308074951,86.23477220535278,0.7666462659835815,0.6909618973731995
,"{'in bayern und sachsen gibt es neben einzelnen schauern und gewittern auch klaren himmel .', '05May_2010_Wednesday_tagesschau-3353'}",66.66666666666669,48.795003647426675,38.01685654384933,26.01278440403793,66.66666666666669,30.860669992418376,19.421783839669526,0.0,68.80209184501629,55.04167347600174,88.63887786865234,86.41482591629028,0.569736659526825,0.584052562713623
,"{'05May_2010_Wednesday_tagesschau-3359', 'in der nordhälfte regnet es hier und da .'}",11.111111111111109,0.0,0.0,0.0,0.0,0.0,0.0,0.0,11.684125705016255,0.0,72.00162410736084,71.81965708732605,0.575465977191925,0.5600431561470032
,"{'im laufe des tages wird es immer wärmer dabei unbeständiger es gibt gewitter aber auch immer wieder sonnenschein .', '05May_2010_Wednesday_tagesschau-3360'}",26.31578947368421,17.099639201419233,0.0,0.0,10.526315789473687,0.0,0.0,0.0,26.31578947363421,5.397525805633947,77.76849269866943,76.4542281627655,0.34927132725715637,0.379444420337677
,"{'auch morgen breiten sich die regenwolken noch weiter richtung westen aus vor allem in rheinland pfalz und baden württemberg .', '18May_2010_Tuesday_heute-3366'}",61.40480648084862,32.53306122528053,16.885197826140725,0.0,45.24187090179797,20.758394029226395,12.938835252644497,0.0,49.19354838706671,37.923637923598086,83.63470435142517,81.69957399368286,0.6853364706039429,0.6775609254837036
,"{'und nun die wettervorhersage für morgen samstag den zweiten april .', '01April_2011_Friday_tagesschau-3374'}",100.00000000000004,100.00000000000004,100.00000000000004,100.00000000000004,100.00000000000004,83.66600265340763,72.99198566479815,61.79654585112238,99.99999999994999,90.9090909090409,100.0,96.0254967212677,0.9482386708259583,0.8664857745170593
,"{'im emsland und nordosten halten sich heute nacht noch viele wolken die etwas schnee oder schneeregen bringen .', '01April_2011_Friday_tagesschau-3377'}",52.55330382815363,48.3678529013428,43.618675261624546,40.22000980758568,27.777777777777775,18.077538151554684,0.0,0.0,53.97525805684634,27.77777777772778,82.4043869972229,75.58053731918335,0.5328550338745117,0.429970383644104
,"{'01April_2011_Friday_tagesschau-3387', 'am montag überall wechselhaft und deutlich kühler .'}",100.00000000000004,100.00000000000004,100.00000000000004,100.00000000000004,74.99999999999997,65.46536707079773,59.840848058857574,54.10822690539397,99.99999999994999,66.08187134496782,100.0,91.92478060722351,0.9653706550598145,0.7294818758964539
,"{'ab dienstag wird es nach auflösung von zum teil zähen nebelfeldern langsam wieder freundlicher und wärmer .', '01April_2011_Friday_tagesschau-3388'}",58.82352941176469,54.23261445466402,48.99973050296443,42.818185319516076,47.058823529411775,29.70442628930023,22.743660195259537,17.026024721767097,65.66303651498578,39.47234906132393,87.078195810318,85.48712134361267,0.5523410439491272,0.5251246690750122
,"{'das hoch das sich vom atlantik bis nach süddeutschland erstreckt sorgt dafür dass sehr warme luft zu uns strömt .', '17September_2010_Friday_tagesschau-3412'}",34.99999999999999,23.508117299081356,14.534086179549238,0.0,19.999999999999996,10.259783520851542,0.0,0.0,39.1447368420384,16.75061622542128,78.3262550830841,70.36510109901428,0.5508856773376465,0.4511758089065552
,"{'liebe zuschauer guten abend .', '17September_2010_Friday_tagesschau-3413'}",8.98657928234443,0.0,0.0,0.0,0.0,0.0,0.0,0.0,12.412177985952118,0.0,64.9007260799408,63.219279050827026,0.1568397879600525,0.07508572936058044
,"{'am samstag gibt es mehr wolken als sonne in der südosthälfte gebietsweise regen richtung westen einzelne schauer .', '23September_2010_Thursday_tagesschau-3448'}",69.59861353000653,60.52689036939955,49.72304117286192,41.38535737986232,55.55555555555555,40.42260417272215,27.335028453192308,0.0,73.27935222668192,38.88888888883889,85.72865128517151,83.96269679069519,0.60836261510849,0.5822245478630066
,"{'der wind bläst mäßig bis frisch mit starken bis stürmischen böen auf den bergen teilweise schwere sturmböen im süden und osten weht er schwach bis mäßig .', '01December_2011_Thursday_tagesschau-3473'}",59.25925925925925,50.07117441325405,43.129574938821904,37.63278728427449,44.44444444444444,32.02563076101743,20.16949960698223,13.597796343834903,59.246467817833235,42.84179425188706,87.94311881065369,83.99956226348877,0.6026684045791626,0.6056678295135498
,"{'25September_2010_Saturday_tagesschau-3489', 'am montag verbreitet regen im norden und osten dazu zeitweise stürmische böen an der ostsee dazu weht der wind mäßig bis frisch aus süd bis südwest .'}",25.925925925925927,19.971489650509266,14.72211826178999,10.738037495669008,11.111111111111109,0.0,0.0,0.0,26.843774781862013,7.541801980675849,75.1035988330841,67.27901101112366,0.40640372037887573,0.3274921476840973
,"{'und nun die wettervorhersage für morgen samstag den zwölften dezember .', '11December_2009_Friday_tagesschau-3504'}",100.00000000000004,100.00000000000004,100.00000000000004,100.00000000000004,54.54545454545453,40.45199174779453,26.295358943292957,0.0,99.99999999994999,47.40454740448881,100.0,90.96678495407104,0.9539278745651245,0.7104108333587646
,"{'die teilweise kräftigen regenfälle breiten sich heute nacht von westen aus .', '11November_2010_Thursday_tagesschau-3564'}",33.333333333333336,17.40776559556979,0.0,0.0,8.333333333333332,0.0,0.0,0.0,35.77712609964235,9.157509157440758,79.55290079116821,75.93029141426086,0.6259324550628662,0.5501130819320679
,"{'im norden lockert es später wieder auf an der nordsee sind einzelne gewitter möglich .', '11November_2010_Thursday_tagesschau-3565'}",58.344887936196514,42.70408529483113,29.065191367626504,20.571127493069756,24.94685293417648,18.25922669872437,0.0,0.0,49.61389961386312,25.75291125681663,80.34058213233948,75.05511045455933,0.4979684352874756,0.5484124422073364
,"{'28January_2013_Monday_tagesschau-3624', 'der wind weht heute nacht schwach bis mäßig im norden teilweise frisch mit starken bis stürmischen böen auf den bergen orkanartige böen .'}",43.478260869565226,31.434730673096574,21.11268150170346,14.72821272412462,17.391304347826082,8.89108448948774,0.0,0.0,44.4006136313286,18.10714952392906,78.21558713912964,74.08693432807922,0.4361172914505005,0.4129178524017334
,"{'an der ostsee macht sich ein tief über der ostsee mit schnee und regen bemerkbar .', '02December_2010_Thursday_tagesschau-3631'}",43.74999999999999,34.15650255319867,29.24017738212866,24.903286388467727,31.250000000000007,28.867513459481295,26.137897928735523,22.894156860669913,48.07692307685468,34.73373871376897,80.86533546447754,81.72633647918701,0.28280675411224365,0.29900845885276794
,"{'22April_2010_Thursday_tagesschau-3736', 'am wochenende scheint meist die sonne und es wird deutlich wärmer .'}",91.66666666666667,86.60254037844388,80.67143230122723,76.91605673134588,74.99999999999997,58.3874208121142,32.4249658624014,0.0,91.66666666661666,43.31480876097509,97.8983998298645,93.5454249382019,0.8403679728507996,0.7547831535339355
,"{'22April_2010_Thursday_tagesschau-3738', 'auch am montag noch einzelne schauer und gewitter sonst wird es wolkiger aber es bleibt auf jeden fall warm .'}",47.3389387033782,29.288043954557544,20.168085997671678,0.0,49.99999999999999,32.4442842261525,22.69923887086071,0.0,36.85228343329684,35.85032640145262,78.23628187179565,77.56407260894775,0.4216659665107727,0.3703716993331909
,"{'05May_2011_Thursday_heute-3747', 'dazu weht ein schwacher bis mäßiger südwestwind .'}",49.99999999999999,26.726124191242434,0.0,0.0,24.999999999999996,18.898223650461357,0.0,0.0,52.86549707596199,27.47252747245908,85.5319082736969,83.27366709709167,0.7731837630271912,0.7031068205833435
,"{'19November_2009_Thursday_tagesschau-3781', 'und nun die wettervorhersage für morgen freitag den zwanzigsten november .'}",100.00000000000004,100.00000000000004,100.00000000000004,100.00000000000004,100.00000000000004,83.66600265340763,72.99198566479815,61.79654585112238,99.99999999994999,90.9090909090409,100.0,95.98807096481323,0.9637573957443237,0.8619102835655212
,"{'19September_2010_Sunday_tagesschau-3802', 'im süden weht der wind nur schwach im norden mäßig bis frisch an den küsten stark mit stürmischen böen .'}",57.31115271545876,44.448623552186525,33.00261915292878,24.257265980446544,38.7318589391276,22.942773176115708,0.0,0.0,58.1378299119934,36.85228343329684,87.42597699165344,78.01132798194885,0.6842573285102844,0.6165328025817871
,"{'aber sonst bleibt es wechselhaft auch im osten und südosten deutschlands geht es unbeständig weiter mit dem tief über russland .', '14April_2010_Wednesday_tagesschau-3809'}",42.85714285714285,20.701966780270627,0.0,0.0,28.57142857142857,0.0,0.0,0.0,36.05192606173747,21.082621082551956,78.78736853599548,74.43784475326538,0.2657717168331146,0.326067179441452
,"{'die kaltfront eines tiefs bei island überquert deutschland mit regenwolken ostwärts .', '14February_2010_Sunday_tagesschau-3834'}",16.666666666666668,0.0,0.0,0.0,0.0,0.0,0.0,0.0,17.88856304978898,0.0,72.12883830070496,67.897629737854,0.25712302327156067,0.1334747076034546
,"{'25June_2010_Friday_tagesschau-3877', 'das hoch das von großbritannien nach deutschland zieht sorgt am wochenende auch für viel sonnenschein und steigende temperaturen .'}",47.368421052631575,32.4442842261525,0.0,0.0,36.84210526315789,20.232565955562798,0.0,0.0,43.18020644545744,27.607883112410452,78.63951921463013,76.71864628791809,0.5092520713806152,0.42289507389068604
,"{'25June_2010_Friday_tagesschau-3879', 'auch in der zweiten nachthälfte lässt der regen im südosten langsam nach sonst wird es immer wolkiger .'}",32.918733745746096,12.802827473168948,0.0,0.0,29.82797722714566,12.530256737403928,0.0,0.0,25.342874180050256,15.702718334258565,75.3796637058258,75.48975944519043,0.45543479919433594,0.42183583974838257
,"{'25June_2010_Friday_tagesschau-3880', 'bei längerem aufklaren bildet sich stellenweise nebel .'}",29.52290954631343,19.961130092025538,0.0,0.0,20.072303569462136,12.388894728896249,0.0,0.0,31.941031941034236,17.20191952749895,75.77670216560364,74.3405282497406,0.4794618487358093,0.4679926633834839
,"{'morgen scheint verbreitet die sonne hier und da ein paar dünne schleierwolken .', '25June_2010_Friday_tagesschau-3881'}",62.204279126988695,55.21409593968608,49.62987046169443,46.040771186435805,61.07097367830395,34.81581168743924,0.0,0.0,70.85794655412838,47.274749721886,86.07503175735474,81.6135585308075,0.5624333620071411,0.470520555973053
,"{'25June_2010_Friday_tagesschau-3882', 'im süden vor allem von bayerischen wald bis zu den alpen gibt es am nachmittag einzelne schauer .'}",74.56994306786414,68.63104266407213,64.10453528977476,61.32543594343265,38.888888888888886,26.196841599779198,16.247727570233458,0.0,78.51359167144768,22.222222222172224,93.02553534507751,79.33558225631714,0.5658041834831238,0.4202386140823364
,"{'es gelten entsprechende unwetterwarnungen des deutschen wetterdienstes .', '17June_2010_Thursday_tagesschau-3903'}",100.00000000000004,100.00000000000004,100.00000000000004,100.00000000000004,37.5,23.145502494313785,0.0,0.0,99.99999999994999,27.47252747245908,100.0,90.43043255805969,0.9206047654151917,0.7179349064826965
,"{'am montag abend ziehen dann von westen wieder dichtere wolken mit regen heran .', '05June_2010_Saturday_tagesschau-3925'}",21.42857142857143,0.0,0.0,0.0,14.285714285714283,0.0,0.0,0.0,15.55828220852191,7.905982905913778,71.89261317253113,73.39891195297241,0.3843209147453308,0.373915433883667
,"{'in der nacht klart es verbreitet auf .', '05June_2010_Saturday_tagesschau-3926'}",55.156056411537236,26.369638640452393,0.0,0.0,37.5,23.145502494313785,0.0,0.0,58.42062852534542,24.999999999950003,80.39912581443787,74.09180998802185,0.6029061079025269,0.3501816391944885
,"{'am dienstag besonders im osten längere freundliche abschnitte aber auch dort wieder schauer und gewitter .', '05June_2010_Saturday_tagesschau-3932'}",74.99999999999997,63.245553203367585,48.528550064051736,36.41410562218426,46.97065314067378,34.30251502119722,0.0,0.0,74.99999999994999,48.39604839600472,90.99772572517395,86.55269742012024,0.7429080009460449,0.6116824746131897
,"{'24March_2011_Thursday_tagesschau-3937', 'in der nacht ist es im norden und nordosten wolkig an der ostsee kann es etwas regnen .'}",57.80863421096899,47.45229024504729,37.62203628100053,24.072824011291072,55.55555555555555,47.82867026529596,38.52762227182799,24.848852650155177,59.37278386253539,55.555555555505556,83.42676758766174,82.36590623855591,0.6704813241958618,0.5897699594497681
,"{'sonst meist wolkenverhangen und meist nur locker bewölkt .', '24March_2011_Thursday_tagesschau-3938'}",44.44444444444444,33.333333333333336,0.0,0.0,22.22222222222222,16.666666666666668,0.0,0.0,49.52380952374046,24.82435597183287,82.26436972618103,74.98804926872253,0.5556103587150574,0.42033296823501587
,"{'08April_2010_Thursday_tagesschau-3950', 'sonst gibt es noch viele wolken aber nur vereinzelt ein paar tropfen .'}",42.736665168106896,18.159590803171504,0.0,0.0,30.769230769230774,0.0,0.0,0.0,36.93584294672973,23.076923076873076,75.41747689247131,75.03104209899902,0.39956581592559814,0.3779623508453369
,"{'08April_2010_Thursday_tagesschau-3957', 'morgen temperaturen von neun grad an der ostsee bis siebzehn grad im breisgau .'}",86.6877899750182,83.28693459685675,81.99254661903345,81.18430797997962,79.80538111748766,63.25326016834167,49.889350123092484,32.018608587234525,92.5146198830054,61.9218826605227,95.52977681159973,92.21345782279968,0.766557514667511,0.7294636368751526
,"{'08April_2010_Thursday_tagesschau-3961', 'die neue woche beginnt wechselhaft und kühl .'}",68.14506851874795,55.0695314903184,42.859058784732404,33.27714551776234,68.14506851874795,47.69161324512283,38.940039153570254,30.9678733158773,75.9259259259004,65.07936507933955,90.14887809753418,89.77640867233276,0.6977864503860474,0.6408381462097168
,"{'24April_2010_Saturday_tagesschau-3967', 'am tag scheint verbreitet die sonne im süden und westen ist es ab und an wolkig .'}",64.70588235294115,60.32997499048823,57.90130331749079,55.81600587827485,47.058823529411775,34.29971702850177,25.032637112775845,18.295654224495205,66.54456654451086,25.336293587501917,83.85637402534485,77.99179553985596,0.6141186952590942,0.5024235248565674
,"{'24April_2010_Saturday_tagesschau-3971', 'dort sowie in den südlichen mittelgebirgen ist bodenfrost möglich .'}",70.00000000000003,62.360956446232365,52.636329980469824,37.99178428257963,30.000000000000004,0.0,0.0,0.0,73.27935222666127,21.693121693055346,86.93702816963196,80.3609311580658,0.681973397731781,0.47656625509262085
,"{'im süden schwacher bis mäßiger im norden frischer bis starker wind mit einzelnen stürmischen böen an der ostsee und auf den bergen orkanartige böen .', '08January_2010_Friday_tagesschau-3981'}",69.17683961896726,49.924083719622914,37.33907298557547,30.880834756422622,42.27473532270221,26.01830100814039,14.141194123136984,0.0,66.61546338961098,43.104123369732065,84.92394089698792,75.08458495140076,0.6621814370155334,0.5615507364273071
,"{'die regenwolken breiten sich heute nacht von westen aus .', '04May_2011_Wednesday_heute-3991'}",30.000000000000004,18.25741858350554,0.0,0.0,10.000000000000002,0.0,0.0,0.0,29.99999999995,10.468478889472152,76.89301371574402,75.62857270240784,0.30344128608703613,0.3066527247428894
,"{'morgen gibt es noch ein paar schauer aber es wird nicht mehr so sonnig sein es gibt noch mehr gewitter .', '04May_2011_Wednesday_heute-3995'}",28.57142857142857,16.90308509457033,11.456697640675745,0.0,19.04761904761905,9.759000729485333,0.0,0.0,29.233532240255876,10.300550303306538,76.33408308029175,74.78084564208984,0.42095690965652466,0.4110479950904846
,"{'18January_2010_Monday_tagesschau-4023', 'im breisgau heute nacht bis sechs sonst werte zwischen minus ein und minus fünf grad .'}",56.24999999999999,43.30127018922193,34.250335529722065,23.578316044531807,43.74999999999999,29.580398915498076,23.20794416806389,17.609282679116177,59.4736842104649,47.27474972184757,79.54816222190857,75.92160105705261,0.4576292634010315,0.4097440242767334
,"{'02December_2009_Wednesday_tagesschau-4039', 'und nun die wettervorhersage für morgen donnerstag den dritten dezember .'}",100.00000000000004,100.00000000000004,100.00000000000004,100.00000000000004,81.81818181818183,75.67874686642696,68.26924810955322,58.77283725105324,99.99999999994999,85.32818532812672,100.0,95.18107175827026,0.9467506408691406,0.8086934089660645
,"{'im osten und südosten bleibt es meist trüb aber trocken mit sonne und wolken .', '02December_2009_Wednesday_tagesschau-4045'}",49.89370586835297,44.725788509678075,38.61534284800931,30.781789741768915,19.999999999999996,0.0,0.0,0.0,51.50582251367647,19.999999999950003,82.73045420646667,72.20703363418579,0.5375303030014038,0.40697991847991943
,"{'im süden gibt es heute nacht noch zum teil gewittrige schauer .', '15July_2010_Thursday_tagesschau-4056'}",35.27007187044225,16.474628226984198,0.0,0.0,30.668147154310777,16.01591750738048,0.0,0.0,38.01431127009201,23.923566878939358,78.05121541023254,76.89377069473267,0.5718553066253662,0.5845698118209839
,"{'05September_2009_Saturday_tagesschau-4085', 'in der nacht stürmisch auf den bergen sturmböen .'}",39.77063630286087,29.82797722714566,22.48872710446515,0.0,22.22222222222222,16.666666666666668,0.0,0.0,41.87391555808737,22.222222222172224,85.91419458389282,82.79470205307007,0.3222736716270447,0.21341343224048615
,"{'19February_2010_Friday_tagesschau-4093', 'in den kommenden tagen bestimmt tiefer luftdruck unser wetter und teilweise windiges wetter .'}",12.383969996431166,0.0,0.0,0.0,6.650448426457306,0.0,0.0,0.0,13.216374268970297,6.880209184464527,69.14698481559753,69.06718611717224,0.3638864755630493,0.29920506477355957
,"{'hoher luftdruck bestimmt in den kommenden tagen unser wetter .', '21October_2011_Friday_tagesschau-4103'}",43.9049308875221,40.0795350546686,38.05247353806107,36.256300273131316,27.440581804701317,18.293721203134215,13.192055772271924,0.0,55.88697017268145,27.94348508633922,81.55698776245117,75.43131113052368,0.26289254426956177,0.23317846655845642
,"{'21October_2011_Friday_tagesschau-4104', 'im süden hält sich der nebel zum teil länger an auf den bergen scheint die sonne auch für längere zeit .'}",28.57142857142857,16.90308509457033,11.456697640675745,0.0,14.285714285714283,8.451542547285165,0.0,0.0,24.36127686687079,15.20572450798733,73.16182255744934,68.69790554046631,0.5128456950187683,0.467306911945343
,"{'und nun die wettervorhersage für morgen freitag den achten oktober .', '07October_2010_Thursday_tagesschau-4117'}",100.00000000000004,100.00000000000004,100.00000000000004,100.00000000000004,100.00000000000004,83.66600265340763,72.99198566479815,61.79654585112238,99.99999999994999,90.9090909090409,100.0,95.60813307762146,0.9575624465942383,0.8560360670089722
,"{'vor allem in der nordhälfte ist es heute nacht meist stark bewölkt hier und da regnet es etwas .', '07October_2010_Thursday_tagesschau-4121'}",31.57894736842106,18.73171623163388,0.0,0.0,26.31578947368421,17.099639201419233,0.0,0.0,33.792788680903776,17.178034004232526,77.19716429710388,74.91683959960938,0.7542293667793274,0.7255182266235352
,"{'07October_2010_Thursday_tagesschau-4122', 'in der südhälfte gibt es vielerorts hochnebel oder nebelfelder die sich morgen zum teil hartnäckig halten .'}",61.009438720021286,42.39846742910048,32.3639255024144,25.99469349742419,41.1764705882353,22.68713032432575,0.0,0.0,57.049790600235184,41.176470588185296,85.37825345993042,81.35413527488708,0.5978331565856934,0.5567477345466614
,"{'im allgäu heute nacht kühle vier an der oder bis dreizehn grad an der nordsee dreizehn grad .', '07October_2010_Thursday_tagesschau-4127'}",83.33333333333334,62.62242910851494,46.110511808750275,33.81307292971254,38.888888888888886,21.389631597324925,0.0,0.0,64.26269137786073,35.77712609964235,82.7461838722229,77.12828516960144,0.4410781264305115,0.4362420439720154
,"{'07October_2010_Thursday_tagesschau-4129', 'ruhiges trockenes und teilweise freundliches herbstwetter erwartet uns in den nächsten tagen .'}",39.58454126262917,31.144950512269688,26.89211312468436,23.124317741340796,30.535486839151975,20.100918249798358,14.286936089408918,0.0,45.09142053443781,33.76767837276793,87.41720914840698,84.54044461250305,0.6656254529953003,0.6105684638023376
,"{'07December_2010_Tuesday_tagesschau-4155', 'am freitag kommen in der südwesthälfte schneefälle auf in der westhälfte später auch regenschauer .'}",25.530944612154958,11.818530844056395,0.0,0.0,21.83282008207952,11.299557901470893,0.0,0.0,28.63005667380823,23.851417399774444,73.52258563041687,72.20359444618225,0.6048193573951721,0.5740479230880737
,"{'guten abend liebe zuschauer .', '08December_2009_Tuesday_heute-4198'}",100.00000000000004,100.00000000000004,100.00000000000004,100.00000000000004,59.999999999999986,38.729833462074154,0.0,0.0,99.99999999994999,43.386243386177036,99.99997019767761,88.82066011428833,0.9707947373390198,0.8006770014762878
,"{'08December_2009_Tuesday_heute-4199', 'und so wird es dann auch morgen tagsüber überwiegend trüb sein .'}",33.333333333333336,0.0,0.0,0.0,24.999999999999996,15.075567228888186,0.0,0.0,24.999999999950003,25.98888525656189,71.19669914245605,71.61467671394348,0.5874796509742737,0.6334251165390015
,"{'der wind aus süd bis südwest weht schwach bis mäßig .', '24October_2009_Saturday_tagesschau-4286'}",90.90909090909088,85.28028654224414,78.56009758726493,70.16879391277372,81.81818181818183,70.06490497453706,54.69655075928688,37.81790427652475,90.9090909090409,56.88545688539829,96.99535965919495,91.92100167274475,0.8900495767593384,0.8324267864227295
,"{'im nordwesten frischer bis starker wind mit starken bis stürmischen böen .', '24October_2009_Saturday_tagesschau-4287'}",16.666666666666668,0.0,0.0,0.0,0.0,0.0,0.0,0.0,18.571428571359508,0.0,74.31579232215881,74.34191107749939,0.5969031453132629,0.5906412601470947
,"{'24October_2009_Saturday_tagesschau-4289', 'morgen im osten noch dreizehn bis dreizehn im westen bis siebzehn grad .'}",59.358732864953616,46.04997746778716,32.09424815579697,0.0,49.85944269612472,39.22919972818223,23.485851729386155,0.0,63.63962670491886,36.93584294672973,88.04904222488403,83.1189215183258,0.6675421595573425,0.49995583295822144
,"{'01April_2010_Thursday_tagesschau-4329', 'am samstag wechselhaftes wetter .'}",40.21920276213835,25.961383749250192,0.0,0.0,32.749230123119276,25.890539701513354,0.0,0.0,47.435897435883525,35.777126099676686,75.24099946022034,75.42878985404968,0.6939261555671692,0.58663010597229
,"{'am freundlichsten wird es im nordosten sowie in den mittelgebirgen .', '01April_2010_Thursday_tagesschau-4330'}",66.40732482052816,49.24899018660713,36.64659342440432,27.376780981812882,54.54545454545453,33.02891295379081,0.0,0.0,69.30369401761207,45.454545454495445,86.26612424850464,82.23305344581604,0.5511063933372498,0.46652358770370483
,"{'01April_2010_Thursday_tagesschau-4331', 'am sonntag regnet es gebietsweise teilweise sind gewitter dabei .'}",49.99999999999999,23.570226039551585,0.0,0.0,40.0,21.081851067789188,0.0,0.0,49.99999999995,39.999999999950006,80.21557331085205,79.47183847427368,0.6897622346878052,0.6191885471343994
,"{'im südosten regnet es noch für längere zeit .', '01April_2010_Thursday_tagesschau-4332'}",55.55555555555555,45.64354645876385,39.044833280954016,31.55984539112946,33.333333333333336,0.0,0.0,0.0,60.63432835814155,12.380952380883322,89.66165781021118,84.50490832328796,0.796055018901825,0.7867521643638611
,"{'in den nächsten tagen sorgen atlantische tiefausläufer wieder für unbeständiges wetter und die temperaturen sinken .', '23May_2010_Sunday_tagesschau-4337'}",49.99999999999999,25.819888974716118,0.0,0.0,37.5,22.360679774997894,0.0,0.0,52.86549707596199,40.52121404728853,81.18512034416199,78.93106937408447,0.6425455212593079,0.6179459095001221
,"{'am freundlichsten wird es im süden .', '11August_2009_Tuesday_tagesschau-4354'}",14.285714285714283,0.0,0.0,0.0,0.0,0.0,0.0,0.0,14.285714285664286,0.0,72.83418774604797,70.49348950386047,0.2070959359407425,0.2709030210971832
,"{'11August_2009_Tuesday_tagesschau-4355', 'sonst viele wolken die in der nordhälfte deutschlands schauer oder gewitter bringen .'}",38.78850379056739,31.91714888292256,22.685444544357466,0.0,19.39425189528369,10.093088688873417,0.0,0.0,46.81978798585569,23.409893992922846,79.787278175354,70.25654911994934,0.5743470191955566,0.37329182028770447
,"{'11August_2009_Tuesday_tagesschau-4356', 'im übrigen land schwacher bis mäßiger wind aus unterschiedlichen richtungen .'}",25.277961032686505,0.0,0.0,0.0,15.15914396500328,0.0,0.0,0.0,22.056948576269157,8.219954648494307,75.1039206981659,72.61250615119934,0.3878629207611084,0.3364957571029663
,"{'25November_2011_Friday_tagesschau-4398', 'am niederrhein morgen zehn bis elf sonst zwei bis neun grad .'}",84.64817248906144,84.64817248906144,84.64817248906144,84.64817248906144,84.33740467435464,70.26955287933683,56.6414533482013,43.90357251785801,91.23434704826732,63.796178343907506,95.57715058326721,90.011066198349,0.7181795239448547,0.6356005668640137
,"{'25November_2011_Friday_tagesschau-4399', 'am sonntag ist es im süden oft sonnig sonst viele wolken die regen bringen .'}",62.367132335441205,45.64806674681092,31.068919668883257,21.989282626654578,26.66666666666667,13.801311186847087,0.0,0.0,64.38227814210641,26.666666666616667,83.91647338867188,74.95163679122925,0.5380128622055054,0.5098944902420044
,"{'12August_2010_Thursday_tagesschau-4403', 'deutschland liegt weiter zwischen einem atlantikhoch und einer luftmassengrenze .'}",19.86341215165638,10.468937416983346,0.0,0.0,10.976232721880526,0.0,0.0,0.0,26.314899374260857,6.9858712715825515,73.26712608337402,73.27951788902283,0.3358197808265686,0.2732137143611908
,"{'24May_2011_Tuesday_tagesschau-4468', 'deutschland liegt morgen unter hochdruckeinfluss sonnig und trocken .'}",28.52317327958844,19.13392631614961,13.899318279528071,0.0,19.125114024581094,11.711692658192524,0.0,0.0,37.280701754385575,23.92744025337823,80.29103875160217,79.43501472473145,0.5677013397216797,0.5300598740577698
,"{'an den küsten ist es kühler mit fünfzehn bis sechzehn grad am oberrhein dreiundzwanzig bis sechsundzwanzig grad .', '24May_2011_Tuesday_tagesschau-4477'}",44.44444444444444,39.60590171906697,33.974515584373094,26.89054715066592,33.333333333333336,28.005601680560204,21.402603672366553,0.0,47.7028347995446,35.77712609964235,83.16527009010315,85.57648658752441,0.5650871396064758,0.6802439093589783
,"{'im osten bleibt es noch trocken .', '29June_2011_Wednesday_tagesschau-4490'}",71.42857142857146,48.795003647426675,0.0,0.0,57.14285714285717,30.86066999241839,0.0,0.0,71.42857142852144,60.822898032137594,89.87925052642822,88.34365010261536,0.6913182139396667,0.6378247737884521
,"{'09February_2010_Tuesday_tagesschau-4504', 'am samstag schneit es nur noch selten am wenigsten im süden und westen regnet es auch am ehesten .'}",31.57894736842106,26.490647141300876,23.135869343143963,19.835441454182888,21.052631578947366,0.0,0.0,0.0,34.59503459498418,11.385726187126552,79.67618107795715,77.10436582565308,0.45051878690719604,0.3869549632072449
,"{'18February_2010_Thursday_tagesschau-4531', 'hier und da zeigt sich auch mal die sonne .'}",49.99999999999999,23.570226039551585,0.0,0.0,40.0,21.081851067789188,0.0,0.0,52.34239444759824,21.693121693055346,83.80054235458374,79.42537069320679,0.778888463973999,0.747066080570221
,"{'am samstag ist es im norden windig .', '18February_2010_Thursday_tagesschau-4532'}",74.99999999999997,56.69467095138407,0.0,0.0,74.99999999999997,56.69467095138407,0.0,0.0,79.29824561397368,24.999999999950003,90.12503623962402,92.48124957084656,0.8137611746788025,0.8116605877876282
,"{'in der neuen woche ändert sich an diesem wetter erstmal wenig .', '18February_2010_Thursday_tagesschau-4533'}",74.99999999999997,69.08492797077568,62.02672829851782,53.107253497886994,49.99999999999999,36.92744729379982,23.890919115885197,0.0,80.49853372427577,27.47252747245908,92.23043918609619,83.81239175796509,0.6527861952781677,0.5597912073135376
,"{'28October_2009_Wednesday_tagesschau-4535', 'im norden und nordosten deutschlands werden die wolken allerdings morgen wieder dichter und bringen etwas regen .'}",52.94117647058824,44.55663943395034,37.54895566916376,29.48993986902436,23.529411764705884,0.0,0.0,0.0,55.81563706557624,19.002220190610185,88.02801370620728,77.5167465209961,0.7382135391235352,0.6927822828292847
,"{'28October_2009_Wednesday_tagesschau-4537', 'heute nacht im norden und nordosten viele wolken die hier und da regen bringen .'}",52.51039914257684,44.37938725284146,37.57143393289785,32.821002882577524,52.51039914257684,40.51265247773084,28.062133726974555,20.036355246442355,55.81563706560056,43.41216216212566,82.26375579833984,80.51551580429077,0.5974161028862,0.6041856408119202
,"{'morgen ist es meist stark bewölkt oder neblig trüb im norden zum teil auch im süden scheint die sonne .', '28October_2009_Wednesday_tagesschau-4539'}",49.99999999999999,22.941573387056177,0.0,0.0,24.999999999999996,0.0,0.0,0.0,42.68566560823845,16.64184661199331,79.21861410140991,69.21645998954773,0.6377311944961548,0.498224675655365
,"{'im nordosten ist es heute nacht meist stark bewölkt hier und da fällt regen .', '28October_2009_Wednesday_tagesschau-4540'}",53.33333333333335,19.51800145897067,0.0,0.0,33.333333333333336,0.0,0.0,0.0,48.16146429149448,28.284278535472772,83.5016131401062,78.50322723388672,0.725976288318634,0.6300150156021118
,"{'28October_2009_Wednesday_tagesschau-4543', 'im übrigen land steigen die temperaturen an auf werte um den gefrierpunkt .'}",30.769230769230774,16.012815380508716,0.0,0.0,23.076923076923073,0.0,0.0,0.0,34.33070866135458,16.99129714043383,76.65132284164429,74.36144948005676,0.6395274996757507,0.5255913138389587
,"{'morgen im norden nur acht grad im südwesten bis siebzehn grad .', '28October_2009_Wednesday_tagesschau-4544'}",74.99999999999997,52.223296786709355,30.10067189543959,0.0,66.66666666666669,55.04818825631805,49.48976031599527,44.833867003844595,58.333333333283335,60.64073226538829,82.59773850440979,82.06935524940491,0.5558843016624451,0.5003728866577148
,"{'am dienstag viel sonne im nordosten ist es ab und an wolkig vereinzelt regnet es etwas .', '04April_2010_Sunday_tagesschau-4574'}",47.058823529411775,29.70442628930023,0.0,0.0,47.058823529411775,29.70442628930023,0.0,0.0,36.2970362969806,35.294117647008825,76.76874995231628,74.99600648880005,0.5995727777481079,0.5234041213989258
,"{'und nun die wettervorhersage für morgen dienstag den vierzehnten september .', '13September_2010_Monday_tagesschau-4592'}",100.00000000000004,100.00000000000004,100.00000000000004,100.00000000000004,100.00000000000004,83.66600265340763,72.99198566479815,61.79654585112238,99.99999999994999,90.9090909090409,100.0,95.91590166091919,0.9697005748748779,0.8527341485023499
,"{'22November_2011_Tuesday_heute-4646', 'am wochenende gibt es viel regen aber kaum noch vor allem noch in den mittelgebirgen und im norden .'}",21.052631578947366,10.814761408717501,0.0,0.0,21.052631578947366,10.814761408717501,0.0,0.0,17.47496046383382,23.299947285130607,73.78982901573181,72.28260040283203,0.3020073175430298,0.25040918588638306
,"{'07February_2011_Monday_heute-4658', 'guten abend liebe zuschauer .'}",100.00000000000004,100.00000000000004,100.00000000000004,100.00000000000004,40.0,0.0,0.0,0.0,99.99999999994999,21.693121693055346,99.99997019767761,89.54127430915833,0.9707947373390198,0.758667528629303
,"{'28September_2009_Monday_tagesschau-4681', 'die aussichten .'}",100.00000000000004,100.00000000000004,100.00000000000004,0.0,33.333333333333336,0.0,0.0,0.0,99.99999999994999,37.14285714278808,100.00003576278687,90.01452326774597,0.9307384490966797,0.8451866507530212
,"{'am mittwoch regnet es in der nordhälfte gebietsweise richtung süden ist es recht freundlich .', '28September_2009_Monday_tagesschau-4682'}",66.66666666666669,53.452248382484875,40.39893837970749,27.22589423069701,33.333333333333336,26.726124191242448,17.645861682298985,0.0,72.31040564367264,29.40926476831197,88.71026635169983,79.89840507507324,0.5795323848724365,0.5107842087745667
,"{'19March_2011_Saturday_tagesschau-4686', 'deutschland liegt innerhalb einer ausgedehnten hochdruckzone die in den nächsten tagen für viel sonnenschein sorgt .'}",41.09932149808956,27.788213144452467,21.801845912525042,16.542390175536816,18.75,15.811388300841893,12.132137516012932,0.0,42.34654234649868,18.749999999950003,77.21834778785706,72.90263175964355,0.6579484343528748,0.5710902810096741
,"{'02March_2011_Wednesday_tagesschau-4702', 'und nun die wettervorhersage für morgen donnerstag den zweiten märz .'}",90.90909090909088,85.28028654224414,78.56009758726493,74.19446627365011,72.7272727272727,60.3022689155527,49.48976031599527,41.72261448611506,90.9090909090409,75.84727584721726,99.73856806755066,95.32915949821472,0.7874379754066467,0.729439377784729
,"{'heute nacht vierzehn grad im breisgau an der ostsee bei auflandigem wind nur sieben grad .', '04October_2010_Monday_tagesschau-4722'}",43.74999999999999,29.580398915498076,18.420157493201934,0.0,31.250000000000007,14.433756729740645,0.0,0.0,48.07692307685468,34.34065934059094,78.26390862464905,78.8111686706543,0.39802324771881104,0.44732844829559326
,"{'04October_2010_Monday_tagesschau-4723', 'morgen dreizehn grad an der neiße sonst fünfzehn bis zwanzig grad .'}",58.333333333333336,46.056618647183825,27.68182380588133,0.0,41.66666666666667,0.0,0.0,0.0,62.609970674422385,36.63003662996824,83.80197286605835,83.76572728157043,0.37343400716781616,0.3618432879447937
,"{'12December_2009_Saturday_tagesschau-4728', 'in der nacht schneit es stellenweise leicht an den küsten sowie in tieferen lagen ist auch regen mit dabei .'}",77.46371787825521,64.89196196822498,54.41079104042388,44.9374068576077,67.86280635269694,40.198457184602645,25.326913722496442,0.0,78.31110229579495,52.145002144962305,92.39842295646667,88.70925903320312,0.8039308786392212,0.7385735511779785
,"{'am sonntag viele wolken hier und da regen im bergland auch schnee .', '24February_2011_Thursday_tagesschau-4771'}",64.10499775216033,44.48173140550835,0.0,0.0,15.384615384615385,0.0,0.0,0.0,66.48451730414725,15.384615384565386,83.90691876411438,72.51088619232178,0.6932075619697571,0.5475622415542603
,"{'und nun die wettervorhersage für morgen sonntag den fünften dezember .', '04December_2010_Saturday_tagesschau-4834'}",100.00000000000004,100.00000000000004,100.00000000000004,100.00000000000004,45.45454545454545,30.15113445777636,0.0,0.0,99.99999999994999,47.40454740448881,100.0,83.23449492454529,1.0077310800552368,0.6856796741485596
,"{'21January_2011_Friday_tagesschau-4889', 'heute nacht zeigen sich gebietsweise die sterne hier und da bildet sich nebel .'}",59.85403583811575,41.40897895345154,23.695302342319177,0.0,49.99999999999999,39.223227027636796,29.48798731084673,21.97281387499715,48.16146429150816,49.99999999995,78.5764992237091,79.50851917266846,0.462266206741333,0.40004169940948486
,"{'21November_2009_Saturday_tagesschau-4907', 'in der nordwesthälfte bei schauern starke bis stürmische böen .'}",36.19349672143838,26.977039670850655,20.190932736684847,0.0,19.999999999999996,0.0,0.0,0.0,37.923637923598086,9.99999999995,80.16876578330994,76.05386972427368,0.6543309688568115,0.43732911348342896
,"{'gegen abend sind bei schauern schwere sturmböen auf den bergen orkanartige böen möglich .', '21November_2009_Saturday_tagesschau-4908'}",64.28571428571428,49.72451580988469,39.53912415007294,32.55964126200301,28.57142857142857,14.82498633322202,0.0,0.0,70.01226993858324,31.623931623862493,90.01196026802063,79.55030798912048,0.6125553250312805,0.48602724075317383
,"{'am temperaturniveau ändert sich wenig .', '28February_2011_Monday_tagesschau-4988'}",56.43211499270762,53.53620496724769,49.50255157306358,43.01250851313264,33.333333333333336,0.0,0.0,0.0,60.822898032167124,16.666666666616667,92.5316333770752,84.44857597351074,0.7727667093276978,0.6988914608955383
,"{'im nordwesten ist es freundlicher .', '01June_2010_Tuesday_tagesschau-5008'}",30.326532985631665,19.180183554164497,0.0,0.0,11.942188509563156,0.0,0.0,0.0,37.1428571428493,13.736263736245045,81.56256079673767,76.9902765750885,0.7864080667495728,0.620739221572876
,"{'der wind aus west bis südwest weht mäßig bis frisch mit starken bis stürmischen böen an der ostsee und in den gipfellagen der mittelgebirge sind sturmböen möglich .', '01June_2010_Tuesday_tagesschau-5009'}",53.57142857142858,28.171808490950557,0.0,0.0,49.99999999999999,27.216552697590867,0.0,0.0,46.179548052339676,35.00613496925811,81.2684416770935,80.1410973072052,0.5978030562400818,0.5623139142990112
,"{'29August_2009_Saturday_tagesschau-5018', 'heute nacht werden die niederschläge schwächer und ziehen noch etwa bis zu den küsten .'}",40.0,16.90308509457033,0.0,0.0,33.333333333333336,21.821789023599234,0.0,0.0,28.284278535472772,36.15520282180314,71.69939279556274,72.82776236534119,0.3158189058303833,0.324897825717926
,"{'29August_2009_Saturday_tagesschau-5019', 'im süden ist es mal wolkig mal klar .'}",49.71329537857609,33.34869235560668,0.0,0.0,33.333333333333336,20.412414523193153,0.0,0.0,52.34239444761888,22.222222222172224,82.44103789329529,76.85934901237488,0.8252914547920227,0.6929826736450195
,"{'morgen früh bildet sich stellenweise nebel .', '29August_2009_Saturday_tagesschau-5020'}",32.20616970322653,0.0,0.0,0.0,12.383969996431166,0.0,0.0,0.0,36.380597014902875,13.216374268970297,81.59696459770203,74.89540576934814,0.7350789308547974,0.6383875012397766
,"{'morgen überwiegen in der nordosthälfte die wolken hier und da fallen schauer .', '01September_2010_Wednesday_tagesschau-5039'}",84.61538461538463,70.25594235292441,60.76420431256693,54.733202423907116,46.15384615384615,0.0,0.0,0.0,84.6153846153346,31.898089171917164,91.31506085395813,78.80128026008606,0.6841395497322083,0.4870418310165405
,"{'in der nacht sind im süden anfangs noch einzelne schauer und gewitter unterwegs sonst teils klar teils locker bewölkt .', '16July_2009_Thursday_tagesschau-5052'}",54.29024508215756,35.95459314215452,26.913861898159507,17.947849631006275,42.805324102532126,14.639111961062277,0.0,0.0,56.88545688541703,34.105787613650676,85.47990918159485,83.56165289878845,0.6341699361801147,0.6240519285202026
,"{'21May_2010_Friday_tagesschau-5092', 'morgen im norden und osten mal sonne mal wolken im wechsel einzelne schauer oder gewitter .'}",56.24999999999999,43.30127018922193,34.250335529722065,23.578316044531807,31.250000000000007,14.433756729740645,0.0,0.0,56.24999999994999,32.191139071018775,81.72007203102112,80.46027421951294,0.5272750854492188,0.3738253712654114
,"{'dazu weht ein schwacher bis mäßiger wind aus unterschiedlichen richtungen .', '21May_2010_Friday_tagesschau-5094'}",28.851655406376448,0.0,0.0,0.0,18.95847077451488,0.0,0.0,0.0,27.786990971060142,22.056948576269157,74.45019483566284,73.90554547309875,0.3692580461502075,0.3396400809288025
,"{'am tag fünfzehn grad an der nordsee vierundzwanzig grad am niederrhein .', '21May_2010_Friday_tagesschau-5096'}",61.33629430862157,45.29985550557232,38.40383193608607,32.80424072511114,49.99999999999999,30.15113445777636,0.0,0.0,63.796178343907506,33.333333333283335,80.51828742027283,79.45496439933777,0.4937838912010193,0.43837273120880127
,"{'am sonntag ändert sich an diesem wetter wenig .', '21May_2010_Friday_tagesschau-5097'}",89.483931681437,70.74325952506045,57.68277363001753,41.13230552118989,77.77777777777777,62.360956446232365,38.1571414184444,0.0,83.74783111621343,33.333333333283335,95.91678380966187,93.52072477340698,0.8211960196495056,0.7365535497665405
,"{'17July_2009_Friday_tagesschau-5101', 'und nun die wettervorhersage für morgen samstag den achtzehnten märz .'}",90.90909090909088,85.28028654224414,82.70230439802374,80.70557274927978,63.63636363636361,56.407607481776594,47.335252868199454,40.35278637463991,90.9090909090409,66.36636636630777,93.909353017807,90.48375487327576,0.789628803730011,0.7034600377082825
,"{'17July_2009_Friday_tagesschau-5104', 'dabei gelangt von nordwesten kältere luft nach deutschland und damit setzt sich das wechselhafte wetter fort .'}",23.529411764705884,12.126781251816647,0.0,0.0,17.647058823529417,0.0,0.0,0.0,26.08040957680175,13.132607302942217,75.8796215057373,74.34251308441162,0.4784344434738159,0.3771035075187683
,"{'im osten und süden entwickeln sich heute nacht teilweise kräftige schauer und zum teil heftige gewitter .', '17July_2009_Friday_tagesschau-5105'}",66.55575133093234,48.51042304199408,38.967036111865006,33.06622767324895,58.82352941176469,42.87464628562721,33.25143292141238,26.92050880955931,62.75476966026309,47.05882352936177,85.83297729492188,82.679283618927,0.6648948788642883,0.6254976987838745
,"{'17July_2009_Friday_tagesschau-5106', 'es bestehen entsprechende unwetterwarnungen des deutschen wetterdienstes .'}",37.5,23.145502494313785,0.0,0.0,0.0,0.0,0.0,0.0,37.499999999950006,0.0,88.49866986274719,83.36471915245056,0.7401961088180542,0.6269286274909973
,"{'05April_2011_Tuesday_heute-5120', 'vor allem in der südwesthälfte schwacher bis mäßiger wind aus west bis südwest .'}",14.285714285714283,0.0,0.0,0.0,7.142857142857142,0.0,0.0,0.0,15.873015872956614,7.837837837786512,75.32429099082947,68.29369068145752,0.431135356426239,0.41277241706848145
,"{'27November_2011_Sunday_tagesschau-5138', 'und nun die wettervorhersage für morgen montag den achtundzwanzigsten november .'}",100.00000000000004,100.00000000000004,100.00000000000004,100.00000000000004,81.81818181818183,75.67874686642696,68.26924810955322,58.77283725105324,99.99999999994999,56.88545688539829,100.0,94.51748132705688,0.9873592257499695,0.7604582905769348
,"{'27November_2011_Sunday_tagesschau-5149', 'morgen im süden bei dauernebel teilweise nur zwei am niederrhein bis elf grad .'}",92.85714285714283,80.1783725737273,68.50067105944413,61.82518852201092,71.42857142857146,62.01736729460425,50.423749017455606,39.07380249452502,81.25885448284133,76.0286225401877,96.31687998771667,91.64208769798279,0.7140939235687256,0.648494303226471
,"{'27August_2010_Friday_tagesschau-5164', 'am sonntag und montag bleibt es bei diesem kühlen wechselhaften wetter erstmal noch .'}",53.20358741165847,27.605985968967698,18.08290004857339,0.0,42.85714285714285,25.67762955065477,17.645861682298985,0.0,55.04167347601542,28.571428571378572,83.01677107810974,81.90723061561584,0.42434030771255493,0.42343199253082275
,"{'14September_2010_Tuesday_tagesschau-5220', 'heute nacht sieben bis vierzehn grad am tag zweiundzwanzig grad im süden und zweiundzwanzig grad in odernähe .'}",88.8888888888889,82.44625898677901,77.60175390150452,74.71036152631682,49.99999999999999,24.253562503633297,15.433947974965204,0.0,88.88888888883888,39.934853420140044,92.03914999961853,82.95037150382996,0.48365628719329834,0.39566847681999207
,"{'am samstag ist es im süden recht freundlich im norden einzelne schauer .', '14September_2010_Tuesday_tagesschau-5223'}",56.98222022414254,46.88786183641643,38.14878579050505,26.776802959776298,30.769230769230774,16.012815380508716,0.0,0.0,59.09734871479285,30.769230769180773,84.43634510040283,75.41172504425049,0.7048166394233704,0.5193143486976624
,"{'in den nächsten tagen wird es bei uns mitunter kräftig regnen und kühl bleiben .', '16May_2010_Sunday_tagesschau-5226'}",25.530944612154958,11.818530844056395,0.0,0.0,16.374615061559634,9.78570419420697,0.0,0.0,28.63005667380823,17.888563049823315,72.69907593727112,70.88974118232727,0.5385356545448303,0.5115367770195007
,"{'in schleswig holstein im vorpommern und in vorpommern sowie in brandenburg wird es morgen anfangs auch noch kräftig regnen .', '08September_2010_Wednesday_tagesschau-5240'}",40.0,25.131234497501726,0.0,0.0,15.0,0.0,0.0,0.0,36.639676113300965,10.8465608464945,79.66414093971252,70.10974287986755,0.49487125873565674,0.39786338806152344
,"{'08September_2010_Wednesday_tagesschau-5246', 'am samstag an den küsten noch etwas regen sonst meist freundlich und trocken .'}",71.42857142857146,62.01736729460425,50.423749017455606,43.24227075463216,57.14285714285717,46.880723093849554,33.2107832073891,24.022110864391543,71.42857142852144,59.097348714778185,87.9434883594513,86.76332235336304,0.7392573952674866,0.6538437008857727
,"{'an der küste bis dreißig grad .', '20July_2010_Tuesday_heute-5254'}",18.223231847084033,9.84167002399331,0.0,0.0,20.98035683815513,13.083551190106053,0.0,0.0,29.47821409360765,27.957508450025365,71.19970917701721,72.00648784637451,0.3834236264228821,0.36114782094955444
,"{'06September_2009_Sunday_tagesschau-5308', 'morgen weht der wind im südwesten schwach bis mäßig an der nordsee auch frisch .'}",46.67591034895722,24.157078637075053,15.779013495597514,0.0,24.94685293417648,12.911223017890457,0.0,0.0,43.41216216212566,25.75291125681663,80.18936514854431,75.72993040084839,0.4813101291656494,0.44049882888793945
,"{'heute nacht vierzehn grad auf sylt bis vier grad an den alpen .', '06September_2009_Sunday_tagesschau-5309'}",61.07097367830395,53.18203081300615,43.38355257099152,37.34381622366603,52.76331810218102,43.416335121280035,35.32429083947071,29.48553103743023,67.53535674556309,49.49748743715146,85.3747546672821,81.07782006263733,0.5350431203842163,0.4527096152305603
,"{'23August_2010_Monday_heute-5328', 'auch am mittwoch ändert sich noch wenig an diesem wetter .'}",36.36363636363637,19.069251784911845,0.0,0.0,27.272727272727277,16.514456476895415,0.0,0.0,36.363636363586366,18.961818961760375,78.45621705055237,78.54145765304565,0.5426555871963501,0.42263954877853394
,"{'aber dann am donnerstag kommt die hitze wieder zurück und im süden fängt es dann im norden an zu regnen .', '23August_2010_Monday_heute-5329'}",52.38095238095239,36.187343222787284,27.446924285949066,21.89321973004432,42.85714285714285,29.27700218845598,16.523417249406496,0.0,50.68574836010421,41.20220121342365,80.59149384498596,81.45614862442017,0.4419785141944885,0.4393482804298401
,"{'und nun die wettervorhersage für morgen freitag den neunten oktober .', '08October_2009_Thursday_tagesschau-5345'}",100.00000000000004,100.00000000000004,100.00000000000004,100.00000000000004,100.00000000000004,83.66600265340763,72.99198566479815,61.79654585112238,99.99999999994999,90.9090909090409,100.0,95.45247554779053,0.9764137268066406,0.8775361776351929
,"{'08October_2009_Thursday_tagesschau-5352', 'an der ostsee heute nacht starke bis stürmische böen .'}",79.99999999999997,66.66666666666661,55.03212081491043,46.713797772819994,59.999999999999986,44.72135954999579,0.0,0.0,79.99999999995,41.87391555806672,88.25002312660217,84.3282401561737,0.5802799463272095,0.5757895708084106
,"{'08October_2009_Thursday_tagesschau-5353', 'morgen schwacher bis mäßiger an der see auch frischer wind aus südwest bis west .'}",33.333333333333336,26.726124191242448,22.232392577061862,17.395797375642243,19.999999999999996,16.90308509457033,13.001582051648183,0.0,36.340852130278044,21.428571428532397,81.52868151664734,79.2329490184784,0.39020639657974243,0.33834391832351685
,"{'08October_2009_Thursday_tagesschau-5357', 'am samstag verlagern sich die regenwolken in die osthälfte .'}",27.145122541078788,16.5199954911009,0.0,0.0,19.999999999999996,14.907119849998592,0.0,0.0,28.442728442688605,19.999999999950003,70.53816318511963,69.16184425354004,0.6476399302482605,0.5726597309112549
,"{'im osten bleibt es noch ein bisschen trüb .', '08October_2009_Thursday_tagesschau-5358'}",44.44444444444444,23.570226039551585,0.0,0.0,22.22222222222222,0.0,0.0,0.0,46.73650282024591,24.253731343216185,76.37194991111755,72.27125763893127,0.4404863715171814,0.3432486057281494
,"{'richtung westen zeigt sich neben dichten wolken auch mal die sonne .', '08October_2009_Thursday_tagesschau-5359'}",24.999999999999996,0.0,0.0,0.0,24.999999999999996,0.0,0.0,0.0,18.571428571359508,18.571428571359508,73.93369674682617,74.42413568496704,0.4529263973236084,0.4328538179397583
,"{'01October_2012_Monday_tagesschau-5370', 'in den mittelgebirgen heute nacht vier im nordwesten milde zwölf grad .'}",71.39007178154544,63.58881766016377,53.99903034156616,40.629636551135235,35.27007187044225,16.474628226984198,0.0,0.0,79.54144620808734,30.41144901606695,88.32207322120667,76.4307975769043,0.5495268106460571,0.38645458221435547
,"{'in der osthälfte bleibt es meist sonnig .', '08July_2010_Thursday_tagesschau-5388'}",49.99999999999999,46.29100498862758,41.49132666831217,34.57207846419409,37.5,23.145502494313785,0.0,0.0,52.86549707596199,26.43274853795029,79.9142837524414,78.20299863815308,0.7888973951339722,0.6990119814872742
,"{'auch in der neuen woche scheint verbreitet die sonne hier und da aber auch wieder unwetterartige gewitter sind mit dabei .', '08July_2010_Thursday_tagesschau-5389'}",19.04761904761905,0.0,0.0,0.0,9.523809523809524,0.0,0.0,0.0,21.08956242075989,10.450450450399122,73.24079275131226,72.21576571464539,0.4578179121017456,0.42756396532058716
,"{'sonst ist das ganze auch nur kurz bewölkt oder eben auch neblig aber besserung in sicht .', '21November_2011_Monday_heute-5428'}",29.411764705882355,0.0,0.0,0.0,17.647058823529417,0.0,0.0,0.0,24.198024197968493,18.605212355151536,74.93799924850464,74.09398555755615,0.3881281912326813,0.3512723743915558
,"{'und jetzt wünsche ich ihnen noch einen schönen abend .', '21November_2011_Monday_heute-5437'}",59.999999999999986,57.73502691896257,55.03212081491043,51.697315395717055,40.0,36.51483716701108,32.182979486854336,26.269098944241588,67.10526315782786,44.444444444385184,88.73284459114075,85.05493998527527,0.733393132686615,0.7953261137008667
,"{'05March_2011_Saturday_tagesschau-5442', 'morgen ist es in der mitte und im süden meist stark bewölkt .'}",61.538461538461554,50.63696835418334,45.345503973956546,40.89601472043678,38.46153846153847,25.318484177091666,0.0,0.0,63.796178343891675,41.099773242566854,85.40638089179993,76.3454794883728,0.77065110206604,0.6770294904708862
,"{'05March_2011_Saturday_tagesschau-5443', 'in der osthälfte sowie an den alpen kann es hier und da etwas schneien .'}",26.66666666666667,0.0,0.0,0.0,19.999999999999996,0.0,0.0,0.0,21.213208901589066,14.46208112868145,78.68650555610657,77.08340883255005,0.7368295192718506,0.702458381652832
,"{'morgen reichen die temperaturen von einem grad im vogtland bis neun grad am oberrhein .', '05March_2011_Saturday_tagesschau-5447'}",100.00000000000004,100.00000000000004,100.00000000000004,100.00000000000004,86.6666666666667,74.64200272921791,66.94329500821692,62.23329772884783,99.99999999994999,75.68230102952357,100.0,95.8927869796753,0.9552331566810608,0.8455579876899719
,"{'08June_2010_Tuesday_tagesschau-5521', 'in der südosthälfte deutschlands sorgt das hoch über südosteuropa für längere zeit für freundliches wetter bevor sich später auch dort örtlich heftige gewitter bilden können .'}",30.769230769230774,22.18800784900916,16.008542446897895,11.556647985416689,26.923076923076923,20.754980866510827,15.31162001870319,11.177222547202245,28.769841269777736,24.97298505787646,77.84453630447388,78.095144033432,0.5352842211723328,0.5298500061035156
,"{'08June_2010_Tuesday_tagesschau-5524', 'im norden und nordwesten morgen mal sonne mal wolken mit dazu teilweise kräftigen schauern am nachmittag einzelne gewitter .'}",44.939817474462814,34.41403527655731,27.066284514585444,22.020875635137585,36.84210526315789,20.232565955562798,0.0,0.0,40.971801601678195,26.31578947363421,85.8454704284668,81.64471387863159,0.542987585067749,0.4772515296936035
,"{'donnerstag und freitag ändert sich noch wenig an diesem wetter .', '08June_2010_Tuesday_tagesschau-5529'}",90.90909090909088,85.28028654224414,78.56009758726493,70.16879391277372,45.45454545454545,21.32007163556105,0.0,0.0,94.80909480903622,29.417475728090004,98.64931106567383,85.87479591369629,0.8711255788803101,0.6641489863395691
,"{'feuchte warme und sehr heiße luft kann zu heftigen gewittern führen teilweise auch schwere sturmböen .', '08June_2010_Tuesday_tagesschau-5530'}",18.75,0.0,0.0,0.0,12.500000000000002,0.0,0.0,0.0,12.499999999949999,13.5070713490524,68.83737444877625,70.90009450912476,0.3591008186340332,0.515521764755249
,"{'06October_2011_Thursday_heute-5534', 'die ausläufer eines tiefs bei island überqueren in der nacht und morgen gebietsweise die mitte europas .'}",17.647058823529417,0.0,0.0,0.0,11.76470588235294,0.0,0.0,0.0,18.605212355151536,12.883263009777373,66.07598066329956,65.21049737930298,0.19029462337493896,0.18297916650772095
,"{'an den alpen regnet es schon kräftig .', '06October_2011_Thursday_heute-5535'}",44.12484512922977,23.585721816862673,0.0,0.0,24.999999999999996,0.0,0.0,0.0,46.736502820268875,12.499999999949999,84.02135372161865,74.96885061264038,0.5415995121002197,0.3770299255847931
,"{'17May_2010_Monday_heute-5576', 'und es wird auch ziemlich kühl aber dann kann sich zumindest in den nächsten tagen langsam die sonne wieder etwas häufiger zeigen und auch wieder wärmer werden .'}",32.14285714285715,18.898223650461368,11.116196288530931,0.0,24.999999999999996,13.608276348795433,0.0,0.0,27.670940170871045,15.69858712709016,78.74478697776794,75.25270581245422,0.6089668273925781,0.5410891175270081
,"{'und jetzt wünsche ich ihnen noch einen schönen abend .', '17May_2010_Monday_heute-5577'}",90.0,89.44271909999159,88.79040017426006,88.01117367933934,49.99999999999999,33.333333333333336,24.03749283845681,0.0,94.21631000572432,43.386243386177036,98.52739572525024,86.54558658599854,0.912156879901886,0.8153049349784851
,"{'und nun die wettervorhersage für morgen donnerstag den neunzehnten november .', '18November_2009_Wednesday_tagesschau-5578'}",100.00000000000004,100.00000000000004,100.00000000000004,100.00000000000004,81.81818181818183,75.67874686642696,72.54690151527046,69.89307622784945,99.99999999994999,75.84727584721726,100.0,92.89790391921997,0.9614306688308716,0.7262383103370667
,"{'07December_2010_Tuesday_heute-5633', 'ein kleines schneefallgebiet vor allen dingen an den alpen da sinken die temperaturen auf zehn grad .'}",29.411764705882355,23.483410915693106,15.433947974965204,0.0,5.882352941176471,0.0,0.0,0.0,32.831518257458555,6.578724843498791,76.66597366333008,72.57850766181946,0.2619371712207794,0.22649669647216797
,"{'viel wird sich nicht entladen denn die überschwemmungen sind schon in vollem gange .', '06January_2011_Thursday_tagesschau-5641'}",21.42857142857143,0.0,0.0,0.0,14.285714285714283,0.0,0.0,0.0,23.92744025331468,15.970515970450775,74.32339191436768,74.33847188949585,0.2656569182872772,0.22162187099456787
,"{'am tag halten sich in der südosthälfte noch viele wolken die besonders am alpenrand gebietsweise regen bringen .', '15May_2010_Saturday_tagesschau-5656'}",19.885318151430436,10.230911784236909,0.0,0.0,0.0,0.0,0.0,0.0,20.936957779024322,0.0,75.79210996627808,69.02323365211487,0.6387954354286194,0.44615209102630615
,"{'heute nacht acht bis zweiundzwanzig grad bei aufklaren ist leichter bodenfrost möglich .', '15May_2010_Saturday_tagesschau-5659'}",54.96387631047353,42.64048680752654,34.0186460665952,23.644618856835695,42.74968157481276,23.78372721587404,0.0,0.0,60.78182107100406,27.014142698208904,84.55082774162292,79.12185788154602,0.6345418691635132,0.5355586409568787
,"{'heute nacht gibt es unter klarem himmel noch hier und da leichten frost sonst werte zwischen null und vier grad .', '21November_2010_Sunday_tagesschau-5672'}",42.85714285714285,25.3546276418555,15.012520873927176,0.0,33.333333333333336,12.909944487358057,0.0,0.0,42.165242165173034,31.836734693808488,79.05997037887573,77.81051993370056,0.6215532422065735,0.6462802886962891
,"{'am mittwoch und am donnerstag wechselhaftes wetter mit etwas regen schnee oder schneeregen im höheren bergland schneit es auch weiter .', '21November_2010_Sunday_tagesschau-5676'}",42.85714285714285,20.701966780270627,0.0,0.0,31.783231827782558,17.40839302249266,0.0,0.0,38.095238095188094,27.876839620227056,79.46919798851013,78.96986603736877,0.5600513219833374,0.5381651520729065
,"{'zwischen dem hoch das sich über der nordsee bildet und dem hoch über südeuropa strömt morgen mildere luft zu uns .', '24November_2009_Tuesday_tagesschau-5678'}",61.90476190476193,52.77986629117477,44.47453406589284,37.39214909689668,57.14285714285717,44.72135954999579,31.608160102348876,24.33821845902227,64.67741935477976,45.61717352408751,88.62776160240173,83.59353542327881,0.5500081181526184,0.5003815293312073
,"{'24November_2009_Tuesday_tagesschau-5679', 'und da wird es auch tagsüber wieder am wärmsten werden .'}",18.18181818181818,0.0,0.0,0.0,9.090909090909093,0.0,0.0,0.0,18.961818961760375,9.805825242653109,69.09459233283997,69.76368427276611,0.4816330075263977,0.48845261335372925
,"{'24November_2009_Tuesday_tagesschau-5680', 'dabei kühlt es weiter ab .'}",28.216057496353802,0.0,0.0,0.0,16.666666666666668,0.0,0.0,0.0,30.41144901606695,16.666666666616667,79.57156300544739,76.79975628852844,0.6170858144760132,0.5823320150375366
,"{'heute nacht besonders im norden am nachmittag in der nordwesthälfte stürmische böen .', '24November_2009_Tuesday_tagesschau-5684'}",39.58454126262917,26.972318343234708,16.940969700972012,0.0,33.92960679653928,20.389156176875638,0.0,0.0,38.64978902951517,38.64978902951517,79.66795563697815,82.89966583251953,0.4508914351463318,0.5143914818763733
,"{'24November_2009_Tuesday_tagesschau-5685', 'an der nordsee schwacher bis mäßiger wind .'}",49.99999999999999,37.79644730092272,28.768479133239396,0.0,24.999999999999996,18.898223650461357,0.0,0.0,54.94505494498655,27.94348508627425,78.68114113807678,75.66256523132324,0.6425033807754517,0.513297438621521
,"{'24November_2009_Tuesday_tagesschau-5686', 'auf den bergen zum teil orkanartige böen .'}",74.99999999999997,56.69467095138407,37.697372056457695,0.0,74.99999999999997,56.69467095138407,37.697372056457695,0.0,74.99999999994999,49.99999999995,84.98256802558899,84.92263555526733,0.5448131561279297,0.4765152931213379
,"{'24November_2009_Tuesday_tagesschau-5688', 'heute nacht elf grad im norden und ein grad an den alpen .'}",100.00000000000004,100.00000000000004,100.00000000000004,100.00000000000004,53.846153846153854,29.957234475763908,0.0,0.0,99.99999999994999,47.84713375790443,100.0,81.67080879211426,0.9241021871566772,0.6946732401847839
,"{'am tag zehn grad in der mitte und sechzehn grad im süden .', '24November_2009_Tuesday_tagesschau-5689'}",79.14497715327147,75.19929830849405,70.64858167894134,65.26220818377338,38.46153846153847,17.90287185098582,0.0,0.0,84.85283560656998,31.898089171917164,91.77322387695312,74.42803382873535,0.6981884837150574,0.3065333962440491
,"{'24November_2009_Tuesday_tagesschau-5690', 'am donnerstag regnet es vor allem in der nordwesthälfte dabei ist es sehr windig .'}",53.33333333333335,43.64357804719847,35.29172336459797,29.256127307315065,40.0,29.277002188455995,0.0,0.0,57.84832451492483,29.40926476831197,82.58587718009949,80.76576590538025,0.6371109485626221,0.6246446371078491
,"{'örtlich sind auch gewitter dabei .', '24November_2009_Tuesday_tagesschau-5691'}",49.99999999999999,31.62277660168379,0.0,0.0,0.0,0.0,0.0,0.0,49.99999999995,0.0,79.15255427360535,67.79085397720337,0.33431804180145264,0.26566341519355774
,"{'auch in der südosthälfte zeigt sich gebietsweise die sonne .', '24November_2009_Tuesday_tagesschau-5692'}",10.000000000000002,0.0,0.0,0.0,0.0,0.0,0.0,0.0,11.094564407972461,0.0,60.73486804962158,57.62050747871399,0.3585619330406189,0.31306788325309753
,"{'30March_2010_Tuesday_tagesschau-5699', 'im westen regnet es zum teil kräftig im bergland sind auch schneeschauer dabei .'}",14.285714285714283,0.0,0.0,0.0,0.0,0.0,0.0,0.0,14.285714285664286,0.0,74.88999366760254,70.20345330238342,0.5330203771591187,0.5203635692596436
,"{'29August_2011_Monday_tagesschau-5710', 'heute nacht ist es im norden stark bewölkt vor allem in küstennähe gibt es einzelne schauer .'}",47.058823529411775,34.29971702850177,19.86841724317928,0.0,29.411764705882355,13.558153613666015,0.0,0.0,41.176470588185296,18.148518148462447,76.90837979316711,71.56119346618652,0.45232003927230835,0.4608158469200134
,"{'im westen bleibt es am längsten trocken und neben ein paar wolkenfeldern auch klar örtlich bildet sich nebel .', '30November_2009_Monday_tagesschau-5750'}",47.368421052631575,36.27381250550059,28.5289801620969,23.210911117419965,21.052631578947366,10.814761408717501,0.0,0.0,51.534102012831305,17.40081224610433,82.41354823112488,75.64569115638733,0.6066123247146606,0.4239025115966797
,"{'30November_2009_Monday_tagesschau-5751', 'am tag regnet es in der südosthälfte gebietsweise teilweise ist schnee mit dabei .'}",33.252242132286526,21.824448179147073,15.460662064609682,0.0,21.42857142857143,18.156825980064077,14.005529698683379,0.0,34.40104592249361,21.42857142852143,79.04666662216187,79.13673520088196,0.4944669008255005,0.5015460848808289
,"{'im übrigen land mal mehr mal weniger wolken und meist trocken .', '30November_2009_Monday_tagesschau-5752'}",33.333333333333336,30.151134457776372,26.295358943292957,21.200626759025184,24.999999999999996,21.320071635561042,16.565038123598097,0.0,34.651847008768485,26.832844574715665,79.17637825012207,75.78442692756653,0.5406227111816406,0.4860966205596924
,"{'der wind weht schwach bis mäßig an der nordsee auch frisch .', '30November_2009_Monday_tagesschau-5753'}",24.999999999999996,0.0,0.0,0.0,8.333333333333332,0.0,0.0,0.0,27.47252747245908,9.285714285645225,76.41725540161133,74.28892254829407,0.3624768555164337,0.31582361459732056
,"{'03October_2010_Sunday_tagesschau-5770', 'am mittwoch eine mischung aus sonne wolken und nebel im nordwesten einzelne schauer sonst bleibt es trocken .'}",74.56994306786414,65.70922068016444,55.29152680550165,47.38598227653052,47.026762493922995,30.604611352607783,17.048667746283197,0.0,78.51359167144768,40.54859868810035,92.01726913452148,85.82866787910461,0.6005233526229858,0.4646453261375427
,"{'in der westhälfte zeigen sich morgen häufiger die sterne als in der osthälfte .', '12December_2011_Monday_heute-5800'}",28.57142857142857,0.0,0.0,0.0,14.285714285714283,0.0,0.0,0.0,21.42857142852143,15.20572450798733,63.85313272476196,66.56462550163269,0.2788660526275635,0.28750747442245483
,"{'12December_2011_Monday_heute-5804', 'aber im westen werden die wolken schon dichter und es fängt an zu regnen .'}",53.33333333333335,39.03600291794134,22.715856181971898,0.0,40.0,23.90457218668787,0.0,0.0,55.04167347600174,35.35534816935647,82.87151455879211,82.90822505950928,0.7295981049537659,0.7334938645362854
,"{'12December_2011_Monday_heute-5805', 'im bergland anfangs auch schnee .'}",40.435377314175575,22.147368276206617,0.0,0.0,35.82656552868946,22.658709562386644,0.0,0.0,49.52380952380168,41.20879120877251,85.09789109230042,83.8521420955658,0.6710183620452881,0.6342564225196838
,"{'12December_2011_Monday_heute-5811', 'von nordwesten breitet sich der regen dann langsam richtung osten und südosten aus am nachmittag gibt es dann einzelne gewitterschauer .'}",9.523809523809524,0.0,0.0,0.0,0.0,0.0,0.0,0.0,10.204081632614031,0.0,71.84167504310608,72.07552790641785,0.3496817350387573,0.31899237632751465
,"{'am montag scheint wieder verbreitet die sonne von den küsten bis zu den alpen sind auch mal dichtere wolken unterwegs die aber nur vereinzelt schauer bringen .', '25March_2011_Friday_tagesschau-5828'}",44.44444444444444,29.235267310234306,18.980225814672025,0.0,33.333333333333336,19.611613513818398,11.544156732643193,0.0,49.28038580356276,33.015873015803955,79.31514382362366,77.82273888587952,0.5651043057441711,0.5093628168106079
,"{'jetzt wünsche ich ihnen noch einen schönen abend .', '09November_2010_Tuesday_heute-5840'}",100.00000000000004,100.00000000000004,100.00000000000004,100.00000000000004,66.66666666666669,50.000000000000014,32.93168780041748,0.0,99.99999999994999,58.42062852532245,99.99999403953552,88.92875909805298,0.9782920479774475,0.8367785811424255
,"{'der wind weht schwach bis mäßig an der küste teilweise frisch mit starken bis stürmischen böen aus südwest bis süd .', '28August_2009_Friday_tagesschau-5878'}",38.09523809523809,27.602622373694164,20.016694498569557,0.0,23.80952380952381,10.91089451179962,0.0,0.0,34.82630272946957,14.616766120100614,79.13814783096313,72.29616045951843,0.5333883166313171,0.3592469394207001
,"{'28August_2009_Friday_tagesschau-5879', 'dort auch starke bis stürmische böen .'}",49.53587998572469,26.75243278791111,0.0,0.0,14.285714285714283,0.0,0.0,0.0,52.86549707598783,14.285714285664286,84.55806374549866,81.86628222465515,0.5148683786392212,0.4390484690666199
,"{'sechzehn grad heute nacht an der sechzehn im breisgau bis zweiundzwanzig grad am oberrhein .', '28August_2009_Friday_tagesschau-5881'}",26.66666666666667,19.51800145897067,14.310092685025484,0.0,13.333333333333334,9.759000729485333,0.0,0.0,29.07268170421289,14.285714285675255,73.56123328208923,73.13005328178406,0.26224851608276367,0.29624590277671814
,"{'an der nordsee bei sonne auch nur kühle sechzehn grad .', '28August_2009_Friday_tagesschau-5882'}",72.7272727272727,66.05782590758162,57.88357480954935,46.92470064105599,54.54545454545453,46.709936649691365,36.46436717285791,27.901593935858266,80.30385241447257,40.62126642764968,93.36698055267334,87.20414638519287,0.7075410485267639,0.6126230955123901
,"{'28August_2009_Friday_tagesschau-5883', 'am sonntag im norden dichte wolken an den küsten einzelne schauer .'}",49.37810061861915,43.587769230845154,36.4045814541375,25.95438849059676,15.334073577155388,0.0,0.0,0.0,53.22003577814209,15.94904458594573,84.86550450325012,72.15117812156677,0.6075839400291443,0.48874765634536743
,"{'28August_2009_Friday_tagesschau-5884', 'im übrigen land viel sonne .'}",33.333333333333336,0.0,0.0,0.0,16.666666666666668,0.0,0.0,0.0,37.14285714278808,18.518518518459263,80.2390992641449,79.12207841873169,0.5257493853569031,0.33192020654678345
,"{'in der nacht breiten sich von westen schauer und gewitter aus .', '28August_2009_Friday_tagesschau-5886'}",32.96203151002218,24.34407362565826,15.749864574023983,0.0,29.855471273907888,24.154265551972763,16.109211445107057,0.0,39.12061436529363,20.60439560437691,80.94302415847778,80.8256447315216,0.5161360502243042,0.49970412254333496
,"{'und dort haben wir morgen auch trockenes sonniges wetter mit fünfunddreißig bis vierzig grad .', '09August_2010_Monday_heute-5890'}",40.0,37.79644730092272,35.29172336459797,32.37722713145643,33.333333333333336,30.860669992418376,28.011059397366758,24.601372576927535,42.42641780324019,36.15520282180314,85.87286472320557,83.40945243835449,0.4424411654472351,0.3641267418861389
,"{'und so geht es eigentlich auch weiter in den nächsten tagen .', '09August_2010_Monday_heute-5891'}",29.855471273907888,0.0,0.0,0.0,23.00111036573308,0.0,0.0,0.0,20.60439560437691,23.923566878939358,73.82113933563232,73.85836243629456,0.45108580589294434,0.37496525049209595
,"{'09August_2010_Monday_heute-5892', 'heute nacht im südosten frische zehn bis elf grad .'}",35.94631712937771,26.792802880684558,20.053040933757124,15.083487713304484,14.897559113742288,0.0,0.0,0.0,49.64871194379755,19.736174530695838,82.55449533462524,74.67622756958008,0.614429771900177,0.4467359781265259
,"{'und nun die wettervorhersage für morgen donnerstag den siebzehnten dezember .', '16December_2009_Wednesday_tagesschau-5907'}",100.00000000000004,100.00000000000004,100.00000000000004,100.00000000000004,81.81818181818183,75.67874686642696,68.26924810955322,58.77283725105324,99.99999999994999,85.32818532812672,100.0,95.22045254707336,0.9439409375190735,0.8112480640411377
,"{'16December_2009_Wednesday_tagesschau-5912', 'auch am tag regnet es verbreitet .'}",42.94155960430207,32.79715789102869,25.28557067361726,0.0,24.76793999286233,18.916826637569272,0.0,0.0,48.50746268654467,26.432748537976142,76.8885612487793,75.61450600624084,0.2579234838485718,0.2929076552391052
,"{'16December_2009_Wednesday_tagesschau-5913', 'sonst schneit es hier und da etwas im westen kann es teilweise glatt werden .'}",58.344887936196514,38.1956950544766,21.415416102469337,0.0,58.344887936196514,38.1956950544766,21.415416102469337,0.0,43.41216216212566,43.41216216212566,85.29029488563538,85.37353277206421,0.6634780168533325,0.6568456888198853
,"{'in der mitte auch mal klar .', '16December_2009_Wednesday_tagesschau-5914'}",64.41233940645306,49.195736836543034,33.13347087027162,0.0,61.91984998215586,59.820258277263456,57.095504711309154,53.29462628216855,72.76119402982826,66.08187134499369,84.55281853675842,86.09485626220703,0.3167930841445923,0.2596069574356079
,"{'04October_2010_Monday_heute-5953', 'und von der temperatur her kühlt es ab und an ab ein bisschen ab .'}",23.337955174478605,12.078539318537526,0.0,0.0,18.710139700632354,11.181447127419517,0.0,0.0,24.806949806913313,19.314683442601666,72.28732109069824,71.6223418712616,0.312547504901886,0.33636096119880676
,"{'dazu kommt noch sehr warme luft die auch noch feucht heiße luft mit sich führt vereinzelt gewitter können sich entladen .', '09June_2010_Wednesday_tagesschau-5960'}",19.04761904761905,0.0,0.0,0.0,9.523809523809524,0.0,0.0,0.0,15.918367346869717,5.323791237495526,71.05479836463928,71.37433290481567,0.40509504079818726,0.35078898072242737
,"{'der deutsche wetterdienst hat entsprechende unwetterwarnungen des deutschen wetterdienstes herausgegeben .', '09June_2010_Wednesday_tagesschau-5961'}",72.7272727272727,66.05782590758162,57.88357480954935,51.93071778680675,45.45454545454545,36.92744729379982,31.1765953881872,24.808415001701817,80.30385241447257,50.77658303457917,94.44617033004761,90.8258855342865,0.7664068937301636,0.6929657459259033
,"{'11May_2010_Tuesday_heute-5990', 'morgen vormittag regnet es noch kräftig im osten und südosten in brandenburg und in sachsen anfangs auch noch kräftiger .'}",37.04091103408589,20.8151950335508,0.0,0.0,35.046035238213214,20.759479643261205,0.0,0.0,37.86362214574032,34.70899470896918,73.93541932106018,75.31803846359253,0.33969247341156006,0.3970473110675812
,"{'zwanzig grad sind die höchsttemperaturen in den nächsten tagen noch .', '11May_2010_Tuesday_heute-5994'}",44.23643180720136,35.071747595354914,26.684496417030548,20.15767529554973,37.8978599125082,30.78836693827303,25.993577380550292,20.684088400488974,51.46621334464994,32.87981859407254,75.91016888618469,76.63359045982361,0.385104775428772,0.39357566833496094
,"{'das hoch beschert dem süden deutschlands morgen schwül warme luft in der sich auch häufiger mal die sonne zeigt .', '25August_2010_Wednesday_heute-6005'}",24.999999999999996,11.470786693528089,0.0,0.0,19.999999999999996,10.259783520851542,0.0,0.0,20.936957779003677,16.64184661199331,75.6524384021759,76.75703167915344,0.37262433767318726,0.3440396189689636
,"{'gegen abend sind dort einzelne gewitter möglich .', '25August_2010_Wednesday_heute-6006'}",37.5,0.0,0.0,0.0,12.500000000000002,0.0,0.0,0.0,37.499999999950006,13.216374268944438,83.28588604927063,76.95716619491577,0.5534361004829407,0.5227385759353638
,"{'und nun die wettervorhersage für morgen donnerstag den achten april .', '07April_2010_Wednesday_tagesschau-6024'}",100.00000000000004,100.00000000000004,100.00000000000004,100.00000000000004,81.81818181818183,75.67874686642696,68.26924810955322,58.77283725105324,99.99999999994999,85.32818532812672,100.0,96.08229994773865,0.9552684426307678,0.8243425488471985
,"{'24May_2011_Tuesday_heute-6062', 'ihnen einen schönen abend und machen sie es gut .'}",40.0,0.0,0.0,0.0,19.999999999999996,0.0,0.0,0.0,39.999999999950006,20.936957779003677,69.36591863632202,69.93242502212524,0.380897581577301,0.4018210172653198
,"{'an der spree an der spree und im süden zeigt sich die sonne morgen am häufigsten .', '24May_2011_Tuesday_heute-6067'}",29.584356438458816,17.606213675812874,0.0,0.0,11.76470588235294,0.0,0.0,0.0,32.014249206194,11.764705882302941,72.08315134048462,68.80910396575928,0.29369455575942993,0.2634846568107605
,"{'24September_2009_Thursday_heute-6079', 'und das wird sich auch in den nächsten tagen unter hochdruckeinfluss bemerkbar .'}",23.076923076923073,0.0,0.0,0.0,15.384615384615385,0.0,0.0,0.0,25.242414763773358,17.08817498284258,70.77392339706421,68.99992823600769,0.201164111495018,0.1410256326198578
,"{'24September_2009_Thursday_heute-6080', 'aber dann am samstag .'}",40.0,0.0,0.0,0.0,19.999999999999996,0.0,0.0,0.0,39.999999999950006,21.693121693055346,82.99811482429504,82.59010314941406,0.5935593843460083,0.571809709072113
,"{'an der elbe regnet es heute nacht zeitweise heute nacht gibt es im bayerischen wald noch etwas regen .', '24September_2009_Thursday_heute-6081'}",42.10526315789474,30.5887645160749,22.24513174589181,0.0,31.57894736842106,18.73171623163388,0.0,0.0,29.426129426063746,17.597658735146325,82.94362425804138,81.59802556037903,0.5734444260597229,0.5336535573005676
,"{'sonst zeigen sich teilweise die sterne und es bildet sich nebel .', '24September_2009_Thursday_heute-6082'}",66.66666666666669,55.04818825631805,44.96443130226094,37.70063804549471,41.66666666666667,27.52409412815902,19.64002439681624,0.0,66.66666666661666,34.651847008768485,91.49423837661743,85.70368885993958,0.6850801110267639,0.5307906866073608
,"{'die temperaturen meist zwischen dreizehn und fünf grad .', '24September_2009_Thursday_heute-6083'}",71.1766580370496,65.37993517025205,58.04707572406972,52.899344348276884,71.1766580370496,59.68344216828741,49.62955163154003,42.500836592944815,78.44660194171955,58.83495145628266,89.40544724464417,82.22541213035583,0.6623925566673279,0.5480618476867676
,"{'24September_2009_Thursday_heute-6084', 'dort morgen bis siebzehn an der küste frische siebzehn grad .'}",58.10640921796213,46.06821198071898,35.0512056519623,0.0,36.36363636363637,19.069251784911845,0.0,0.0,60.64073226540546,36.363636363586366,82.66366124153137,77.40293145179749,0.3829647898674011,0.34440237283706665
,"{'24September_2009_Thursday_heute-6090', 'auch die neue woche beginnt unbeständig .'}",57.14285714285717,43.64357804719849,33.6478173147995,0.0,42.85714285714285,37.79644730092272,30.571070873287994,0.0,57.14285714280714,45.61717352408751,84.16697978973389,81.82535171508789,0.5195153951644897,0.49157315492630005
,"{'ihnen noch einen schönen abend und machen sie es gut .', '24September_2009_Thursday_heute-6091'}",45.45454545454545,21.32007163556105,0.0,0.0,9.090909090909093,0.0,0.0,0.0,29.417475728090004,10.03798155174875,78.1484603881836,70.06020545959473,0.3630253076553345,0.2465127557516098
,"{'und nun die wettervorhersage für morgen sonntag den neunzehnten dezember .', '18December_2010_Saturday_tagesschau-6118'}",100.00000000000004,100.00000000000004,100.00000000000004,100.00000000000004,63.63636363636361,56.407607481776594,47.335252868199454,40.35278637463991,99.99999999994999,66.36636636630777,100.0,93.1865930557251,0.9859866499900818,0.8116611838340759
,"{'18December_2010_Saturday_tagesschau-6125', 'in der südhälfte regnet es gebietsweise .'}",18.6125445008873,0.0,0.0,0.0,10.73538990107551,0.0,0.0,0.0,22.189128816071367,12.126865671619305,68.11103820800781,65.3954803943634,0.6290005445480347,0.5080233812332153
,"{'sonst weht der wind meist schwach aus nord bis nordost .', '18December_2010_Saturday_tagesschau-6126'}",34.62198648765173,0.0,0.0,0.0,25.277961032686505,0.0,0.0,0.0,20.8402432282925,14.704632384173957,74.07675385475159,73.99120926856995,0.5376217365264893,0.4724060297012329
,"{'es gelten entsprechende warnungen des deutschen wetterdienstes .', '07August_2009_Friday_tagesschau-6165'}",100.00000000000004,100.00000000000004,100.00000000000004,100.00000000000004,24.999999999999996,18.898223650461357,0.0,0.0,99.99999999994999,27.47252747245908,100.00001192092896,89.1107439994812,0.925470769405365,0.7386348247528076
,"{'21April_2010_Wednesday_tagesschau-6235', 'am tag neun grad an der nordsee und achtzehn grad im südwesten .'}",61.538461538461554,45.29108136578384,0.0,0.0,38.46153846153847,17.90287185098582,0.0,0.0,38.46153846148846,23.923566878923538,75.39796829223633,76.72736644744873,0.42374950647354126,0.4699687361717224
,"{'26July_2010_Monday_tagesschau-6266', 'am mittwoch breiten sich von nordwesten schauer und gewitter aus die örtlich unwetterartig sein können .'}",51.814319886275044,37.83982907133513,32.36930370441006,28.381604237767792,22.062422564614884,11.39298602263256,0.0,0.0,50.689183021420156,23.36825141011578,82.08875060081482,75.6206750869751,0.6142997145652771,0.3962387442588806
,"{'26July_2010_Monday_tagesschau-6267', 'in den nächsten tagen setzt sich die wechselhafte witterung fort .'}",37.8978599125082,17.77567193972091,0.0,0.0,24.90274680769807,15.079362038065451,0.0,0.0,41.099773242598616,17.325923504372444,83.65366458892822,79.4095516204834,0.6742827296257019,0.6021695137023926
,"{'schwül warme luft bestimmt auch in den nächsten tagen unser wetter .', '26July_2010_Monday_tagesschau-6268'}",8.333333333333332,0.0,0.0,0.0,0.0,0.0,0.0,0.0,9.285714285645225,0.0,68.41854453086853,67.6240622997284,0.23947909474372864,0.2436644583940506
,"{'am sonntag im norden und an den alpen mal sonne mal wolken mit einzelnen schauern sonst ist es teilweise freundlich .', '16September_2010_Thursday_tagesschau-6278'}",73.59837870906726,68.43881072318558,62.703849592182394,57.85925130040855,40.86415520714899,27.91553243334581,19.85009145762826,0.0,76.95538547690572,41.815259430363184,93.1642472743988,79.24687266349792,0.6507816910743713,0.5794113874435425
,"{'am tag wird es meist stark bewölkt oder neblig trüb sein und die sonne zeigt sich selten .', '17February_2011_Thursday_tagesschau-6310'}",49.99999999999999,38.34824944236852,30.2109317513375,24.62395302527262,38.888888888888886,26.196841599779198,16.247727570233458,0.0,55.91232723712369,37.23653395778134,90.04966616630554,86.55427098274231,0.7326492071151733,0.6924638748168945
,"{'24January_2013_Thursday_tagesschau-6322', 'am sonntag folgt dann aber ein atlantiktief und von westen wird es langsam wieder milder .'}",56.24999999999999,33.54101966249685,0.0,0.0,37.5,22.360679774997894,0.0,0.0,54.0282853964066,41.68048645653663,79.71999049186707,81.25748038291931,0.5535131096839905,0.5988243222236633
,"{'am dienstag im süden einige schauer teilweise auch gewitter im norden ist es freundlich .', '24July_2010_Saturday_tagesschau-6343'}",37.42027940126471,22.362894254839034,0.0,0.0,26.66666666666667,13.801311186847087,0.0,0.0,38.62936688524656,26.666666666616667,78.78652811050415,75.11999011039734,0.4701496362686157,0.49357521533966064
,"{'morgen überqueren uns teilweise heftige gewitter mit starkregen und sturmböen die im laufe der nacht über norddeutschland hinweg ziehen und bringen im norden zum teil länger anhaltenden regen .', '06June_2010_Sunday_tagesschau-6363'}",37.93103448275862,23.278142562976672,12.613752183552679,0.0,20.68965517241379,0.0,0.0,0.0,38.54935309877075,19.274676549351472,75.66971778869629,70.46203017234802,0.469043493270874,0.43822580575942993
,"{'10January_2011_Monday_tagesschau-6402', 'im westen bleibt es mit schnee oder schneeregenschauern meist trocken .'}",36.36363636363637,0.0,0.0,0.0,18.18181818181818,0.0,0.0,0.0,28.44272844266985,9.805825242653109,74.81430768966675,72.12179899215698,0.45777207612991333,0.4496281147003174
,"{'10January_2011_Monday_tagesschau-6403', 'in den nächsten tagen erwartet uns wechselhaftes und überwiegend mildes wetter .'}",15.334073577155388,0.0,0.0,0.0,8.333333333333332,0.0,0.0,0.0,15.94904458594573,8.333333333283333,70.48500776290894,68.01398992538452,0.7317504286766052,0.6640014052391052
,"{'schwacher bis mäßiger an der see teilweise frischer wind aus süd bis südwest .', '06May_2011_Friday_tagesschau-6434'}",28.57142857142857,0.0,0.0,0.0,21.42857142857143,0.0,0.0,0.0,31.116564417110865,23.717948717879587,77.13313102722168,75.90463757514954,0.4835965037345886,0.47000837326049805
,"{'06May_2011_Friday_tagesschau-6435', 'heute nacht zwölf grad am niederrhein und ein grad im bayerischen wald .'}",72.54956239049889,68.30315464547853,63.375896336576844,57.475393483140245,64.10499775216033,54.478772409514534,46.4057242127424,40.818511424237265,77.78176597268627,59.09734871479285,91.09928011894226,86.09935641288757,0.6733279228210449,0.5315019488334656
,"{'06May_2011_Friday_tagesschau-6436', 'am tag zwanzig bis achtundzwanzig grad an der ostseeküste werte um den gefrierpunkt .'}",64.28571428571428,44.47495899966607,32.06465864117306,23.397625978961173,35.71428571428571,16.5748386032949,0.0,0.0,64.28571428566428,30.411449016037423,83.13863277435303,79.40157651901245,0.49249619245529175,0.37292712926864624
,"{'der start in die neue woche sieht noch nicht so richtig aus aber zumindest in den nächsten zwei stunden wird es doch wärmer .', '20June_2011_Monday_heute-6510'}",8.333333333333332,0.0,0.0,0.0,4.166666666666667,0.0,0.0,0.0,8.810916179275823,4.472140762398947,67.28852391242981,67.8429901599884,0.2829446792602539,0.17859148979187012
,"{'20June_2011_Monday_heute-6511', 'das war es für heute schönen abend noch .'}",33.333333333333336,0.0,0.0,0.0,11.111111111111109,0.0,0.0,0.0,37.14285714278808,12.412177985884394,79.12752628326416,77.88625359535217,0.42567622661590576,0.44563037157058716
,"{'20June_2011_Monday_heute-6516', 'es wird nur ein bisschen wärmer oder eben auch kälter bei uns das wechselhafte wetter setzt sich in den nächsten tagen fort .'}",47.82608695652174,25.53769592276246,18.38194128904002,13.275045921297613,34.782608695652165,17.782168978975484,11.461726920356256,0.0,39.96055226819033,27.160724285922715,79.0544867515564,76.062673330307,0.46754056215286255,0.44295942783355713
,"{'und nun die wettervorhersage für morgen samstag den einundzwanzigsten november .', '20November_2009_Friday_tagesschau-6560'}",100.00000000000004,100.00000000000004,100.00000000000004,100.00000000000004,72.7272727272727,66.05782590758162,57.88357480954935,51.93071778680675,99.99999999994999,75.84727584721726,100.0,97.12499380111694,0.9622595906257629,0.8742457032203674
,"{'20November_2009_Friday_tagesschau-6561', 'das tief das sich zur nordsee verlagert bringt dem norden und osten deutschlands heute nacht gebietsweise schauer .'}",38.888888888888886,26.196841599779198,16.247727570233458,0.0,33.333333333333336,14.002800840280102,0.0,0.0,35.77712609964235,18.19029850739529,75.27236938476562,74.52225685119629,0.347221314907074,0.33491435647010803
,"{'20November_2009_Friday_tagesschau-6562', 'sonst sorgt hoher luftdruck für trockenes teilweise freundliches wetter .'}",14.816364413634355,0.0,0.0,0.0,8.18730753077982,0.0,0.0,0.0,16.828276509206084,8.94428152489663,73.74127507209778,74.1520643234253,0.6564647555351257,0.6154707074165344
,"{'an der donau bildet sich in einigen flüssen nebel .', '20November_2009_Friday_tagesschau-6565'}",49.99999999999999,33.333333333333336,0.0,0.0,19.999999999999996,14.907119849998592,0.0,0.0,44.37825763209756,22.36842105256471,79.1374921798706,79.69273328781128,0.4956423044204712,0.4854056239128113
,"{'20November_2009_Friday_tagesschau-6566', 'und dort wird es auch morgen teilweise für längere zeit trübe sein mit dichten wolken aber auch mit trockener luft .'}",28.57142857142857,0.0,0.0,0.0,19.04761904761905,0.0,0.0,0.0,19.04761904756905,9.523809523759523,74.37602877616882,72.81438708305359,0.4921965003013611,0.5012149214744568
,"{'am nachmittag wird es freundlicher .', '20November_2009_Friday_tagesschau-6567'}",84.64817248906144,75.71162714266755,62.36930675040936,51.15078115793242,84.64817248906144,65.56819246740551,0.0,0.0,91.23434704826732,60.822898032167124,97.7955162525177,94.45292353630066,0.9098271131515503,0.8240171670913696
,"{'20November_2009_Friday_tagesschau-6574', 'stellenweise wird es windig und etwas kühler auch an den küsten .'}",66.66666666666669,42.640143271122106,0.0,0.0,49.99999999999999,21.32007163556105,0.0,0.0,60.64073226538829,35.77712609964235,86.46280169487,84.94975566864014,0.6736282110214233,0.6322916150093079
,"{'20November_2009_Friday_tagesschau-6575', 'dann wird es insgesamt ein bisschen milder .'}",17.182231969774303,0.0,0.0,0.0,9.735009788392562,0.0,0.0,0.0,20.075963103619753,10.846560846535318,71.80548310279846,69.43945288658142,0.595245897769928,0.6120868921279907
,"{'liebe zuschauer guten abend .', '01June_2010_Tuesday_heute-6603'}",100.00000000000004,100.00000000000004,100.00000000000004,100.00000000000004,19.999999999999996,0.0,0.0,0.0,99.99999999994999,21.693121693055346,100.0,71.34409546852112,0.9500744342803955,0.5310922861099243
,"{'im osten zeigt sich die sonne auch mal häufiger .', '24July_2011_Sunday_tagesschau-6630'}",70.00000000000003,62.360956446232365,52.636329980469824,45.180100180492246,49.99999999999999,33.333333333333336,0.0,0.0,75.92592592585959,33.28369322405586,87.34650611877441,84.39169526100159,0.7169926762580872,0.723894476890564
,"{'am mittwoch vor allem am nachmittag einzelne schauer oder gewitter .', '24July_2011_Sunday_tagesschau-6631'}",72.7272727272727,53.93598899705937,40.13422919391943,29.982213893423374,54.54545454545453,33.02891295379081,0.0,0.0,72.72727272722275,37.92363792357934,92.20506548881531,88.22381496429443,0.6135216951370239,0.5030148029327393
,"{'24July_2011_Sunday_tagesschau-6632', 'ähnliches wetter dann auch am donnerstag .'}",85.7142857142857,75.59289460184542,61.14214174657596,48.892302243490086,57.14285714285717,30.86066999241839,0.0,0.0,91.23434704823777,31.623931623862493,97.82702922821045,86.72611117362976,0.8439178466796875,0.7877646684646606
,"{'24August_2009_Monday_heute-6642', 'und morgen am nachmittag scheint dann auch in der osthälfte noch häufiger die sonne .'}",60.04025522571868,45.89902117347861,34.143545604676255,22.828187338648245,33.333333333333336,15.430334996209194,0.0,0.0,65.5913978494323,26.666666666616667,87.45598793029785,83.1131637096405,0.7070081233978271,0.5073916912078857
,"{'24August_2009_Monday_heute-6643', 'dazu haben wir nur noch ein paar dünne schleierwolken an der nordseeküste .'}",23.076923076923073,13.867504905630724,0.0,0.0,15.384615384615385,11.322770341445958,0.0,0.0,25.74803149600025,16.70973298875696,74.06253218650818,75.31976699829102,0.2738649249076843,0.22062158584594727
,"{'24August_2009_Monday_heute-6648', 'am mittwoch lassen die schauer und gewitter im osten nach .'}",33.67721264091228,23.12299520008486,14.649590475126091,0.0,9.622060754546368,0.0,0.0,0.0,43.4873656289249,12.424961608263171,84.31372046470642,72.46818542480469,0.23287011682987213,0.1361079216003418
,"{'am donnerstag am mittwoch ist es recht freundlich im norden regnet es zeitweise im süden regnet es teilweise .', '18April_2010_Sunday_tagesschau-6663'}",64.91306968533519,48.93843070304834,34.22721809903256,22.081791502306793,54.92644357989899,41.67746643639692,26.86428978876199,18.413533063377066,56.336227202324274,51.21475200210891,82.12050199508667,79.82617020606995,0.46798908710479736,0.4808223843574524
,"{'24February_2011_Thursday_heute-6666', 'im westen sind in den fünf zentimeter neuschneefall schon weitgehend vorbei und die abkühlung ist in den nächsten tagen weiter in sicht .'}",34.782608695652165,17.782168978975484,0.0,0.0,21.739130434782613,0.0,0.0,0.0,33.524590163865746,19.307630818352937,75.4548966884613,72.6491391658783,0.21537157893180847,0.2071685940027237
,"{'aber es gibt noch ein paar lichtblicke .', '01April_2010_Thursday_heute-6704'}",24.999999999999996,0.0,0.0,0.0,0.0,0.0,0.0,0.0,27.77777777771852,0.0,71.91996574401855,69.7254478931427,0.5315479636192322,0.4868623614311218
,"{'und nun die wettervorhersage für morgen mittwoch den vierten juli .', '01April_2010_Thursday_heute-6705'}",18.18181818181818,0.0,0.0,0.0,9.090909090909093,0.0,0.0,0.0,20.297349709051105,9.820788530422899,67.71791577339172,67.28229522705078,0.12673357129096985,0.1489875316619873
,"{'08July_2011_Friday_tagesschau-6727', 'das tief bei schottland zieht sich ein wenig zurück und erreicht morgen den westen und süden deutschlands .'}",27.777777777777775,12.782749814122841,0.0,0.0,16.666666666666668,0.0,0.0,0.0,30.701208120493945,12.380952380883322,76.34788751602173,75.55693984031677,0.44020551443099976,0.40566062927246094
,"{'08July_2011_Friday_tagesschau-6729', 'es gelten unwetterwarnungen des deutschen wetterdienstes für die nacht im süden noch zum teil unwetterartige gewitter .'}",38.969419729054465,22.00133509798045,12.882294529716104,0.0,12.399150399935216,0.0,0.0,0.0,41.54880717296014,14.367681498811816,78.19658517837524,71.80506587028503,0.3144494593143463,0.28932201862335205
,"{'23July_2009_Thursday_tagesschau-6750', 'und nun die wettervorhersage für morgen freitag den vierundzwanzigsten juli .'}",100.00000000000004,100.00000000000004,100.00000000000004,100.00000000000004,81.81818181818183,75.67874686642696,68.26924810955322,58.77283725105324,99.99999999994999,85.32818532812672,100.0,95.81374526023865,1.006733775138855,0.8305363059043884
,"{'23July_2009_Thursday_tagesschau-6751', 'in der zweiten nachthälfte strömt von westen kühlere luft zu uns mit ihr ein paar wolkenfelder die sich vor allem richtung nordosten ausbreiten .'}",16.666666666666668,0.0,0.0,0.0,12.500000000000002,0.0,0.0,0.0,9.1203453858109,4.514533085917114,67.18048453330994,67.17164516448975,0.27452027797698975,0.26461565494537354
,"{'und es gibt auch noch zum teil heftige gewitter .', '23July_2009_Thursday_tagesschau-6752'}",10.000000000000002,0.0,0.0,0.0,0.0,0.0,0.0,0.0,10.8465608464945,0.0,74.62753653526306,71.01088166236877,0.6364313960075378,0.4587613344192505
,"{'02June_2010_Wednesday_heute-6789', 'auch in sachsen und sachsen regnet es stellenweise .'}",44.48541127315599,29.841721084143675,21.67770338946743,0.0,39.77063630286087,29.82797722714566,22.48872710446515,0.0,49.029126213564226,31.405436668555836,81.87565803527832,79.02846932411194,0.5573750734329224,0.5502066612243652
,"{'18February_2011_Friday_tagesschau-6825', 'vor allem in der osthälfte deutschlands wird es morgen mit etwas regen oder schnee gerechnet .'}",24.999999999999996,0.0,0.0,0.0,18.75,0.0,0.0,0.0,27.47252747245908,20.84024322823369,79.74349856376648,77.90039777755737,0.754124104976654,0.7212287783622742
,"{'10May_2010_Monday_tagesschau-6854', 'in der nacht sind im süden anfangs noch einzelne gewitter möglich sonst regnet es hier und da etwas im osten hier und da bildet sich nebel .'}",62.96296296296293,58.22639771026013,53.035195463819235,47.22183035622597,37.037037037037045,26.688025634181187,14.176345676099672,0.0,67.98654841574667,40.42288557207191,87.48132586479187,74.42894577980042,0.6118108034133911,0.517696738243103
,"{'06July_2011_Wednesday_tagesschau-6865', 'später wird es aber schon wieder trockener .'}",37.5,0.0,0.0,0.0,24.999999999999996,0.0,0.0,0.0,41.20879120872282,13.971742543103133,86.73174381256104,80.8986485004425,0.7613861560821533,0.6674461960792542
,"{'guten abend liebe zuschauer .', '08November_2010_Monday_heute-6874'}",100.00000000000004,100.00000000000004,100.00000000000004,100.00000000000004,19.999999999999996,0.0,0.0,0.0,99.99999999994999,21.693121693055346,99.99997019767761,70.91510891914368,0.9707947373390198,0.46848177909851074
,"{'es bestehen entsprechende unwetterwarnungen des deutschen wetterdienstes .', '08November_2010_Monday_heute-6875'}",11.031211282307444,0.0,0.0,0.0,0.0,0.0,0.0,0.0,11.684125705039227,0.0,71.99851274490356,70.08915543556213,0.388458788394928,0.26437509059906006
,"{'10August_2009_Monday_heute-6893', 'in der nacht muss in der osthälfte mit gewittern gerechnet werden die anfangs unwetterartig sein können .'}",23.529411764705884,0.0,0.0,0.0,17.647058823529417,0.0,0.0,0.0,17.647058823479416,18.148518148462447,74.66338276863098,74.51084852218628,0.458410382270813,0.47423428297042847
,"{'nur über den mittelgebirgen und den bergen besteht ein geringes schauerrisiko .', '10August_2009_Monday_heute-6897'}",24.999999999999996,15.075567228888186,0.0,0.0,16.666666666666668,12.309149097933275,0.0,0.0,26.832844574715665,18.315018314949917,71.64052724838257,69.02976632118225,0.22425323724746704,0.21409620344638824
,"{'und da werden dann auch bis vierundzwanzig grad erreicht .', '10August_2009_Monday_heute-6902'}",37.04091103408589,24.693940689390597,17.80741267423511,0.0,24.56192259233946,14.947910066133433,0.0,0.0,42.07069127304718,26.83284457475,76.86730623245239,76.3763427734375,0.40109795331954956,0.4266272187232971
,"{'10August_2009_Monday_heute-6903', 'im süden zum teil bis zu siebenundzwanzig grad .'}",53.38249352778721,40.03687014584041,26.36963416297342,0.0,29.82797722714566,0.0,0.0,0.0,58.83495145628266,31.405436668555836,83.05385112762451,74.31597709655762,0.7384394407272339,0.631470263004303
,"{'08November_2010_Monday_tagesschau-6922', 'deutschland liegt in der zweiten wochenhälfte unter tiefdruckeinfluss .'}",9.135828677937498,0.0,0.0,0.0,5.704634655917688,0.0,0.0,0.0,13.11591634172839,7.456140350876805,73.06585907936096,71.51698470115662,0.4050282835960388,0.3143635392189026
,"{'an der ostsee heute nacht minus zwei am alpenrand bis minus fünfzehn grad .', '13December_2010_Monday_tagesschau-6940'}",92.85714285714283,88.64052604279179,83.83820492034592,80.91067115702207,78.5714285714286,54.97252060782754,29.31140830277021,0.0,92.85714285709285,51.71018012542381,95.53747177124023,89.19745087623596,0.8310437798500061,0.6685723662376404
,"{'am freitag beruhigt sich das wetter dann wieder .', '13December_2010_Monday_tagesschau-6944'}",88.8888888888889,81.6496580927726,72.49202486685948,66.06328636027612,66.66666666666669,50.000000000000014,0.0,0.0,93.4730056405521,24.253731343216185,98.46442937850952,93.77291798591614,0.8333338499069214,0.7730373740196228
,"{'im übrigen land viel sonne und meist nur lockere wolken .', '01June_2011_Wednesday_tagesschau-6952'}",60.63657586001311,44.96928821556907,33.46203070512843,0.0,41.50457801283011,0.0,0.0,0.0,65.75963718817684,34.651847008785644,88.12752366065979,79.56279516220093,0.7316513657569885,0.5700956583023071
,"{'15December_2009_Tuesday_tagesschau-6963', 'in der südosthälfte bleibt es morgen meist bewölkt gebietsweise schneit es etwas .'}",6.107097367830394,0.0,0.0,0.0,0.0,0.0,0.0,0.0,6.753535674531798,0.0,70.90229392051697,70.29906511306763,0.5808730721473694,0.5227477550506592
,"{'es wird wieder schneien oberhalb von dreihundert metern am nachmittag dann regenschauer und gewitter die ziehen richtung berlin .', '24January_2011_Monday_heute-6981'}",58.42745080582083,44.04887592401746,33.908036278385275,28.10826854659323,39.94650442174473,20.520565935588774,13.2950726270527,0.0,57.919689267116205,35.85032640146283,81.68103098869324,76.45207643508911,0.3120397627353668,0.29193350672721863
,"{'und nun die wettervorhersage für morgen mittwoch den neunzehnten januar .', '18January_2011_Tuesday_tagesschau-6987'}",100.00000000000004,100.00000000000004,100.00000000000004,100.00000000000004,81.81818181818183,75.67874686642696,68.26924810955322,58.77283725105324,99.99999999994999,85.32818532812672,100.0,95.44395804405212,1.0078864097595215,0.82563316822052
,"{'die sonne lässt sich nur selten blicken die wolken sind meist stark bewölkt .', '18January_2011_Tuesday_tagesschau-6989'}",57.14285714285717,36.31365196012816,0.0,0.0,57.14285714285717,41.93139346887674,24.469914286107727,0.0,46.67484662569982,62.23312883428878,82.04066157341003,82.76787400245667,0.4151816964149475,0.4150471091270447
,"{'17January_2011_Monday_tagesschau-7005', 'auch im süden gibt es viele wolken oder nebelfelder aber regen fällt dort kaum .'}",70.01386552343577,59.17251633712197,49.02906364540521,40.07271049288471,68.6038455689853,56.647761089833104,45.20395053577804,34.64226178936947,74.42084942081291,64.38227814210641,91.77530407905579,89.32245969772339,0.7518222332000732,0.7223918437957764
,"{'29November_2009_Sunday_tagesschau-7044', 'am bodensee kann es anfangs auch schneien .'}",55.156056411537236,45.673553902495044,31.306211647069624,0.0,11.031211282307444,0.0,0.0,0.0,58.42062852534542,11.684125705039227,85.15222668647766,77.6521623134613,0.573472261428833,0.4345518946647644
,"{'29November_2009_Sunday_tagesschau-7045', 'im übrigen land bleibt es noch weitgehend trocken .'}",28.496906152442428,15.112766687421516,0.0,0.0,15.922918012750872,0.0,0.0,0.0,34.1763499658126,18.31501831499962,78.72387170791626,78.03934216499329,0.5880065560340881,0.4064621329307556
,"{'25August_2009_Tuesday_tagesschau-7085', 'dabei gibt es schauer und gewitter die vor allem in der südosthälfte deutschlands kräftig sein können .'}",24.65363036538235,16.072200637497772,11.30159507630186,0.0,15.688407624754868,0.0,0.0,0.0,26.67854100515629,16.5647298674441,74.86750483512878,71.70459628105164,0.48128384351730347,0.34611085057258606
,"{'es gelten entsprechende warnungen des deutschen wetterdienstes .', '25August_2009_Tuesday_tagesschau-7086'}",37.5,23.145502494313785,0.0,0.0,0.0,0.0,0.0,0.0,37.499999999950006,0.0,87.82857656478882,79.78557348251343,0.7689501643180847,0.5977424383163452
,"{'25August_2009_Tuesday_tagesschau-7092', 'heute nacht temperaturen von zehn grad in der eifel bis achtzehn in der lausitz .'}",100.00000000000004,100.00000000000004,100.00000000000004,100.00000000000004,86.6666666666667,82.51983888449989,80.61041001447563,79.16963878457506,99.99999999994999,82.56251021403085,100.0,93.69555115699768,0.9263513088226318,0.7384474277496338
,"{'hier und da zeigt sich auch mal die sonne .', '07December_2009_Monday_tagesschau-7103'}",57.31115271545876,32.29117637391049,0.0,0.0,54.29024508215756,40.46555950627599,26.45760660535876,0.0,44.721407624603366,28.442728442688605,79.31326627731323,78.52824926376343,0.646800696849823,0.6081415414810181
,"{'30March_2011_Wednesday_tagesschau-7125', 'und nun die wettervorhersage für morgen donnerstag den einunddreißigsten märz .'}",100.00000000000004,100.00000000000004,100.00000000000004,100.00000000000004,81.81818181818183,75.67874686642696,68.26924810955322,58.77283725105324,99.99999999994999,85.32818532812672,100.0,96.19568586349487,0.9444429278373718,0.8355213403701782
,"{'01May_2010_Saturday_tagesschau-7194', 'am tag zwölf grad an der ostsee und bis zwanzig grad in niederbayern .'}",100.00000000000004,100.00000000000004,100.00000000000004,100.00000000000004,85.7142857142857,72.62730392025632,56.02211879473355,42.28428342860617,99.99999999994999,59.097348714778185,100.0,94.36953067779541,0.9424917697906494,0.7652891278266907
,"{'01May_2010_Saturday_tagesschau-7195', 'auch am montag mehr wolken als sonne verbreitet regnet es mitunter kräftig auch gewitter sind mit dabei .'}",83.33333333333334,73.43130710225098,61.789335545,52.954738785086846,57.80863421096899,47.45229024504729,34.181888435241966,0.0,83.33333333328333,59.37278386253539,91.37965440750122,85.99490523338318,0.6805879473686218,0.6256198287010193
,"{'in der südhälfte ist es zum teil freundlich .', '04July_2010_Sunday_tagesschau-7205'}",33.333333333333336,20.412414523193153,0.0,0.0,11.111111111111109,0.0,0.0,0.0,37.23653395778134,12.23203026476393,80.93345761299133,77.51160264015198,0.47098952531814575,0.348308265209198
,"{'bei gewittern weht der wind schwach bis mäßig an der küste auch frisch .', '04July_2010_Sunday_tagesschau-7206'}",85.7142857142857,81.19979429411501,76.03371308769859,72.72454093000138,42.85714285714285,31.448545101657547,0.0,0.0,85.7142857142357,29.54867435736067,93.41774582862854,82.7664852142334,0.5583600401878357,0.5280030369758606
,"{'29September_2011_Thursday_tagesschau-7236', 'ähnliches wetter dann auch am wochenende .'}",16.13480348593598,0.0,0.0,0.0,8.067401742967988,0.0,0.0,0.0,20.31063321385475,10.155316606925242,74.17202591896057,72.88007140159607,0.4644131660461426,0.40576547384262085
,"{'es kann ein bisschen schneien am ehesten noch in sachsen und am alpenrand im bayerischen wald .', '24January_2013_Thursday_heute-7259'}",52.2946920825162,29.524510561170228,0.0,0.0,33.27787566546617,0.0,0.0,0.0,44.172612979914355,22.81991624006765,84.36523079872131,76.88722014427185,0.5909793972969055,0.4724229574203491
,"{'am samstag wird es kalt bei bis zu minus zehn grad .', '24January_2013_Thursday_heute-7266'}",63.48612936679603,44.206066343488196,32.10237089716701,23.6181893620228,38.33518394288848,25.32338907034446,0.0,0.0,53.22003577814209,39.872611464926614,79.9215018749237,81.62460327148438,0.7060067653656006,0.6036868095397949
,"{'im norden regnet es heute nacht ab und an an an den alpen regnet es stellenweise etwas hier und da bildet sich nebel .', '26April_2010_Monday_tagesschau-7272'}",54.16666666666666,40.602348757648016,28.222812867461478,18.088201962129947,41.66666666666667,26.919095102908273,14.878737357744463,0.0,49.99999999995,38.26324496935841,77.73289680480957,79.56380248069763,0.49492108821868896,0.46347129344940186
,"{'24June_2010_Thursday_tagesschau-7300', 'und nun die wettervorhersage für morgen freitag den fünfundzwanzigsten juni .'}",100.00000000000004,100.00000000000004,100.00000000000004,100.00000000000004,81.81818181818183,75.67874686642696,68.26924810955322,58.77283725105324,99.99999999994999,85.32818532812672,100.0,94.720458984375,1.0005996227264404,0.8283498287200928
,"{'27November_2009_Friday_tagesschau-7340', 'am montag ist es meist stark bewölkt hier und da regnet es etwas .'}",92.85714285714283,88.64052604279179,86.83493185643985,85.5526185871245,57.14285714285717,41.93139346887674,24.469914286107727,0.0,96.0331916615501,44.32301153606944,97.88328409194946,89.87711071968079,0.8389239311218262,0.6418962478637695
,"{'27November_2009_Friday_tagesschau-7341', 'auf den bergen fällt schnee an den alpen auch regen .'}",40.39231756892701,32.02403785058928,27.89168688585216,24.22364216174946,18.95847077451488,11.479924150721388,0.0,0.0,48.627234199363066,22.056948576269157,81.72582387924194,74.0115225315094,0.37745922803878784,0.2843540906906128
,"{'am dienstag weiterhin wechselhaftes wetter .', '27November_2009_Friday_tagesschau-7342'}",83.33333333333334,70.71067811865471,49.99999999999999,0.0,49.99999999999999,31.62277660168379,0.0,0.0,89.44281524920247,37.14285714278808,95.54012417793274,90.28669595718384,0.8276353478431702,0.762881338596344
,"{'06February_2010_Saturday_tagesschau-7362', 'im süden und südwesten bildet sich stellenweise nebel richtung nordosten lockert es auch mal auf .'}",43.74999999999999,29.580398915498076,18.420157493201934,0.0,18.75,11.180339887498945,0.0,0.0,48.07692307685468,20.84024322823369,75.67312121391296,70.54229378700256,0.41545408964157104,0.5256388783454895
,"{'die schneefallgrenze sinkt weiter in den nächsten tagen .', '06February_2010_Saturday_tagesschau-7363'}",9.942659075715216,0.0,0.0,0.0,0.0,0.0,0.0,0.0,10.4684788894928,0.0,75.59264898300171,74.95093941688538,0.3255627751350403,0.30597347021102905
,"{'der wind weht meist schwach und kommt aus nord bis nordwest .', '06February_2010_Saturday_tagesschau-7365'}",66.66666666666669,49.23659639173309,41.74128044846464,35.65506208559251,66.66666666666669,24.618298195866554,0.0,0.0,71.5542521993491,53.66568914949571,90.69576859474182,87.13919520378113,0.7666345238685608,0.7549231052398682
,"{'morgen temperaturen von zweiundzwanzig grad an der ostsee bis dreiunddreißig grad am oberrhein .', '27June_2010_Sunday_tagesschau-7392'}",80.49580497680256,73.26455453039866,67.6942061413788,61.88604784965421,80.49580497680256,69.5048592221003,62.51271392118438,55.70062623047199,85.90643274850247,79.29824561399953,95.70914506912231,94.14843916893005,0.7129058837890625,0.6996182203292847
,"{'guten abend liebe zuschauer .', '04January_2010_Monday_heute-7395'}",100.00000000000004,100.00000000000004,100.00000000000004,100.00000000000004,19.999999999999996,0.0,0.0,0.0,99.99999999994999,21.693121693055346,99.99997019767761,70.91510891914368,0.9707947373390198,0.46848177909851074
,"{'29July_2010_Thursday_tagesschau-7420', 'am samstag meist freundlich und trocken .'}",86.6877899750182,79.13476338264611,68.80414449957114,61.29752413741059,71.42857142857146,48.795003647426675,36.24601243342974,0.0,92.5146198830054,57.14285714280714,97.68538475036621,90.94372987747192,0.8312510251998901,0.6343154311180115
,"{'29July_2010_Thursday_tagesschau-7421', 'abseits der wolken gibt es einzelne schauer nur im nordwesten .'}",72.7272727272727,53.93598899705937,40.13422919391943,29.982213893423374,72.7272727272727,38.13850356982369,0.0,0.0,63.63636363631363,36.363636363586366,85.79784035682678,85.2695107460022,0.48023509979248047,0.4040282964706421
,"{'15February_2011_Tuesday_tagesschau-7473', 'die schneefallgrenze sinkt weiter in den nächsten tagen .'}",11.111111111111109,0.0,0.0,0.0,0.0,0.0,0.0,0.0,12.126865671574393,0.0,75.7769763469696,75.90522170066833,0.21053333580493927,0.1469022035598755
,"{'15February_2011_Tuesday_tagesschau-7474', 'am tag ist es meist stark bewölkt oder neblig trüb .'}",100.00000000000004,100.00000000000004,100.00000000000004,100.00000000000004,81.81818181818183,63.96021490668311,51.471424920008936,42.969435238201484,99.99999999994999,66.36636636630777,99.99999403953552,96.39363288879395,0.9609407782554626,0.8477224111557007
,"{'28May_2010_Friday_tagesschau-7501', 'heute nacht elf grad in südostbayern und ein grad im nordwesten .'}",58.410058730355345,45.47216904999418,36.4205353527308,30.238706547866272,35.27007187044225,0.0,0.0,0.0,65.07936507933955,22.80858676204191,85.25084257125854,79.1454553604126,0.599990725517273,0.5388563275337219
,"{'deutschland liegt weiterhin zwischen einem atlantikhoch und einem tief über island .', '13July_2009_Monday_tagesschau-7507'}",66.66666666666669,49.23659639173309,0.0,0.0,41.66666666666667,27.52409412815902,0.0,0.0,60.64073226538829,35.77712609964235,80.93768954277039,72.33507633209229,0.5577870011329651,0.43980443477630615
,"{'sonst überwiegend schwacher wind aus unterschiedlichen richtungen im nordwesten weht er mäßig bis frisch im südwesten auch stark böig .', '13July_2009_Monday_tagesschau-7508'}",15.0,0.0,0.0,0.0,10.000000000000002,0.0,0.0,0.0,10.24295040037584,4.999999999950001,71.68397307395935,71.84361219406128,0.28417372703552246,0.2833786904811859
,"{'im bergland sind zum teil heftige gewitter unterwegs .', '13July_2009_Monday_tagesschau-7509'}",7.961459006375435,0.0,0.0,0.0,0.0,0.0,0.0,0.0,9.157509157490464,0.0,72.1552848815918,70.24976015090942,0.38175973296165466,0.32667362689971924
,"{'heute nacht fünfzehn grad im allgäu bis null grad in teilen thüringens und thüringens .', '13July_2009_Monday_tagesschau-7510'}",29.17244396809825,13.504217492576947,0.0,0.0,26.66666666666667,13.801311186847087,0.0,0.0,24.806949806913313,20.640627553465396,69.38271522521973,62.44783401489258,0.17453981935977936,0.16947832703590393
,"{'23September_2009_Wednesday_tagesschau-7589', 'am freitag ist es an den küsten sowie ganz im süden teilweise stark bewölkt .'}",70.01386552343577,62.76193134277607,57.04450096909639,51.00714853814581,62.367132335441205,40.82887211492674,22.89177573777875,0.0,74.42084942081291,32.191139071031586,94.52084302902222,89.48866128921509,0.8064568638801575,0.7601556181907654
,"{'23September_2009_Wednesday_tagesschau-7590', 'sonst wird es morgen vorübergehend freundlicher .'}",42.85714285714285,0.0,0.0,0.0,28.57142857142857,0.0,0.0,0.0,45.61717352408751,15.811965811896684,87.272047996521,84.31508541107178,0.44622087478637695,0.3961169123649597
,"{'14March_2011_Monday_tagesschau-7600', 'aber sonst wird es recht freundlich .'}",57.14285714285717,43.64357804719849,0.0,0.0,28.57142857142857,0.0,0.0,0.0,60.822898032137594,15.811965811896684,90.36585092544556,86.63118481636047,0.8126638531684875,0.7288808822631836
,"{'03June_2011_Friday_tagesschau-7644', 'vor allem in der südhälfte muss mit gewittern gerechnet werden die unwetterartig sein können .'}",40.0,16.90308509457033,0.0,0.0,33.333333333333336,15.430334996209194,0.0,0.0,37.14285714278808,22.36842105256471,81.16436004638672,78.73499393463135,0.7531070113182068,0.6836874485015869
,"{'03October_2012_Wednesday_tagesschau-7654', 'heute nacht verlagert sich der regen von nordwesten in die mitte .'}",63.48612936679603,44.206066343488196,25.47966866641813,0.0,41.66666666666667,19.462473604038077,0.0,0.0,60.822898032167124,33.333333333283335,81.20940923690796,76.22590065002441,0.6598958373069763,0.5842728018760681
,"{'25November_2009_Wednesday_tagesschau-7666', 'und nun die wettervorhersage für morgen donnerstag den sechsundzwanzigsten november .'}",100.00000000000004,100.00000000000004,100.00000000000004,100.00000000000004,81.81818181818183,63.96021490668311,51.471424920008936,42.969435238201484,99.99999999994999,75.84727584721726,100.0,98.22336435317993,0.9563469886779785,0.8674977421760559
,"{'das tief über dem atlantik lenkt von westen etwas mildere luft nach deutschland .', '25November_2009_Wednesday_tagesschau-7668'}",28.57142857142857,0.0,0.0,0.0,7.142857142857142,0.0,0.0,0.0,31.623931623862493,7.975813417725853,81.70931935310364,75.72764754295349,0.5425631999969482,0.4194841980934143
,"{'am freitag regenschauer und gewitter im wechsel .', '25November_2009_Wednesday_tagesschau-7677'}",37.5,23.145502494313785,0.0,0.0,12.500000000000002,0.0,0.0,0.0,41.91522762944536,13.888888888829632,78.17462086677551,72.71127700805664,0.6096525192260742,0.4580598473548889
,"{'25November_2009_Wednesday_tagesschau-7678', 'im nordwesten einzelne gewitter .'}",53.62560368285113,29.977623792329556,0.0,0.0,49.123845184678906,31.709305716988798,0.0,0.0,63.247863247849345,35.777126099676686,86.76002025604248,82.62197971343994,0.5847231149673462,0.4033021926879883
,"{'12April_2010_Monday_heute-7690', 'morgen scheint im norden häufig die sonne am häufigsten vor allem an den küsten .'}",29.17244396809825,0.0,0.0,0.0,24.94685293417648,0.0,0.0,0.0,31.00868725865076,12.876455628386699,78.49724292755127,75.79619884490967,0.4276527166366577,0.3676741123199463
,"{'15October_2009_Thursday_tagesschau-7715', 'sonst ist es zunächst recht freundlich sonst regnet es gebietsweise kräftig .'}",51.92005220476034,42.87157212068261,35.01833430856121,24.689800508009657,42.3240862445307,36.09410202572233,28.0440040874842,0.0,57.84832451496564,45.617173524117035,79.27964329719543,78.49161624908447,0.5925629138946533,0.6008216142654419
,"{'06January_2010_Wednesday_tagesschau-7728', 'ab freitag wird es zunehmend schneien .'}",18.223231847084033,9.84167002399331,0.0,0.0,13.986904558770089,0.0,0.0,0.0,29.47821409360765,18.63833896668398,78.67664694786072,81.89937472343445,0.7118927240371704,0.6859719753265381
,"{'auch am wochenende fällt gebietsweise schnee .', '06January_2010_Wednesday_tagesschau-7736'}",57.14285714285717,43.64357804719849,33.6478173147995,0.0,42.85714285714285,37.79644730092272,30.571070873287994,0.0,57.14285714280714,45.61717352408751,83.84088277816772,82.55214095115662,0.7839037775993347,0.7269381880760193
,"{'es bleibt windig .', '06January_2010_Wednesday_tagesschau-7737'}",100.00000000000004,100.00000000000004,100.00000000000004,100.00000000000004,49.99999999999999,0.0,0.0,0.0,99.99999999994999,27.47252747245908,100.0,88.32995891571045,0.9777525067329407,0.8861963152885437
,"{'am dienstag regen schnee und graupelschauer .', '04December_2011_Sunday_tagesschau-7791'}",65.14390575310559,65.14390575310559,65.14390575310559,65.14390575310559,53.676949505377586,44.909357997437425,31.179789850805648,0.0,77.66195085627984,60.63432835818647,91.75047278404236,92.67802834510803,0.7592431306838989,0.7153826355934143
,"{'04December_2011_Sunday_tagesschau-7792', 'im süden regnet es auch für längere zeit .'}",55.55555555555555,37.267799624996485,27.072175360490334,0.0,44.44444444444444,23.570226039551585,0.0,0.0,58.42062852532245,24.253731343216185,77.71008014678955,76.52078866958618,0.7053975462913513,0.6622225046157837
,"{'25January_2013_Friday_tagesschau-7811', 'und nun die wettervorhersage für morgen samstag den sechsundzwanzigsten mai .'}",90.90909090909088,85.28028654224414,82.70230439802374,80.70557274927978,90.90909090909088,73.85489458759959,62.35319077637435,49.616830003403614,90.9090909090409,81.8181818181318,97.34581112861633,94.43586468696594,0.8436741828918457,0.7594866752624512
,"{'und nun die wettervorhersage für morgen montag den vierundzwanzigsten januar zweiunddreißig grad .', '23January_2011_Sunday_tagesschau-7823'}",84.61538461538463,79.66275068156918,77.28038897744274,75.39221180326287,69.23076923076921,63.548890930224275,56.83263035814121,48.44273237963865,87.71974522287258,49.31972789109294,93.4824287891388,90.28981328010559,0.667008101940155,0.5960042476654053
,"{'liebe zuschauer guten abend .', '26May_2010_Wednesday_heute-7863'}",100.00000000000004,100.00000000000004,100.00000000000004,100.00000000000004,19.999999999999996,0.0,0.0,0.0,99.99999999994999,21.693121693055346,100.0,71.34409546852112,0.9500744342803955,0.5310922861099243
,"{'an der ostsee heute nacht minus ein am oberrhein bis plus acht grad .', '20February_2010_Saturday_tagesschau-7899'}",71.42857142857146,66.29935441317961,63.52994280170822,61.153805769010226,49.99999999999999,33.968311024337865,21.264518514149504,0.0,71.42857142852144,42.85714285709285,86.43235564231873,77.79211401939392,0.5021907687187195,0.3701670169830322
,"{'die sonne zeigt sich bevorzugt im osten und süden sowie an den alpen später auch im südwesten .', '15February_2011_Tuesday_heute-7911'}",29.82797722714566,25.060513474807856,21.92344268368048,18.830095106396065,21.021321531261453,15.295258070022657,11.141800760498073,0.0,31.405436668555836,21.590103222711914,81.1497449874878,81.51230216026306,0.6459951400756836,0.6216540336608887
,"{'im westen und nordwesten zeigt sich die sonne auch mal für längere zeit .', '10December_2009_Thursday_heute-7943'}",37.15190998929349,15.739751171727475,0.0,0.0,33.252242132286526,15.432215303129293,0.0,0.0,33.04093567247908,27.520836737986343,77.79408097267151,78.90260219573975,0.5133897662162781,0.37950652837753296
,"{'am samstag fällt immer noch schnee .', '10December_2009_Thursday_heute-7944'}",71.42857142857146,59.76143046671968,41.49132666831217,0.0,42.85714285714285,0.0,0.0,0.0,76.0286225401877,30.411449016037423,93.39567422866821,82.7118992805481,0.8470419645309448,0.8311725854873657
,"{'10December_2009_Thursday_heute-7945', 'im norden und nordwesten scheint die sonne ab und zu mal für längere zeit auch am samstag schneit es zeitweise im norden und westen schneit es zeitweise im nordwesten teilweise regen oder schneeregen .'}",14.705882352941176,9.440686400617011,0.0,0.0,8.823529411764707,5.1708768999501915,0.0,0.0,12.157288067170525,6.032388663948717,72.84349799156189,72.09782600402832,0.4238768219947815,0.3613647222518921
,"{'tiefer luftdruck bestimmt weiter unser wetter mit schauern und auch mit kräftigem regen .', '13July_2011_Wednesday_tagesschau-7978'}",28.57142857142857,14.82498633322202,0.0,0.0,21.42857142857143,12.838814775327391,0.0,0.0,29.54867435736067,14.774337178651903,75.27801394462585,71.07595801353455,0.4316858649253845,0.36841148138046265
,"{'von westen breitet sich der regen langsam richtung osten aus anfangs fällt auch noch schnee in den mittelgebirgen und im höheren bergland auch schneeregen .', '28January_2013_Monday_heute-7998'}",48.00000000000001,24.49489742783178,13.766001254296354,0.0,40.0,22.360679774997894,12.9543031539143,0.0,35.99999999995,33.218192285492165,78.12440991401672,78.59205603599548,0.5820516347885132,0.5782099962234497
,"{'und nun die wettervorhersage für morgen mittwoch den zwölften januar .', '11January_2011_Tuesday_tagesschau-8017'}",100.00000000000004,100.00000000000004,100.00000000000004,100.00000000000004,100.00000000000004,83.66600265340763,77.56555904835209,73.48889200874659,99.99999999994999,81.8181818181318,100.0,93.74915957450867,0.9630923271179199,0.7703958749771118
,"{'im nordosten bayerns sowie in der osthälfte fällt heute nacht schnee oder gefrierender regen .', '11January_2011_Tuesday_tagesschau-8021'}",54.58205020519881,39.94997008270052,27.190689545695275,19.24443345974271,52.51039914257684,40.51265247773084,28.062133726974555,20.036355246442355,47.70283479957892,55.81563706560056,84.75157618522644,84.79174375534058,0.708032488822937,0.6945577263832092
,"{'im süden wird es in den nächsten tagen recht freundlich teilweise noch längere zeit .', '11January_2011_Tuesday_tagesschau-8032'}",33.333333333333336,15.430334996209194,0.0,0.0,13.333333333333334,0.0,0.0,0.0,29.74015950598347,14.739107046743591,82.18404650688171,74.84110593795776,0.4996680021286011,0.4046679735183716
,"{'11November_2009_Wednesday_tagesschau-8041', 'im laufe des tages werden die wolken von westen wieder dichter und bringen regen .'}",19.999999999999996,0.0,0.0,0.0,0.0,0.0,0.0,0.0,22.28571428564523,0.0,75.88934898376465,73.75075221061707,0.5450243353843689,0.5311051607131958
,"{'11November_2009_Wednesday_tagesschau-8042', 'der wind weht schwach bis mäßig an der see auch frisch .'}",58.333333333333336,51.49286505444373,47.335252868199454,43.36189090348677,41.66666666666667,27.52409412815902,19.64002439681624,0.0,60.64073226538829,35.77712609964235,85.2067768573761,80.5857002735138,0.29455891251564026,0.26850777864456177
,"{'07April_2011_Thursday_tagesschau-8101', 'im norden und nordosten deutschlands gibt es morgen viele wolken aber nur ganz vereinzelt ein paar tropfen .'}",55.55555555555555,31.31121455425747,18.29896873800057,0.0,44.44444444444444,28.005601680560204,16.987257792186554,0.0,35.77712609964235,48.50746268649977,80.59406876564026,84.6666693687439,0.5109543204307556,0.49465078115463257
,"{'29March_2011_Tuesday_tagesschau-8108', 'und nun die wettervorhersage für morgen mittwoch den dreißigsten märz .'}",100.00000000000004,100.00000000000004,100.00000000000004,100.00000000000004,63.63636363636361,56.407607481776594,47.335252868199454,40.35278637463991,99.99999999994999,66.36636636630777,100.0,93.10677647590637,0.9633428454399109,0.7974711060523987
,"{'am tag fünfzehn grad an der nordsee und dreiundzwanzig grad am oberrhein .', '27May_2011_Friday_tagesschau-8129'}",61.538461538461554,39.223227027636796,24.09339418591454,0.0,38.46153846153847,25.318484177091666,17.99537517757171,0.0,47.84713375790443,31.898089171917164,84.32082533836365,84.88937616348267,0.6025770902633667,0.5480929613113403
,"{'16June_2010_Wednesday_tagesschau-8148', 'im norden und in der mitte deutschlands ist es heute nacht vielerorts klar im süden regnet es teilweise kräftig .'}",64.99999999999999,55.48826333938604,49.288159365841445,43.319877589068106,34.99999999999999,23.508117299081356,14.534086179549238,0.0,69.36420661342702,37.96296296289662,82.98694491386414,74.23704266548157,0.733820378780365,0.6835325360298157
,"{'16June_2010_Wednesday_tagesschau-8149', 'davor und dahinter gibt es dichte wolken mitunter auch dichtere wolken .'}",8.333333333333332,0.0,0.0,0.0,0.0,0.0,0.0,0.0,8.94428152486229,0.0,62.762582302093506,62.8958523273468,0.20792409777641296,0.2146225869655609
,"{'heute nacht gibt es hier und da schauer an der nordsee auch einzelne gewitter .', '20October_2010_Wednesday_tagesschau-8210'}",93.33333333333336,89.44271909999159,85.05807405659806,82.42367502646057,79.99999999999997,67.61234037828133,56.0221187947335,41.374412020518825,93.33333333328332,73.33333333328332,98.40299487113953,94.04447078704834,0.7594818472862244,0.6968061327934265
,"{'20October_2010_Wednesday_tagesschau-8214', 'im süden zeigt sich morgen neben dichten wolken auch zeitweise die sonne .'}",23.076923076923073,0.0,0.0,0.0,7.6923076923076925,0.0,0.0,0.0,24.659863945514697,8.414138254545957,74.00752305984497,71.77631855010986,0.547940731048584,0.5388367772102356
,"{'der norden deutschlands hat ja heute in der nacht schon ein paar schneeschauer im gepäck vor allen dingen im süden .', '14September_2010_Tuesday_heute-8237'}",19.04761904761905,9.759000729485333,0.0,0.0,9.523809523809524,0.0,0.0,0.0,20.872950512771695,10.541310541241412,69.19564604759216,67.28543639183044,0.3055999279022217,0.24473214149475098
,"{'im norden deutschlands verlagert sich das wolkenband eines tiefausläufers über die nordsee in der nacht richtung mitte .', '14September_2010_Tuesday_heute-8238'}",16.189059508257078,6.800765282567004,0.0,0.0,16.189059508257078,0.0,0.0,0.0,14.42888021783826,14.42888021783826,67.74768233299255,67.33757853507996,0.20664793252944946,0.23567214608192444
,"{'ein neues tief sorgt bei uns in der nordhälfte für teilweise schwere sturmböen vereinzelt mit orkanartigen böen .', '14September_2010_Tuesday_heute-8239'}",35.588329018524796,18.310044222789276,11.882732110376478,0.0,24.856647689288046,11.438507110678694,0.0,0.0,34.32038834948655,26.17119722379008,75.71602463722229,72.50605821609497,0.576511025428772,0.4921833276748657
,"{'09June_2010_Wednesday_heute-8259', 'in der zweiten nachthälfte bleibt es noch warm .'}",17.794164509262398,0.0,0.0,0.0,9.942659075715216,0.0,0.0,0.0,19.611650485408884,10.4684788894928,73.7997829914093,75.53842067718506,0.588579535484314,0.5776808261871338
,"{'09June_2010_Wednesday_heute-8260', 'in der nacht sind auch nur vier grad höchsttemperaturen möglich .'}",33.203662410264094,0.0,0.0,0.0,18.18181818181818,0.0,0.0,0.0,25.988885256579046,18.181818181768183,70.95613479614258,71.09911441802979,0.2985950708389282,0.3484726548194885
,"{'12December_2011_Monday_tagesschau-8269', 'ein tiefausläufer lenkt von nordwesten regenwolken und stürmische winde heran .'}",31.597451290858128,14.820518350489419,0.0,0.0,15.806680330494807,0.0,0.0,0.0,36.76158096045955,19.69891095451084,76.64579749107361,75.82760453224182,0.530161440372467,0.4723396897315979
,"{'am tag dichte wolkenfelder dabei regnet es gebietsweise im nordwesten und an den alpen schneit es teilweise kräftig .', '19October_2010_Tuesday_tagesschau-8289'}",28.317598348190263,19.046210189193328,11.79306613939746,0.0,21.319940392958596,0.0,0.0,0.0,31.712034037591053,9.355618627112724,73.43873977661133,71.9830870628357,0.46173095703125,0.22657102346420288
,"{'19October_2010_Tuesday_tagesschau-8290', 'gegen abend muss dann auch mit bodenfrost gerechnet werden .'}",19.999999999999996,0.0,0.0,0.0,10.000000000000002,0.0,0.0,0.0,20.936957779003677,10.8465608464945,70.19590139389038,70.73546648025513,0.32165515422821045,0.2681303918361664
,"{'es kann einige hagel geben zum teil mit blitz und donner .', '19October_2010_Tuesday_tagesschau-8291'}",8.333333333333332,0.0,0.0,0.0,0.0,0.0,0.0,0.0,9.157509157440758,0.0,63.31995129585266,63.22557330131531,0.18514776229858398,0.23234394192695618
,"{'24November_2011_Thursday_tagesschau-8341', 'am sonntag wird es windig und in der nordwesthälfte wolkig es regnet vereinzelt noch etwas .'}",43.74999999999999,17.07825127659933,0.0,0.0,24.999999999999996,0.0,0.0,0.0,38.62936688523374,19.824561403447365,76.32463574409485,70.75690627098083,0.6082459092140198,0.6024330258369446
,"{'24November_2011_Thursday_tagesschau-8342', 'am montag meist trocken sonne und wolken im tagesverlauf .'}",65.49846024623854,54.582050205198755,45.0564897182701,32.16094349518414,54.29024508215756,40.46555950627599,0.0,0.0,71.55425219938343,37.923637923598086,84.44761037826538,82.7384889125824,0.6185095906257629,0.5428847074508667
,"{'hallo und guten abend .', '28September_2010_Tuesday_heute-8343'}",100.00000000000004,100.00000000000004,100.00000000000004,100.00000000000004,59.999999999999986,38.729833462074154,0.0,0.0,99.99999999994999,43.386243386177036,100.00002384185791,90.17971158027649,0.983094334602356,0.8706782460212708
,"{'28September_2010_Tuesday_heute-8344', 'in den vergangenen tagen gab es in skandinavien vielerorts schauer und gewitter die besonders in der osthälfte unwetterartig ausfallen können .'}",19.04761904761905,0.0,0.0,0.0,14.285714285714283,0.0,0.0,0.0,19.4890214934857,14.925558312596124,66.03469848632812,67.18723773956299,0.24212756752967834,0.27226880192756653
,"{'am rhein morgen fünfzehn am niederrhein bis siebzehn grad .', '28September_2010_Tuesday_heute-8355'}",46.92240322249477,32.379534425418335,20.63373300906822,0.0,29.632728827268714,0.0,0.0,0.0,55.34188034186644,33.656553018433485,77.53589153289795,69.57431435585022,0.3647266626358032,0.32934659719467163
,"{'am sonntag unbeständiges wetter teilweise regnet es kräftig auch gewitter sind mit dabei .', '27May_2010_Thursday_tagesschau-8382'}",57.14285714285717,41.93139346887674,24.469914286107727,0.0,49.99999999999999,27.73500981126145,0.0,0.0,60.822898032137594,42.85714285709285,87.26325035095215,83.9840292930603,0.6913557052612305,0.6197973489761353
,"{'29March_2010_Monday_tagesschau-8387', 'dabei breiten sich zum teil kräftige schauer und gewitter aus .'}",45.45454545454545,36.92744729379982,31.1765953881872,24.808415001701817,18.18181818181818,0.0,0.0,0.0,50.77658303457917,20.297349709051105,87.72816061973572,74.58506226539612,0.5969622731208801,0.5463966131210327
,"{'in den nächsten tagen bestimmt das tief über großbritannien unser wetter .', '29March_2010_Monday_tagesschau-8388'}",28.216057496353802,14.735355447829402,0.0,0.0,15.334073577155388,11.324963876393083,0.0,0.0,30.41144901606695,15.94904458594573,71.69807553291321,68.51009726524353,0.23116344213485718,0.15893523395061493
,"{'29March_2010_Monday_tagesschau-8389', 'wechselhaft geht es dann auch ins wochenende .'}",37.5,0.0,0.0,0.0,0.0,0.0,0.0,0.0,41.66666666660742,0.0,82.44851231575012,79.82456684112549,0.3167145252227783,0.1847391426563263
,"{'03September_2010_Friday_tagesschau-8428', 'am tag ist es im westen zunächst noch freundlich sonst sonne und wolken im wechsel nur hier und da schauer .'}",85.7142857142857,74.64200272921784,61.67383923215626,47.782911636821204,42.85714285714285,25.3546276418555,15.012520873927176,0.0,85.7142857142357,38.97804298702606,90.23761749267578,75.33648014068604,0.5099766850471497,0.44267594814300537
,"{'03September_2010_Friday_tagesschau-8429', 'im osten und südosten sind einzelne gewitter möglich .'}",88.8888888888889,81.6496580927726,72.49202486685948,59.694917920196445,33.333333333333336,0.0,0.0,0.0,93.4730056405521,24.253731343216185,97.38861918449402,76.2709379196167,0.7789669036865234,0.7134129405021667
,"{'13August_2009_Thursday_tagesschau-8491', 'am sonntag wieder unbeständiges wetter mit schauern und gewittern die teilweise kräftig sein können .'}",64.17937672981616,49.063258647852145,36.49737110570295,24.401942159605262,46.66666666666667,25.819888974716118,0.0,0.0,68.21911196907547,42.42641780324019,88.03261518478394,79.77596521377563,0.7457366585731506,0.6779424548149109
,"{'am montag wieder wechselhaft und ein wenig kühler .', '13August_2009_Thursday_tagesschau-8492'}",39.77063630286087,29.82797722714566,0.0,0.0,39.77063630286087,29.82797722714566,0.0,0.0,41.87391555808737,41.87391555808737,82.93834328651428,81.75637125968933,0.5131229758262634,0.48549866676330566
,"{'25August_2010_Wednesday_tagesschau-8507', 'von westen macht sich aber im tagesverlauf ein atlantischer tiefausläufer bemerkbar der für teilweise heftige schauer und gewitter sorgt .'}",24.999999999999996,11.470786693528089,0.0,0.0,10.000000000000002,0.0,0.0,0.0,27.11640211633577,10.98901098894259,73.42333197593689,69.55446004867554,0.5320653915405273,0.44382816553115845
,"{'im süden deutschlands wird es morgen dank hochdruckeinfluss noch recht warm .', '25August_2010_Wednesday_tagesschau-8508'}",63.48612936679603,44.206066343488196,0.0,0.0,38.33518394288848,17.906340134265868,0.0,0.0,68.42576028619216,23.923566878939358,86.86602711677551,80.78754544258118,0.6682842969894409,0.5743290781974792
,"{'25August_2010_Wednesday_tagesschau-8509', 'in der nacht kommt von westen kräftiger regen auf der sich im südwesten teilweise ergiebig ausbreitet .'}",52.94117647058824,25.724787771376327,0.0,0.0,47.058823529411775,24.253562503633297,0.0,0.0,50.67258717506885,38.649789029467954,78.91556024551392,77.76545882225037,0.5528890490531921,0.4859614968299866
,"{'25August_2010_Wednesday_tagesschau-8516', 'am tag dreiundzwanzig grad an der nordsee und achtzehn grad im breisgau .'}",30.769230769230774,16.012815380508716,0.0,0.0,15.384615384615385,11.322770341445958,0.0,0.0,23.923566878923538,16.439909296988624,70.77317833900452,71.08655571937561,0.2899433672428131,0.30631330609321594
,"{'und nun die wettervorhersage für morgen dienstag den fünften januar .', '04January_2010_Monday_tagesschau-8544'}",100.00000000000004,100.00000000000004,100.00000000000004,100.00000000000004,81.81818181818183,75.67874686642696,68.26924810955322,58.77283725105324,99.99999999994999,85.32818532812672,100.0,96.44644856452942,0.9669466614723206,0.8320866823196411
,"{'im norden mäßiger bis frischer an der küste zeitweise starker wind .', '04January_2010_Monday_tagesschau-8550'}",49.99999999999999,30.15113445777636,20.870640224232318,0.0,33.333333333333336,24.618298195866544,18.232183586428963,0.0,41.66666666661667,24.999999999950003,83.24862122535706,80.99508881568909,0.5984293818473816,0.5597795844078064
,"{'04January_2010_Monday_tagesschau-8551', 'im süden meist schwacher wind .'}",83.33333333333334,70.71067811865471,49.99999999999999,0.0,33.333333333333336,0.0,0.0,0.0,89.44281524920247,18.571428571359508,86.90252304077148,78.57508659362793,0.829365074634552,0.7089534997940063
,"{'04January_2010_Monday_tagesschau-8552', 'heute nacht minus zwei grad am niederrhein und minus zwei grad an den alpen .'}",58.344887936196514,42.70408529483113,36.619846423295385,32.195554434125114,56.130419101897054,43.305558510994565,34.33766360666812,23.70251900062618,55.81563706560056,57.94405032789144,82.73363709449768,81.84208869934082,0.6077221632003784,0.5142631530761719
,"{'07October_2010_Thursday_heute-8568', 'im westen sind es höchsttemperaturen zwischen achtzehn und dreiundzwanzig im osten dagegen nur zwölf bis siebzehn grad .'}",63.6916720510035,49.15364238948498,35.109841115051616,25.358007468930396,61.13479124209991,46.16125092542971,32.33885697917971,0.0,64.10256410254541,65.89147286818383,86.91732883453369,88.4059488773346,0.7301558256149292,0.7252850532531738
,"{'30July_2011_Saturday_tagesschau-8595', 'der wind weht schwach bis mäßig an der see teilweise frisch mit starken böen .'}",33.438127826776835,18.500758885923073,12.356352868640158,0.0,20.42475568972397,10.570815344595227,0.0,0.0,38.46153846151976,22.90404533904177,80.00315427780151,78.1311571598053,0.31333932280540466,0.32667988538742065
,"{'13November_2009_Friday_tagesschau-8607', 'im laufe des tages verlagert sich der regen in die mitte im westen wird es später freundlicher .'}",55.55555555555555,40.42260417272215,21.695826461089062,0.0,44.44444444444444,32.338083338177725,18.696896462672782,0.0,45.63983248016796,35.05237711516936,81.45174980163574,81.0337245464325,0.5349154472351074,0.5068218111991882
,"{'13November_2009_Friday_tagesschau-8608', 'im westen und nordwesten weht der wind schwach bis mäßig .'}",54.54545454545453,40.45199174779453,33.1300762471962,25.965358893403383,18.18181818181818,0.0,0.0,0.0,60.93189964150868,20.297349709051105,81.95204734802246,75.05253553390503,0.682932436466217,0.6372832655906677
,"{'und da scheint auch noch mal die sonne am vormittag .', '29April_2010_Thursday_heute-8626'}",49.80549361539612,30.158724076130884,0.0,0.0,36.36363636363637,26.96799449852968,0.0,0.0,51.97777051319886,18.961818961760375,85.84665060043335,82.72492289543152,0.7289899587631226,0.7056837677955627
,"{'im laufe des nachmittags bilden sich in bayern einzelne gewitter .', '29April_2010_Thursday_heute-8627'}",63.63636363636361,50.4524979109513,30.467789441246502,0.0,36.36363636363637,19.069251784911845,0.0,0.0,68.64077669896378,30.113944655384127,88.08123469352722,75.72523355484009,0.6080669164657593,0.42010337114334106
,"{'und nun die wettervorhersage für morgen montag den zwölften april .', '11April_2010_Sunday_tagesschau-8632'}",100.00000000000004,100.00000000000004,100.00000000000004,100.00000000000004,81.81818181818183,75.67874686642696,68.26924810955322,58.77283725105324,99.99999999994999,85.32818532812672,100.0,96.5127170085907,0.9655739665031433,0.8332657217979431
,"{'11December_2010_Saturday_tagesschau-8661', 'die schneefallgrenze sinkt dabei auf sechshundert bis einhundert meter .'}",79.99999999999997,66.66666666666661,48.0749856769136,0.0,59.999999999999986,36.514837167011066,25.54364774645176,0.0,83.7478311161928,43.386243386177036,98.0494499206543,91.71330332756042,0.7381653189659119,0.6710507869720459
,"{'am mittwoch ähnliches wetter minus neun bis minus ein grad .', '11December_2010_Saturday_tagesschau-8669'}",51.932979731477616,48.03605677588393,43.33297806880342,40.08711096102352,37.916941549029744,32.47012885792922,29.01619766734501,25.526076207555644,62.520729684898356,44.11389715255474,82.63533115386963,80.19858598709106,0.6124862432479858,0.48215657472610474
,"{'05July_2010_Monday_heute-8688', 'und morgen vor allen dingen in mitteleuropa achtzehn bis sechsundzwanzig grad .'}",61.33629430862157,50.64677814068893,41.36927387662909,34.68626146171918,58.333333333333336,46.056618647183825,34.87691251251088,26.20251007173262,63.796178343907506,58.333333333283335,82.87389278411865,82.71601796150208,0.5854106545448303,0.6185307502746582
,"{'05July_2010_Monday_heute-8689', 'es wird ja in osten europas noch heißer bis fünfundzwanzig grad .'}",30.668147154310777,22.64992775278616,16.774418675190393,0.0,16.666666666666668,0.0,0.0,0.0,31.89808917193299,16.666666666616667,76.33342146873474,73.36614727973938,0.5213077068328857,0.4264727830886841
,"{'und nun die wettervorhersage für morgen montag den fünfundzwanzigsten januar .', '24January_2010_Sunday_tagesschau-8703'}",100.00000000000004,100.00000000000004,100.00000000000004,100.00000000000004,81.81818181818183,75.67874686642696,68.26924810955322,58.77283725105324,99.99999999994999,85.32818532812672,100.0,96.21322751045227,0.9783989787101746,0.8312980532646179
,"{'am dienstag ist es im osten windig dazu verwandelt sich der regen in schauer .', '06October_2012_Saturday_tagesschau-8742'}",46.66666666666667,31.62277660168379,0.0,0.0,13.333333333333334,0.0,0.0,0.0,43.386243386177036,14.704632384121577,81.83586001396179,74.8235285282135,0.4799649715423584,0.42705559730529785
,"{'06October_2012_Saturday_tagesschau-8743', 'in der südwesthälfte regnet es gebietsweise richtung osten ist es teilweise freundlich .'}",23.076923076923073,13.867504905630724,0.0,0.0,7.6923076923076925,0.0,0.0,0.0,25.242414763773358,8.544087491386662,74.29311871528625,72.98058271408081,0.4798535704612732,0.5325632691383362
,"{'11February_2010_Thursday_tagesschau-8761', 'am wochenende wird es vorübergehend trockener aber es bleibt kalt .'}",55.36730085068171,20.530744640169807,0.0,0.0,37.8978599125082,17.77567193972091,0.0,0.0,38.89570552144881,24.659863945546462,85.78387498855591,86.1616313457489,0.7264826893806458,0.6968305110931396
,"{'11September_2009_Friday_tagesschau-8771', 'und nun die wettervorhersage für morgen samstag den zwölften september .'}",100.00000000000004,100.00000000000004,100.00000000000004,100.00000000000004,100.00000000000004,83.66600265340763,72.99198566479815,61.79654585112238,99.99999999994999,90.9090909090409,100.0,96.279376745224,0.9818661212921143,0.8830346465110779
,"{'es lenkt kühlere luft nach deutschland .', '11September_2009_Friday_tagesschau-8772'}",42.94155960430207,32.79715789102869,25.28557067361726,0.0,12.383969996431166,0.0,0.0,0.0,48.50746268654467,13.216374268970297,83.17604660987854,77.18285918235779,0.5638492703437805,0.43664664030075073
,"{'tiefdruckgebiete bestimmen unser wetter nur noch schwacher wind .', '11September_2009_Friday_tagesschau-8773'}",22.22222222222222,0.0,0.0,0.0,11.111111111111109,0.0,0.0,0.0,22.222222222172224,11.684125705016255,73.7818956375122,72.46103882789612,0.3981112837791443,0.40127766132354736
,"{'sonst mal sonne mal wolken .', '11September_2009_Friday_tagesschau-8780'}",47.76875403825263,26.16402413066696,0.0,0.0,28.216057496353802,0.0,0.0,0.0,54.945054945036254,30.41144901606695,83.70819091796875,81.72377347946167,0.5996173024177551,0.5370742678642273
,"{'der wind weht schwach bis mäßig an der nordsee sowie auf den bergen teilweise frisch .', '11September_2009_Friday_tagesschau-8781'}",62.50000000000002,57.73502691896257,55.03212081491043,52.664038784792666,56.24999999999999,54.772255750516635,53.13292845913057,51.2949710782752,62.49999999994999,56.24999999994999,91.9906497001648,90.23873209953308,0.7217814922332764,0.668769896030426
,"{'heute nacht vierzehn bis sieben grad .', '11September_2009_Friday_tagesschau-8782'}",48.40441045780793,36.969479148769494,24.899050999780567,0.0,37.22508900177462,20.103845774637964,0.0,0.0,60.931899641572784,33.28369322411305,85.7414186000824,83.8909924030304,0.7261565327644348,0.6560479998588562
,"{'01July_2010_Thursday_tagesschau-8797', 'am sonntag vor allem im südosten einzelne gewitter sonst scheint verbreitet die sonne .'}",46.1210141145937,33.843571825396296,24.883569358266897,18.336673852940624,24.76793999286233,12.851453016368652,0.0,0.0,50.67258717510512,19.824561403473222,88.12843561172485,73.93618822097778,0.501098096370697,0.3107115626335144
,"{'heute nacht werte zwischen neunzehn und vierzehn grad im südosten bis zwölf grad .', '21August_2010_Saturday_tagesschau-8822'}",71.42857142857146,62.01736729460425,54.317337042333705,49.132705481444226,57.14285714285717,41.93139346887674,30.830160098190408,22.718709780542323,76.0286225401877,54.4539877299943,92.40026473999023,90.3710126876831,0.7440766096115112,0.6264726519584656
aber erfreuliche nachricht .,,,,,,,,,,,,,,,
es scheint häufig die sonne .,,,,,,,,,,,,,,,
am samstag ist es wieder unbeständig .,,,,,,,,,,,,,,,
am freundlichsten ist es noch im nordosten sowie in teilen bayerns .,,,,,,,,,,,,,,,
am sonntag ab und an regenschauer teilweise auch gewitter .,,,,,,,,,,,,,,,
im südosten regnet es teilweise länger .,,,,,,,,,,,,,,,
und nun die wettervorhersage für morgen samstag den zweiten april .,,,,,,,,,,,,,,,
nordöstlich der elbe halten sich heute nacht noch viele wolken die anfangs auch noch ein paar tropfen bringen .,,,,,,,,,,,,,,,
am montag überall wechselhaft und deutlich kühler .,,,,,,,,,,,,,,,
aber ab dienstag wird es langsam wieder freundlicher und wärmer .,,,,,,,,,,,,,,,
der wind weht mäßig bis frisch mit starken bis stürmischen böen im bergland teilweise schwere sturmböen im südosten mitunter nur schwacher wind .,,,,,,,,,,,,,,,
am sonntag vor allem in der südosthälfte gewitterschauer sonst setzt sich wieder meist die sonne durch .,,,,,,,,,,,,,,,
liebe zuschauer guten abend .,,,,,,,,,,,,,,,
richtung norden und westen ist es recht freundlich .,,,,,,,,,,,,,,,
der wind weht meist mäßig im osten und an der see frischer wind mit starken böen in den hochlagen der osthälfte sturmböen .,,,,,,,,,,,,,,,
in den übrigen gebieten viel sonne und nur ein paar lockere wolken .,,,,,,,,,,,,,,,
am tag zwölf grad an der ostsee und bis zwanzig grad in niederbayern .,,,,,,,,,,,,,,,
auch am montag mehr wolken als sonne teilweise regnet es länger und kräftig auch gewitter sind dabei .,,,,,,,,,,,,,,,
auch morgen erwartet uns eine ruhige herbstmischung aus hochnebel wolken und sonne .,,,,,,,,,,,,,,,
später breiten sich aber nebel oder hochnebelfelder aus .,,,,,,,,,,,,,,,
die halten sich morgen recht zäh .,,,,,,,,,,,,,,,
am sonntag im norden und in der mitte schauer dabei ist es im norden stürmisch .,,,,,,,,,,,,,,,
im süden freundliches wetter .,,,,,,,,,,,,,,,
heute nacht zwölf grad in der kölner bucht ein grad in brandenburg .,,,,,,,,,,,,,,,
am tag elf grad im vogtland und einundzwanzig grad am oberrhein .,,,,,,,,,,,,,,,
in den mittelgebirgen heute nacht örtlich vier im nordwesten unter wolken bis zwölf grad .,,,,,,,,,,,,,,,
morgen überwiegen in der nordosthälfte die wolken und es fallen einzelne schauer .,,,,,,,,,,,,,,,
milder bleibt es unter den regenwolken im osten mit fünfzehn sechzehn grad .,,,,,,,,,,,,,,,
und nun die wettervorhersage für morgen donnerstag den dritten dezember .,,,,,,,,,,,,,,,
im osten und südosten neben teilweise zähen nebelfeldern eine trockene mischung aus sonne und wolken .,,,,,,,,,,,,,,,
ein tief über der ostsee bringt dem norden deutschlands noch schnee .,,,,,,,,,,,,,,,
der nordosten deutschlands liegt morgen dank hochdruckeinfluss meist auf der sonnenseite .,,,,,,,,,,,,,,,
auch in sachsen wird es zum teil kräftig weiter regnen .,,,,,,,,,,,,,,,
und nun die wettervorhersage für morgen donnerstag den dritten märz .,,,,,,,,,,,,,,,
sehr milde luft strömt zu uns .,,,,,,,,,,,,,,,
in der südosthälfte deutschlands bleibt es morgen unter leichtem hochdruckeinfluss noch recht freundlich .,,,,,,,,,,,,,,,
am tag neunzehn grad an der nordsee und sechsundzwanzig grad in teilen thüringens und sachsens .,,,,,,,,,,,,,,,
darunter zum teil schneeregen .,,,,,,,,,,,,,,,
im norden wird es dagegen noch trocken sein .,,,,,,,,,,,,,,,
da haben wir am morgen schnee und schneeregen .,,,,,,,,,,,,,,,
samstag beruhigt es sich etwas .,,,,,,,,,,,,,,,
und etwas kälter wird es dann im laufe des sonntags von osten .,,,,,,,,,,,,,,,
ich wünsche ihnen einen schönen abend und machen sie es gut .,,,,,,,,,,,,,,,
deutschland bleibt unter tiefdruckeinfluss und in den nächsten tagen erwartet uns meist trübes wetter mit ein wenig regen oder schnee .,,,,,,,,,,,,,,,
heute nacht gibt es an der oder noch einzelne schneeschauer .,,,,,,,,,,,,,,,
örtlich ist gefrierender regen dabei richtung nordosten auch schnee .,,,,,,,,,,,,,,,
dazu weht ein schwacher bis mäßiger wind aus südost bis süd .,,,,,,,,,,,,,,,
dort morgen sieben grad nordöstlich der elbe teilweise nur minus ein grad .,,,,,,,,,,,,,,,
am sonntag vor allem im osten und süden noch schauer oder gewitter sonst überwiegend freundlich .,,,,,,,,,,,,,,,
in der neuen woche kühlt es dann bei wechselhaftem wetter deutlich ab .,,,,,,,,,,,,,,,
in den übrigen landesteilen wird es meist freundlich dank einer hochdruckzone die von der biskaya bis zu den shetlandinseln reicht .,,,,,,,,,,,,,,,
am dienstag ist es in der westhälfte meist freundlich ansonsten stellenweise schauer oder gewitter .,,,,,,,,,,,,,,,
das hoch über der nordsee bestimmt morgen im ganzen land das wetter .,,,,,,,,,,,,,,,
auch am wochenende sorgt es für viel sonnenschein bei weiter steigenden temperaturen .,,,,,,,,,,,,,,,
am tag sechzehn grad an der ostsee und bis zu siebenundzwanzig grad am oberrhein .,,,,,,,,,,,,,,,
vor allem im süden können die gewitter unwetterartig ausfallen .,,,,,,,,,,,,,,,
am mittwoch eine mischung aus sonne wolken und nebelfeldern im nordwesten hier und da schauer sonst ist es trocken .,,,,,,,,,,,,,,,
dabei breiten sich heute nacht von nordwesten regenfälle bis in die mitte aus .,,,,,,,,,,,,,,,
am tag ist es im westen freundlich sonst sonne und dichtere wolken im wechsel hier und da fallen einzelne schauer .,,,,,,,,,,,,,,,
im osten und südosten sind gewitter möglich .,,,,,,,,,,,,,,,
am dienstag ist es meist freundlich im nordosten halten sich dichtere wolken mit etwas regen .,,,,,,,,,,,,,,,
der tag beginnt ganz im osten noch freundlich später zeigt sich dann auch im nordwesten häufiger die sonne sonst überwiegen die wolken .,,,,,,,,,,,,,,,
vielerorts gibt es schauer und gewitter die heftig ausfallen können .,,,,,,,,,,,,,,,
und nun die wettervorhersage für morgen samstag den fünften dezember .,,,,,,,,,,,,,,,
nach einer kurzen wetterberuhigung erreicht uns morgen von westen ein neuer tiefausläufer .,,,,,,,,,,,,,,,
der sorgt wieder für wolken die regen im bergland auch schnee bringen .,,,,,,,,,,,,,,,
ab sonntag wird es wieder milder dabei gibt es viele wolken zeitweise fällt regen im nordwesten windig .,,,,,,,,,,,,,,,
montag und dienstag wechselhaft hier und da zeigt sich aber auch die sonne .,,,,,,,,,,,,,,,
und nun die wettervorhersage für morgen sonntag den fünften dezember .,,,,,,,,,,,,,,,
sehr windiges wetter am dienstag regen schnee und graupelschauer .,,,,,,,,,,,,,,,
im süden regnet oder schneit es länger .,,,,,,,,,,,,,,,
guten abend liebe zuschauer .,,,,,,,,,,,,,,,
und nun die wettervorhersage für morgen dienstag den fünften januar .,,,,,,,,,,,,,,,
im norden mäßiger wind an den küsten weht er teilweise frisch .,,,,,,,,,,,,,,,
im süden schwacher wind .,,,,,,,,,,,,,,,
heute nacht minus zwei grad an der nordsee und bis minus zwanzig grad in einzelnen alpentälern .,,,,,,,,,,,,,,,
dazwischen ist es freundlicher .,,,,,,,,,,,,,,,
abseits der gewittern weht der wind schwach bis mäßig an der küste frisch .,,,,,,,,,,,,,,,
der wind weht meist schwach und kommt aus unterschiedlichen richtungen .,,,,,,,,,,,,,,,
am montag ist es wechselhaft mal sonne mal wolken vor allem in der osthälfte einige kräftige schauer und gewitter .,,,,,,,,,,,,,,,
wenn der verschwunden ist zeigt sich morgen im süden die sonne während sich die wolken weiter richtung donau ausbreiten und dabei immer größere lücken bekommen .,,,,,,,,,,,,,,,
der donnerstag wird dann richtig krass da erwarten wir unwetter in deutschland und große temperaturunterschiede sechs bis zwanzig grad .,,,,,,,,,,,,,,,
allerdings sie sehen die regenwolken die erreichen mitteleuropa nicht .,,,,,,,,,,,,,,,
denn auch morgen gibt es also keine schauer mehr stattdessen viel sonnenschein da freuen sich die meisten natürlich drüber .,,,,,,,,,,,,,,,
die temperaturen sind außer jetzt im regen wo es ein bisschen kühler bleibt doch ganz erfreulich .,,,,,,,,,,,,,,,
am niederrhein heute nacht vierzehn im osten örtlich nur sechs grad .,,,,,,,,,,,,,,,
im erzgebirge morgen dreizehn sonst fünfzehn bis zweiundzwanzig grad .,,,,,,,,,,,,,,,
milde luft kommt aus dem südwesten .,,,,,,,,,,,,,,,
westlich des rheins und im nordosten bleibt es meist trocken .,,,,,,,,,,,,,,,
dabei ist es teils stark bewölkt oder neblig trüb teils freundlich mit sonnenschein .,,,,,,,,,,,,,,,
ein weiteres tief das morgen über spanien liegt sorgt dann am freitag bei uns dafür dass es kräftig schneit .,,,,,,,,,,,,,,,
vor allem in richtung küste sowie im südwesten kann es in der nacht etwas schneien .,,,,,,,,,,,,,,,
am wochenende setzt sich das starke tauwetter fort begleitet von weiteren regenfällen .,,,,,,,,,,,,,,,
also wir haben morgen höchsttemperaturen in mitteleuropa von achtzehn bis sechsundzwanzig grad .,,,,,,,,,,,,,,,
östlich also über osteuropa noch hochsommerlich warm mit um die fünfundzwanzig grad .,,,,,,,,,,,,,,,
vom südwesten bis in die mitte bleibt es meist trocken .,,,,,,,,,,,,,,,
morgen temperaturen von achtzehn grad an der küste bis sechsundzwanzig im breisgau .,,,,,,,,,,,,,,,
sie ziehen in der nacht zum montag über uns hinweg .,,,,,,,,,,,,,,,
in der kommenden nacht ist es meist klar .,,,,,,,,,,,,,,,
am dienstag vor allem richtung osten längere freundliche abschnitte daneben aber auch schauer und gewitter .,,,,,,,,,,,,,,,
auch morgen in der mitte und im süden gebietsweise stärkere bewölkung .,,,,,,,,,,,,,,,
in den östlichen berglagen sowie am alpenrand ist ein wenig schnee möglich .,,,,,,,,,,,,,,,
morgen reichen die temperaturen von einem grad im vogtland bis neun grad am oberrhein .,,,,,,,,,,,,,,,
das kräftige mittelmeertief dehnt seinen einfluss weiter nach norden aus und sorgt morgen in fast ganz deutschland für einen wolkenverhangenen himmel .,,,,,,,,,,,,,,,
im norden bleibt es morgen erst noch trocken sonst fällt verbreitet teilweise ergiebiger regen .,,,,,,,,,,,,,,,
in teilen bayerns und sachsens gibt es neben schauern und gewittern auch wolkenlücken .,,,,,,,,,,,,,,,
am tag vor allem im norden regen .,,,,,,,,,,,,,,,
am wochenende wird es dann etwas wärmer das ganze bei wechselhaftem wetter mit schauern gewittern und gelegentlichem sonnenschein .,,,,,,,,,,,,,,,
dazu weht nur ein leichter südwind .,,,,,,,,,,,,,,,
der teilweise kräftige regen breitet sich im tagesverlauf über die mitte weiter nach süden aus .,,,,,,,,,,,,,,,
dazu weht ein starker wind vor allen dingen wieder über vorpommern aus südost .,,,,,,,,,,,,,,,
in der nacht an der see noch stürmische böen .,,,,,,,,,,,,,,,
morgen scheint dann wieder überall die sonne .,,,,,,,,,,,,,,,
sonst viel sonne ein paar lockere wolken im nordwesten fallen am nachmittag einzelne schauer .,,,,,,,,,,,,,,,
besonders in der südwesthälfte bildet sich nebel richtung nordosten auch wolkenlücken .,,,,,,,,,,,,,,,
am alpenrand gibt es auch morgen noch leichten schneefall .,,,,,,,,,,,,,,,
der wind weht meist schwach aus ost bis nordost .,,,,,,,,,,,,,,,
es sorgt nämlich am und ab freitag dafür dass es bei uns stärker schneit .,,,,,,,,,,,,,,,
auch am wochenende schneit es zeitweise .,,,,,,,,,,,,,,,
es bleibt windig .,,,,,,,,,,,,,,,
die wassermassen die da zusammenkommen können überschwemmungen verursachen .,,,,,,,,,,,,,,,
der wind weht meist schwach aus unterschiedlichen richtungen .,,,,,,,,,,,,,,,
an der see lebt er auch mal ein wenig auf und kommt aus west .,,,,,,,,,,,,,,,
später ist es meist trocken .,,,,,,,,,,,,,,,
gewitterschauer örtlich mit hagel starkregen und sturmböen ziehen in der nacht ostwärts im norden regnet es länger .,,,,,,,,,,,,,,,
der wind weht schwach bis mäßig am meer auch frisch .,,,,,,,,,,,,,,,
heute nacht zwölf grad in der kölner bucht und ein grad im bayerischen wald .,,,,,,,,,,,,,,,
am tag werte zwischen zwanzig und achtundzwanzig grad an der ostsee werte darunter .,,,,,,,,,,,,,,,
schwacher bis mäßiger auf den bergen in böen auch starker wind in der nordhälfte aus ost bis nordost sonst aus unterschiedlichen richtungen .,,,,,,,,,,,,,,,
morgen vormittag an der ostsee noch starke böen sonst weht der wind schwach bis mäßig aus ost bis südost .,,,,,,,,,,,,,,,
und das mit tief ophelia das die kaltluft mit kräftigen schauern richtung mitteleuropa treibt .,,,,,,,,,,,,,,,
in den alpen wird es dann sogar schneien .,,,,,,,,,,,,,,,
im westen und nordwesten fallen einzelne schauer .,,,,,,,,,,,,,,,
frischer wind mit starken bis stürmischen böen bei schauern an der nordsee und auf den bergen teilweise sturmböen .,,,,,,,,,,,,,,,
dort wird es am dienstag windig dazu gibt es einzelne schauer .,,,,,,,,,,,,,,,
im süden und südwesten gebietsweise regen sonst recht freundlich .,,,,,,,,,,,,,,,
morgen wieder schwacher im norden mäßiger wind aus süd bis südwest an der nordsee starke böen .,,,,,,,,,,,,,,,
heute nacht werte zwischen vierzehn grad an der see und vier grad an den alpen .,,,,,,,,,,,,,,,
schwacher bis mäßiger im norden auch frischer wind aus ost bis südost an der nordsee und auf den bergen ist er stark mit stürmischen böen .,,,,,,,,,,,,,,,
am donnerstag noch unbeständig aber ab freitag wird es von westen langsam freundlicher .,,,,,,,,,,,,,,,
hallo und guten abend liebe zuschauer .,,,,,,,,,,,,,,,
und morgen wird es dann in der südosthälfte nochmal ähnlich werden wie heute allerdings im nordwesten bereits dichtere wolken .,,,,,,,,,,,,,,,
in den nächsten tagen wird das dann nicht mehr der fall sein dann wird es insgesamt ein bisschen kühler vor allen dingen zum wochenende hin .,,,,,,,,,,,,,,,
und nun die wettervorhersage für morgen donnerstag den achten april .,,,,,,,,,,,,,,,
mehr wolken als sonne gibt es im norden und osten tropfen fallen nur vereinzelt .,,,,,,,,,,,,,,,
es gelten entsprechende warnungen des deutschen wetterdienstes .,,,,,,,,,,,,,,,
richtung südwesten und nordosten lässt sich die sonne auch mal blicken .,,,,,,,,,,,,,,,
mit föhnunterstützung klettern die temperaturen am alpenrand bis zehn grad .,,,,,,,,,,,,,,,
am freitag schneit es im westen und süden ab und an in tiefen lagen im westen auch regen .,,,,,,,,,,,,,,,
im südwesten morgen werte um den gefrierpunkt im osten bis minus sieben grad .,,,,,,,,,,,,,,,
guten abend liebe zuschauer .,,,,,,,,,,,,,,,
also die temperaturen im westen wieder zwischen etwa achtzehn und dreiundzwanzig grad im osten sind es aber nur noch zwölf bis siebzehn grad .,,,,,,,,,,,,,,,
und nun die wettervorhersage für morgen freitag den achten oktober .,,,,,,,,,,,,,,,
vor allem im norden zeigen sich heute nacht noch dichte wolken vereinzelt fällt etwas regen .,,,,,,,,,,,,,,,
besonders in der südhälfte gibt es nebel oder hochnebel der sich morgen wieder teilweise zäh halten kann .,,,,,,,,,,,,,,,
vier grad heute nacht im allgäu sowie an der oder dreizehn grad an der nordsee .,,,,,,,,,,,,,,,
das ruhige trockene und zum teil recht freundliche hochdruckwetter begleitet uns auch in den nächsten tagen .,,,,,,,,,,,,,,,
an der ostsee heute nacht örtlich stürmische böen .,,,,,,,,,,,,,,,
morgen schwacher bis mäßiger an der see frischer wind aus südwest bis west .,,,,,,,,,,,,,,,
und nun die wettervorhersage für morgen mittwoch den achten september .,,,,,,,,,,,,,,,
schwacher bis mäßiger im norden zum teil frischer südost bis ostwind der im südwesten später auf südwest dreht an den küsten bläst er stark mit stürmischen böen .,,,,,,,,,,,,,,,
das tief sorgt auch noch für wolken aber es fällt nur wenig regen .,,,,,,,,,,,,,,,
morgen reichen die temperaturen von neun grad an der ostsee bis siebzehn grad im breisgau .,,,,,,,,,,,,,,,
auch die neue woche beginnt durchwachsen und recht kühl .,,,,,,,,,,,,,,,
guten abend liebe zuschauer .,,,,,,,,,,,,,,,
es wird morgen ein ziemlich trüber tag bei uns in deutschland .,,,,,,,,,,,,,,,
zunächst regnet es richtung südosten noch etwas im bergland auch schnee am nachmittag regnet es im westen und nordwesten .,,,,,,,,,,,,,,,
es bleibt meist trüb wie auf diesem bild hier .,,,,,,,,,,,,,,,
und im westen haben wir kaum noch schnee aber es gibt eben auch ausnahmen die mittelgebirge .,,,,,,,,,,,,,,,
dazu im westen allerdings etwas milder mit minus vier bis minus sieben grad .,,,,,,,,,,,,,,,
morgen erwartet uns nochmals recht ruhiges und vielerorts trockenes winterwetter .,,,,,,,,,,,,,,,
im süden mäßiger wind nach norden weht er frisch bis stark mit einzelnen sturmböen an der ostsee und auf den bergen sind orkanartige böen möglich .,,,,,,,,,,,,,,,
richtung osten ist es meist sonnig .,,,,,,,,,,,,,,,
auch am montag neben sonne zum teil schwere gewitter .,,,,,,,,,,,,,,,
die wolken eines tiefs bei schottland erreichen uns morgen von westen her .,,,,,,,,,,,,,,,
für teile südbayerns gelten warnungen des deutschen wetterdienstes da in der nacht dort wie auch im süden sich hier und da gewitter entladen .,,,,,,,,,,,,,,,
in der südosthälfte deutschlands bleibt es unter leichtem hochdruckeinfluss noch am längsten freundlich aber auch dort kann es später kräftig krachen .,,,,,,,,,,,,,,,
in der nordwesthälfte morgen mal sonne mal wolken und immer wieder zum teil kräftige am nachmittag auch gewittrige schauer .,,,,,,,,,,,,,,,
donnerstag und freitag ändert sich wenig an diesem wetter .,,,,,,,,,,,,,,,
die schwüle hitze in dem noch etwas zu und die gewitter können lokal unwetterartig sein .,,,,,,,,,,,,,,,
in deutschland gibt es nur schwache luftdruckunterschiede .,,,,,,,,,,,,,,,
vom mittelmeer fließt feuchte luft heran in der sich zum teil kräftige gewitter entwickeln können .,,,,,,,,,,,,,,,
guten abend liebe zuschauer .,,,,,,,,,,,,,,,
das wetter in europa hat viel zu bieten .,,,,,,,,,,,,,,,
das wetter in teilen europas wird in den kommenden beiden tagen bestimmt von einem umfangreichen tiefdruckgebiet .,,,,,,,,,,,,,,,
und nun die wettervorhersage für morgen freitag den neunten oktober .,,,,,,,,,,,,,,,
an der ostsee heute nacht stürmische böen aus west .,,,,,,,,,,,,,,,
morgen schwacher bis mäßiger ostwind .,,,,,,,,,,,,,,,
am samstag überquert uns ein regengebiet von west nach ost .,,,,,,,,,,,,,,,
im osten aber erst noch freundliche abschnitte .,,,,,,,,,,,,,,,
auch im westen gibt es später wolkenlücken .,,,,,,,,,,,,,,,
am tag von schleswig holstein bis nach vorpommern und zunächst auch in brandenburg gebietsweise länger andauernder regen .,,,,,,,,,,,,,,,
am samstag regnet es noch etwas in küstennähe sonst meist freundlich und trocken .,,,,,,,,,,,,,,,
abseits der gewitter schwacher bis mäßiger wind .,,,,,,,,,,,,,,,
ganz anders die trockene hitze über russland mit fünfunddreißig bis vierzig grad .,,,,,,,,,,,,,,,
das bleibt auch noch in dieser woche so so dass die brände weiter schwelen werden .,,,,,,,,,,,,,,,
bei uns wird es richtig frisch heute nacht im südosten da sind es zehn elf grad etwa .,,,,,,,,,,,,,,,
am samstag schneit es nur gebietsweise etwas .,,,,,,,,,,,,,,,
zunächst ist das gewitterrisiko nur im westen erhöht von tag zu tag steigt es aber auch richtung osten .,,,,,,,,,,,,,,,
die nächte werden auch im moment jetzt sehr warm sein .,,,,,,,,,,,,,,,
die kommende nacht teilweise nicht unter zwanzig grad in einigen städten .,,,,,,,,,,,,,,,
zusammen mit der schwül heißen luft sorgt es für zum teil heftige gewitter .,,,,,,,,,,,,,,,
der deutsche wetterdienst hat entsprechende unwetterwarnungen herausgegeben .,,,,,,,,,,,,,,,
und das wetter im südöstlichen mittelmeer das beruhigt sich nur langsam .,,,,,,,,,,,,,,,
jetzt wünsche ich ihnen noch einen schönen abend .,,,,,,,,,,,,,,,
die gewitterfront heute nacht noch über dem osten und dabei anfangs auch noch einzelne unwetterartige gewitter .,,,,,,,,,,,,,,,
entweder über den teletext oder auch über das internet .,,,,,,,,,,,,,,,
mit der leicht kühleren luft dann bis vierundzwanzig grad in der nordhälfte .,,,,,,,,,,,,,,,
im süden oder in der mitte auch bis siebenundzwanzig grad .,,,,,,,,,,,,,,,
und vor allem im nordwesten kann die sonne rauskommen bei einem frischen nord bis nordostwind .,,,,,,,,,,,,,,,
samstag fällt auch noch schnee .,,,,,,,,,,,,,,,
teilweise im nordwesten ein bisschen schneeregen .,,,,,,,,,,,,,,,
das heißt weitere schneefälle und leichten bis mäßigen dauerfrost .,,,,,,,,,,,,,,,
am wochenende beruhigt sich dann das wetter langsam .,,,,,,,,,,,,,,,
am samstag schneit es gebietsweise leicht ganz im norden lichtblicke .,,,,,,,,,,,,,,,
es sorgt von westen für regen schnee und glätte .,,,,,,,,,,,,,,,
im verlauf der woche geht es dann unbeständig und sehr mild weiter .,,,,,,,,,,,,,,,
sonnig geht es auch ins wochenende samstag ein herrlicher tag mit temperaturen bis siebzehn grad hier im westen .,,,,,,,,,,,,,,,
heute nacht sind im süden anfangs noch einzelne gewitter möglich sonst fällt nur hier und da regen stellenweise bildet sich nebel .,,,,,,,,,,,,,,,
und nun die wettervorhersage für morgen montag den zwölften april .,,,,,,,,,,,,,,,
südlich des mains morgen verbreitet freundlich .,,,,,,,,,,,,,,,
ansonsten viele wolken die erst im norden später auch in der mitte mancherorts regenschauer und vereinzelte gewitter bringen .,,,,,,,,,,,,,,,
schwacher im norden auch mäßiger an der küste frischer und zeitweise stark böiger westwind .,,,,,,,,,,,,,,,
und nun die wettervorhersage für morgen samstag den zwölften dezember .,,,,,,,,,,,,,,,
die schneefallgrenze sinkt auf sechshundert bis dreihundert meter .,,,,,,,,,,,,,,,
und daran ändert sich auch am mittwoch nichts bei minus neun bis minus ein grad .,,,,,,,,,,,,,,,
im laufe des wochenendes wird es dann immer trockener kalt bleibt es aber .,,,,,,,,,,,,,,,
und nun die wettervorhersage für morgen mittwoch den zwölften januar .,,,,,,,,,,,,,,,
in der nacht ist im nordosten in ostbayern und im bergland teilweise schnee oder gefrierender regen möglich .,,,,,,,,,,,,,,,
im süden verläuft der tag teilweise freundlich .,,,,,,,,,,,,,,,
und nun die wettervorhersage für morgen sonntag den zwölften juli .,,,,,,,,,,,,,,,
in der nacht sinken die temperaturen auf vierzehn bis sieben grad .,,,,,,,,,,,,,,,
morgen höchstwerte zwischen siebzehn grad im emsland und fünfundzwanzig grad am oberrhein .,,,,,,,,,,,,,,,
auch am dienstag und mittwoch mal sonne mal wolken dazu schauer in der südosthälfte teils schwere gewitter .,,,,,,,,,,,,,,,
heute nacht ist es meist nur locker bewölkt oder klar im nordwesten gibt es auch mal ein paar dichtere wolken .,,,,,,,,,,,,,,,
morgen vormittag bleibt von dem ganzen starken regen noch hier im osten einige gewitter hängen in brandenburg starker regen in vorpommern und an der ostsee .,,,,,,,,,,,,,,,
und so warm mit zwanzig grad wird es nicht mehr in den nächsten tagen .,,,,,,,,,,,,,,,
am donnerstag regnet es vor allem im süden und osten mancherorts .,,,,,,,,,,,,,,,
später ziehen dort auch wolken mit etwas regen auf .,,,,,,,,,,,,,,,
der wind weht schwach bis mäßig aus süd bis südwest .,,,,,,,,,,,,,,,
teilweise kräftiger regen zieht heute nacht über uns ostwärts .,,,,,,,,,,,,,,,
dahinter lockert es im norden und der mitte teilweise auf an der nordsee vereinzelt kurze gewitter .,,,,,,,,,,,,,,,
und nun die wettervorhersage für morgen samstag den zwölften september .,,,,,,,,,,,,,,,
relativ kühle luft strömt zu uns nach deutschland .,,,,,,,,,,,,,,,
tiefausläufer erreichen uns zunächst nur in abgeschwächter form .,,,,,,,,,,,,,,,
sonst ein wechsel aus sonne und wolken .,,,,,,,,,,,,,,,
der wind weht schwach bis mäßig an der nordsee und im bergland auch frischer wind .,,,,,,,,,,,,,,,
heute nacht liegen die werte zwischen vierzehn und sieben grad .,,,,,,,,,,,,,,,
morgen bleibt durch diese wetterlage der norden begünstigt mit relativ viel sonne hauptsächlich an der nordsee .,,,,,,,,,,,,,,,
am donnerstag ist es in der südosthälfte weiterhin wechselhaft nach nordwesten hin ist es freundlich .,,,,,,,,,,,,,,,
am freitag teils sonne teils wolken im äußersten süden anfangs noch regnerisch .,,,,,,,,,,,,,,,
quer über deutschland liegt eine luftmassengrenze die kühlere meeresluft von heißer luft aus dem südosten trennt .,,,,,,,,,,,,,,,
in der nacht schneit es ab und zu leicht an den küsten sowie anfangs auch in tiefen lagen ist regen mit dabei .,,,,,,,,,,,,,,,
der sternenklare himmel im westen der täuscht denn morgen wird es wieder regnen .,,,,,,,,,,,,,,,
im westen allerdings nimmt die bewölkung später zu und es beginnt zu regnen .,,,,,,,,,,,,,,,
in den bergen anfangs ist auch schnee dabei .,,,,,,,,,,,,,,,
sonst zieht das regengebiet nach osten .,,,,,,,,,,,,,,,
atlantische tiefausläufer bringen uns die ganze woche über regenfälle und zum teil stürmische winde .,,,,,,,,,,,,,,,
heute nacht wird es aber nochmal ziemlich eisig vor allen dingen in den mittelgebirgen .,,,,,,,,,,,,,,,
und im laufe der nacht oder gegen morgen wahrscheinlich erst wird es dann im südwesten anfangen zu schneien .,,,,,,,,,,,,,,,
die hochwassergefahr steigt wieder es gelten entsprechende unwetterwarnungen des deutschen wetterdienstes .,,,,,,,,,,,,,,,
im westen und nordwesten beruhigt sich das wetter später wieder .,,,,,,,,,,,,,,,
morgen gibt es im osten und südosten bei einer mischung aus sonne und wolken zum teil kräftige schauer oder gewitter .,,,,,,,,,,,,,,,
und in dieser kühleren eigentlich angenehmeren luft gibt es am donnerstag zumindest im norden noch kräftigen regen stürmischen wind .,,,,,,,,,,,,,,,
am samstag regnet es im südosten und an der ostsee dort ist es teilweise windig sonst regnet es nur vereinzelt teilweise zeigt sich die sonne .,,,,,,,,,,,,,,,
und nun die wettervorhersage für morgen dienstag den dreizehnten oktober .,,,,,,,,,,,,,,,
im westen ist es freundlich .,,,,,,,,,,,,,,,
ähnliches wetter dann auch am donnerstag .,,,,,,,,,,,,,,,
am freitag insgesamt viele wolken die regen bringen .,,,,,,,,,,,,,,,
im osten und südosten auch schnee oder schneeregen .,,,,,,,,,,,,,,,
sonst sorgt die hochdruckzone die vom atlantik bis nach skandinavien reicht für freundliches wetter .,,,,,,,,,,,,,,,
am tag sieben grad an der ostsee und fünfzehn grad am rhein .,,,,,,,,,,,,,,,
am samstag viel sonnenschein vor allem an alpen und küsten ist es auch mal wolkig .,,,,,,,,,,,,,,,
am sonntag wird es wieder unbeständiger mit einzelnen schauern und gewittern die örtlich heftig sein können .,,,,,,,,,,,,,,,
die neue woche beginnt noch wechselhaft und etwas kühler .,,,,,,,,,,,,,,,
im norden und westen morgen zwanzig bis dreiundzwanzig sonst sommerliche fünfundzwanzig bis neunundzwanzig grad .,,,,,,,,,,,,,,,
an der ostseeküste heute nacht minus zwei am alpenrand bis minus fünfzehn grad .,,,,,,,,,,,,,,,
am freitag beruhigt sich das wetter wieder .,,,,,,,,,,,,,,,
deutschland liegt zwischen einem tief bei irland und einem mittelmeerhoch .,,,,,,,,,,,,,,,
das hoch lenkt schwül heiße luft in den südosten das tief nur mäßig warme meeresluft in den nordwesten .,,,,,,,,,,,,,,,
an der luftmassengrenze kommt es zu teilweise starken und gewittrigen regenfällen .,,,,,,,,,,,,,,,
und die breiten sich heute nacht von rheinland pfalz und baden württemberg bis nach thüringen aus .,,,,,,,,,,,,,,,
tiefer luftdruck sorgt für regenfälle die teilweise lang anhaltend und ergiebig sind .,,,,,,,,,,,,,,,
im weiteren verlauf breitet sich der regen richtung osten aus dann wird es im westen freundlicher .,,,,,,,,,,,,,,,
im westen und nordwesten frischer wind .,,,,,,,,,,,,,,,
ähnliches wetter auch am donnerstag .,,,,,,,,,,,,,,,
am freitag ist es im südwesten zunächst freundlich .,,,,,,,,,,,,,,,
sonst regnet es zeitweise .,,,,,,,,,,,,,,,
und nun die wettervorhersage für morgen dienstag den vierzehnten september .,,,,,,,,,,,,,,,
wechselhaft dagegen bleibt es auch weiter in richtung südosten schuld daran ist das tief über ungarn .,,,,,,,,,,,,,,,
deutschland liegt morgen unter hochdruckeinfluss der die wolken weitgehend vertreibt .,,,,,,,,,,,,,,,
am sonntag im nordwesten eine mischung aus sonne und wolken mit einigen zum teil gewittrigen schauern .,,,,,,,,,,,,,,,
örtlich schauer oder gewitter die heftig sein können .,,,,,,,,,,,,,,,
dabei kommt es zu heftigen schauern und gewittern die teilweise unwetterartig sein können .,,,,,,,,,,,,,,,
im osten und süden muss zu beginn der nacht örtlich mit starkregen und hagel gerechnet werden .,,,,,,,,,,,,,,,
die kalte luft bleibt uns erhalten wobei die temperaturen bis freitag noch weiter zurückgehen .,,,,,,,,,,,,,,,
im norden schwacher wind aus unterschiedlichen richtungen sonst weht er mäßig .,,,,,,,,,,,,,,,
in den höhenlagen süddeutschlands frischer wind .,,,,,,,,,,,,,,,
dort auch bei leichten plusgraden aber sonst bleibt es frostig .,,,,,,,,,,,,,,,
und die kälteste ecke wird der gesamte südosten bleiben .,,,,,,,,,,,,,,,
kalte teilweise feuchte luft bestimmt das wetter in deutschland .,,,,,,,,,,,,,,,
teilweise ist es auch klar .,,,,,,,,,,,,,,,
im süden entladen sich später hier und da heftige gewitter .,,,,,,,,,,,,,,,
heute nacht schwül warme dreizehn bis achtzehn grad .,,,,,,,,,,,,,,,
besonders im südlichen bergland einzelne wärmegewitter .,,,,,,,,,,,,,,,
ansonsten wird es überwiegend freundlich .,,,,,,,,,,,,,,,
und nun die wettervorhersage für morgen donnerstag den fünfzehnten oktober .,,,,,,,,,,,,,,,
heute nacht plus vier grad an der ostsee bis minus vier grad in den mittelgebirgen .,,,,,,,,,,,,,,,
und nun die wettervorhersage für morgen freitag den fünfzehnten oktober .,,,,,,,,,,,,,,,
morgen früh bildet sich über der nordsee ein neues tief das von norden für kräftigen regen sorgt .,,,,,,,,,,,,,,,
heute nacht ist es im süden teils klar teilweise aber auch nebel .,,,,,,,,,,,,,,,
im verlauf kommt im norden und nordwesten teilweise kräftiger regen auf einzelne gewitter sind dabei .,,,,,,,,,,,,,,,
die norddeutschen kennen es ja heute schon aber es wird jetzt auch die süddeutschen treffen .,,,,,,,,,,,,,,,
dreh und angelpunkt ist nämlich dieses tiefdruckgebiet über dem nordatlantik es schickt uns den regen letztendlich erst einmal nach norddeutschland aber dann heute nacht mehr und mehr in die mitte .,,,,,,,,,,,,,,,
und es kommt ein neues tief das uns morgen abend dann erreichen wird an der nordsee zum teil mit schweren sturmböen .,,,,,,,,,,,,,,,
heute nacht sieben bis vierzehn grad am tag zweiundzwanzig grad im süden und vierzehn grad in oberfranken .,,,,,,,,,,,,,,,
am samstag ist es in der südhälfte freundlich in der nordhälfte einzelne schauer .,,,,,,,,,,,,,,,
am tag halten sich über dem südosten dichte wolken aus denen ein paar schneeflocken fallen .,,,,,,,,,,,,,,,
vom nordmeer zieht ein kräftiges tief heran und bringt uns ab den morgenstunden heftige schneefälle zum teil auch gefrierenden regen .,,,,,,,,,,,,,,,
am ehesten scheint sie noch hier in der osthälfte und auch am alpenrand und dann später auch im südwesten .,,,,,,,,,,,,,,,
auch ein paar schneeflocken sind dabei .,,,,,,,,,,,,,,,
am tag ist es meist stark bewölkt oder neblig trüb .,,,,,,,,,,,,,,,
im osten und südosten sind zu beginn der nacht einzelne gewittrige schauer möglich .,,,,,,,,,,,,,,,
das hoch über skandinavien verlagert sich ein wenig nach osten .,,,,,,,,,,,,,,,
in einem streifen vom emsland bis zur lausitz sind dichte wolken unterwegs sonst ist es teils klar teils locker bewölkt .,,,,,,,,,,,,,,,
aber im laufe der nacht wird es zunehmend wolkiger .,,,,,,,,,,,,,,,
am tag ist es im südosten meist stark bewölkt vor allem an den alpen muss mit regen gerechnet werden .,,,,,,,,,,,,,,,
heute nacht acht bis zwei grad wo es für längere zeit aufklart ist bodenfrost möglich .,,,,,,,,,,,,,,,
im südwesten ist es zunächst noch freundlich sonst regnet es morgen ab und an .,,,,,,,,,,,,,,,
und nun die wettervorhersage für morgen donnerstag den siebzehnten dezember .,,,,,,,,,,,,,,,
auch am tag viele wolken und einzelne flocken .,,,,,,,,,,,,,,,
im norden sowie ganz im westen schneit es auch mal stärker und es kann glatt werden .,,,,,,,,,,,,,,,
in der mitte lockert es auch mal auf .,,,,,,,,,,,,,,,
heute nacht gibt es im süden anfangs noch vereinzelte schauer oder gewitter sonst ist es meist klar oder nur locker bewölkt .,,,,,,,,,,,,,,,
im norden und in der mitte verläuft die nacht meist klar im süden regnet es gebietsweise .,,,,,,,,,,,,,,,
der regen zieht im laufe der nacht richtung main .,,,,,,,,,,,,,,,
in den kommenden tagen bestimmt das tief über osteuropa unser wetter die kühle luft bleibt uns zunächst erhalten .,,,,,,,,,,,,,,,
mittwoch und donnerstag bleibt es im norden windig und gebietsweise fällt dort regen .,,,,,,,,,,,,,,,
von süden wird es tag für tag freundlicher .,,,,,,,,,,,,,,,
am sonntag im norden und an den alpen mal sonne mal wolken und ab und an schauer sonst ist es recht freundlich .,,,,,,,,,,,,,,,
die luft die in der kommenden woche zu uns strömt ist deutlich kühler .,,,,,,,,,,,,,,,
am dienstag ist es teils freundlich teils stärker bewölkt einige regenschauer sind dabei mitunter auch gewitter .,,,,,,,,,,,,,,,
und nun die wettervorhersage für morgen montag den achtzehnten april .,,,,,,,,,,,,,,,
dazu gehört ein tiefdruckgebiet mit milder luft im gepäck .,,,,,,,,,,,,,,,
da ist der boden noch gefroren am rhein wie gesagt da entspannt sich die lage bei plusgraden .,,,,,,,,,,,,,,,
temperaturen nur so um die null grad am kältesten im norden bis minus fünf grad .,,,,,,,,,,,,,,,
am tag ist es überwiegend stark bewölkt oder neblig trüb .,,,,,,,,,,,,,,,
auch im süden gibt es eine menge wolken oder nebel aber regen fällt dort nur selten .,,,,,,,,,,,,,,,
und nun die wettervorhersage für morgen samstag den achtzehnten juli .,,,,,,,,,,,,,,,
in der dahinter einfließenden kaltluft gestaltet sich das wetter morgen wechselhaft .,,,,,,,,,,,,,,,
in der osthälfte und im süden gibt es heute nacht kräftige regenfälle und zum teil heftige gewitter .,,,,,,,,,,,,,,,
der deutsche wetterdienst hat entsprechende unwetterwarnungen herausgegeben .,,,,,,,,,,,,,,,
es gelten entsprechende unwetterwarnungen des deutschen wetterdienstes .,,,,,,,,,,,,,,,
auch noch verhältnismäßig kühl aber dann sieht es schon nach ein paar sonnigeren und auch deutlich wärmeren tagen aus .,,,,,,,,,,,,,,,
jetzt wünsche ich ihnen noch einen schönen abend .,,,,,,,,,,,,,,,
das hoch über den azoren weitet sich bis nach süddeutschland aus .,,,,,,,,,,,,,,,
es sorgt morgen dort für ruhiges freundliches wetter .,,,,,,,,,,,,,,,
am donnerstag ist es in der mitte am freundlichsten im norden regen oder graupelschauer im süden regnet es zeitweise .,,,,,,,,,,,,,,,
und nun die wettervorhersage für morgen dienstag den neunzehnten april .,,,,,,,,,,,,,,,
und nun die wettervorhersage für morgen sonntag den neunzehnten dezember .,,,,,,,,,,,,,,,
im süden fällt auch stellenweise regen der gefrieren kann .,,,,,,,,,,,,,,,
zunächst schwacher bis mäßiger wind der im norden aus östlicher sonst aus südlicher richtung kommt .,,,,,,,,,,,,,,,
ab und zu kann sich die sonne zeigen .,,,,,,,,,,,,,,,
am samstag im norden sehr windig .,,,,,,,,,,,,,,,
auch in der neuen woche ändert sich erstmal wenig .,,,,,,,,,,,,,,,
besonders im osten deutschlands kann es ein wenig regnen oder schneien .,,,,,,,,,,,,,,,
dort morgen sechs grad sonst temperaturen zwischen minus ein und plus fünf grad .,,,,,,,,,,,,,,,
und nun die wettervorhersage für morgen mittwoch den neunzehnten januar .,,,,,,,,,,,,,,,
die sonne kann sich gegen die wolken nur selten durchsetzen .,,,,,,,,,,,,,,,
unter tiefdruckeinfluss erwartet uns am sonntag recht kühles schauerwetter .,,,,,,,,,,,,,,,
sechs grad heute nacht am alpenrand bis fünfzehn grad an der oder .,,,,,,,,,,,,,,,
morgen breiten sich diese regenwolken dann weiter über die mitte richtung westen aber vor allen dingen auch nach baden württemberg und bayern aus .,,,,,,,,,,,,,,,
und nun die wettervorhersage für morgen donnerstag den neunzehnten november .,,,,,,,,,,,,,,,
auch zu beginn der kommenden woche ändert sich nur wenig .,,,,,,,,,,,,,,,
jetzt wünsche ich ihnen noch einen schönen abend .,,,,,,,,,,,,,,,
da die luftdruckunterschiede nahe des tiefzentrums groß sind wird es im küstenumfeld morgen teilweise stürmisch .,,,,,,,,,,,,,,,
ich wünsche ihnen einen schönen abend und machen sie es gut .,,,,,,,,,,,,,,,
über deutschland etabliert sich ein kräftiges hoch das uns in den nächsten tagen reichlich sonnenschein beschert .,,,,,,,,,,,,,,,
und nun die wettervorhersage für morgen freitag den zwanzigsten november .,,,,,,,,,,,,,,,
am tag dichte wolken aber auch lücken dazu einige schauer an den nordwestseiten der gebirge kann es auch längere zeit regnen oder schneien .,,,,,,,,,,,,,,,
am abend zum teil bis in tiefere lagen .,,,,,,,,,,,,,,,
auch vereinzelte graupelschauer oder kurze gewitter sind dabei .,,,,,,,,,,,,,,,
dort im süden weht der wind meist nur schwach richtung norden mäßiger zeitweise auch frischer wind an den küsten starke bis stürmische böen .,,,,,,,,,,,,,,,
auch am tag wieder viel sonnenschein später bilden sich hier und da ein paar quellwolken .,,,,,,,,,,,,,,,
nordöstlich der elbe morgen örtlich minus ein am oberrhein bis plus acht grad .,,,,,,,,,,,,,,,
und selbst auch im küstenbereich geht es auch nahe an die dreißig grad heran .,,,,,,,,,,,,,,,
das kann ja manchmal ganz schön schnell gehen also ob es schön ist entscheiden natürlich sie meine damen und herren .,,,,,,,,,,,,,,,
und damit schönen guten abend .,,,,,,,,,,,,,,,
mal ist es etwas wärmer mal etwas kälter und an dieser wetterverteilung wird sich auch in den nächsten tagen wenig ändern .,,,,,,,,,,,,,,,
und nun die wettervorhersage für morgen dienstag den einundzwanzigsten juni .,,,,,,,,,,,,,,,
an der saar heute nacht milde sechzehn an der elbe teilweise nur acht grad .,,,,,,,,,,,,,,,
am hochrhein morgen schwül warme dreißig an der nordsee frische achtzehn grad .,,,,,,,,,,,,,,,
und nun die wettervorhersage für morgen samstag den einundzwanzigsten november .,,,,,,,,,,,,,,,
ein schwacher tiefausläufer bringt dem nordwesten deutschlands heute nacht hier und da etwas regen .,,,,,,,,,,,,,,,
ansonsten bleibt es unter hochdruckeinfluss meist trocken und tagsüber auch teilweise freundlich .,,,,,,,,,,,,,,,
besonders in flusstälern bildet sich nebel .,,,,,,,,,,,,,,,
der hält sich morgen in manchen regionen zäh auch dichtere wolken sind zunächst noch dabei aber es bleibt weitgehend trocken .,,,,,,,,,,,,,,,
am nachmittag wird es dann freundlicher .,,,,,,,,,,,,,,,
dabei wird es teilweise sehr windig und auch etwas kühler .,,,,,,,,,,,,,,,
aber es bleibt für die jahreszeit immer noch recht mild .,,,,,,,,,,,,,,,
heute nacht gibt es hier und da schauer an der nordsee auch kurze gewitter .,,,,,,,,,,,,,,,
in der südwesthälfte morgen teils wolken teils längere zeit sonnenschein .,,,,,,,,,,,,,,,
in der südhälfte muss dazu mit nachtfrost gerechnet werden .,,,,,,,,,,,,,,,
am tag sechs grad an den alpen und dreizehn grad am oberrhein .,,,,,,,,,,,,,,,
es wird deutlich freundlicher .,,,,,,,,,,,,,,,
heute nacht noch nicht so ganz da haben wir noch ein bisschen mit regen zu kämpfen an den küsten .,,,,,,,,,,,,,,,
guten abend liebe zuschauer .,,,,,,,,,,,,,,,
eine frostig kalte nacht liegt vor uns .,,,,,,,,,,,,,,,
an der küste morgen kühle neun grad im breisgau bis achtzehn grad .,,,,,,,,,,,,,,,
heute nacht neunzehn bis fünfzehn grad im südosten bis zwölf grad .,,,,,,,,,,,,,,,
in der nordhälfte gibt es zu beginn der nacht noch einzelne heftige schauer und gewitter dann klar dass dort teilweise auf .,,,,,,,,,,,,,,,
heute nacht funkeln hier und da die sterne aber meist hält sich hochnebelartige bewölkung .,,,,,,,,,,,,,,,
in der osthälfte morgen mal sonne mal dichtere wolken später auch örtliche schauer oder gewitter .,,,,,,,,,,,,,,,
abgesehen von schauer und gewitterböen weht der wind schwach bis mäßig aus nordwest bis nord .,,,,,,,,,,,,,,,
morgen temperaturen von fünfzehn grad an der nordsee bis vierundzwanzig am rhein .,,,,,,,,,,,,,,,
am sonntag ändert sich noch wenig an diesem wetter .,,,,,,,,,,,,,,,
im norden und im westen sowie in schauernähe stürmische böen .,,,,,,,,,,,,,,,
am abend schwere sturmböen auf den bergen auch orkanartige böen .,,,,,,,,,,,,,,,
wo es heute nacht aufklart ist leichter frost möglich sonst null bis vier grad .,,,,,,,,,,,,,,,
mittwoch und donnerstag wechselhaft hier und da fällt etwas regen oder schnee der zunehmend auch in den niederungen möglich ist .,,,,,,,,,,,,,,,
sonst war es vielleicht nur mal sprühregen der aber gar nicht zu buche geschlagen ist .,,,,,,,,,,,,,,,
ihnen noch einen schönen abend .,,,,,,,,,,,,,,,
das hoch das sich richtung osteuropa verlagert bestimmt auch in den kommenden tagen unser wetter .,,,,,,,,,,,,,,,
in den niederungen ist es teilweise länger neblig wenige kilometer daneben sonne auf den bergen ist es durchweg sonnig .,,,,,,,,,,,,,,,
am wochenende scheint meist die sonne und es wird noch wärmer .,,,,,,,,,,,,,,,
die gibt es auch am montag bei insgesamt wieder mehr wolken aber es bleibt weiterhin warm und auch noch längere zeit freundlich .,,,,,,,,,,,,,,,
morgen vielerorts schauer vor allem im süden und osten noch einige gewitter mitunter regnet es kräftig auch unwetter sind weiter möglich .,,,,,,,,,,,,,,,
im südosten ist es heute nacht trocken sonst regnet es zeitweise in der nordhälfte teilweise kräftig .,,,,,,,,,,,,,,,
ganz im norden fällt hier und da schnee .,,,,,,,,,,,,,,,
in der nacht muss vor allem in der nordwesthälfte mit schauern und gewittern gerechnet werden die heftig ausfallen können .,,,,,,,,,,,,,,,
und bis zum abend kann die schneefallgrenze auch bis in die niederungen sinken .,,,,,,,,,,,,,,,
und das wird auch am wochenende nicht passieren .,,,,,,,,,,,,,,,
am freitag geht es aber langsam abwärts im osten gewitterschauer .,,,,,,,,,,,,,,,
und ab samstag sonntag kühles herbstwetter das gehört jetzt einfach dazu .,,,,,,,,,,,,,,,
ich wünsche noch einen schönen abend und tschüss .,,,,,,,,,,,,,,,
in der nacht ist es meist klar oder nur leicht bewölkt besonders in den flussniederungen in der mitte und des südens wabern wieder ein paar nebelfelder .,,,,,,,,,,,,,,,
ja und so bleibt es dann auch erstmal am mittwoch .,,,,,,,,,,,,,,,
aber am donnerstag kommt die hitze in den süden zurück dafür haben wir kühles schauerwetter im norden .,,,,,,,,,,,,,,,
und nun die wettervorhersage für morgen montag den vierundzwanzigsten januar zweitausendelf .,,,,,,,,,,,,,,,
und nun die wettervorhersage für morgen freitag den vierundzwanzigsten juli .,,,,,,,,,,,,,,,
die schwül warme luft wird von kühlerer meeresluft verdrängt .,,,,,,,,,,,,,,,
dies geht einher mit teilweise unwetterartigen gewittern .,,,,,,,,,,,,,,,
in den folgenden tagen sorgt tiefer luftdruck für wechselhaftes wetter und sinkende temperaturen .,,,,,,,,,,,,,,,
an der nordsee sowie auf den bergen schwere sturmböen .,,,,,,,,,,,,,,,
unter wolken heute nacht frostfreie zwei bis acht grad .,,,,,,,,,,,,,,,
am freitag ist es in der nähe der küsten und ganz im süden teilweise stark bewölkt .,,,,,,,,,,,,,,,
sonst ist es recht freundlich .,,,,,,,,,,,,,,,
am samstag überall mehr wolken als sonne in der südosthälfte zum teil kräftiger regen richtung nordwesten nur einzelne schauer .,,,,,,,,,,,,,,,
am tag scheint verbreitet die sonne im süden und westen bilden sich später gebietsweise quellwolken .,,,,,,,,,,,,,,,
dort sowie in ungünstigen muldenlagen ist bodenfrost möglich .,,,,,,,,,,,,,,,
und morgen vormittag beziehungsweise bis zum nachmittag wahrscheinlich sogar noch scheint in der osthälfte noch die sonne .,,,,,,,,,,,,,,,
es kommen dann ein paar wolkenfelder .,,,,,,,,,,,,,,,
und am mittwoch dann noch reste dieser schauer und gewitter über dem osten und über dem süden .,,,,,,,,,,,,,,,
liebe zuschauer guten abend .,,,,,,,,,,,,,,,
ein harscher wetterwechsel seit gestern sogar mit tornados .,,,,,,,,,,,,,,,
der nächste größere regen für uns ist dann erst am donnerstag wahrscheinlich in sicht .,,,,,,,,,,,,,,,
heute nacht gibt es an den küsten schauer im süden ebenfalls aber dort lassen sie allmählich nach .,,,,,,,,,,,,,,,
dagegen gab es im westen fünf zentimeter neuschnee und schon stand der verkehr auf den autobahnen .,,,,,,,,,,,,,,,
am sonntag gibt es viele wolken gebietsweise regen oder schneeregen im bergland schnee .,,,,,,,,,,,,,,,
und nun die wettervorhersage für morgen montag den fünfundzwanzigsten januar .,,,,,,,,,,,,,,,
und es wird auch wieder schneien oberhalb von dreihundert metern meist so am nachmittag kräftig vom saarland bis nach berlin hoch .,,,,,,,,,,,,,,,
es kann noch leicht schneien in den nächsten stunden in sachsen oder auch am alpenrand und in bayern .,,,,,,,,,,,,,,,
es bleibt noch mal kalt am samstag knackig bis höchsttemperaturen minus zehn grad .,,,,,,,,,,,,,,,
am sonntag überquert und dann ein atlantischer tiefausläufer dabei wird es milder .,,,,,,,,,,,,,,,
am dienstag in der südhälfte weitere schauer vereinzelt auch gewitter in der nordhälfte freundliche abschnitte .,,,,,,,,,,,,,,,
richtung osten zeigt sich die sonne häufiger .,,,,,,,,,,,,,,,
am mittwoch vor allem ab dem nachmittag schauer und gewitter .,,,,,,,,,,,,,,,
ähnliches wetter auch am donnerstag .,,,,,,,,,,,,,,,
und nun die wettervorhersage für morgen freitag den fünfundzwanzigsten juni .,,,,,,,,,,,,,,,
in der nacht werden die wolken im norden und nordosten dichter erste tropfen können an der ostsee fallen .,,,,,,,,,,,,,,,
sonst meist nur lockere wolken .,,,,,,,,,,,,,,,
und nun die wettervorhersage für morgen dienstag den fünfundzwanzigsten mai .,,,,,,,,,,,,,,,
und damit schönen guten abend meine damen und herren .,,,,,,,,,,,,,,,
etwa südlich von spree und aller scheint dagegen die sonne strahlend und das tut sie morgen auch in süddeutschland .,,,,,,,,,,,,,,,
über deutschland liegt morgen ein hochdruckgebiet das uns verbreitet sonniges und trockenes wetter beschert .,,,,,,,,,,,,,,,
in küstennähe morgen kühle fünfzehn bis sechzehn entlang des rheins dreiundzwanzig bis sechsundzwanzig grad .,,,,,,,,,,,,,,,
zwischen dem tief bei schottland und dem hoch über südeuropa strömt morgen milde luft zu uns nach deutschland .,,,,,,,,,,,,,,,
mancherorts werden damit die höchsten temperaturen der woche erwartet .,,,,,,,,,,,,,,,
danach wird es nur etwas kühler .,,,,,,,,,,,,,,,
mit stürmischen böen muss heute nacht vor allem im norden am tag im nordwesten gerechnet werden .,,,,,,,,,,,,,,,
an der nordsee schwere sturmböen .,,,,,,,,,,,,,,,
auf den bergen sind orkanartige böen möglich .,,,,,,,,,,,,,,,
heute nacht elf grad im norden und ein grad an den alpen .,,,,,,,,,,,,,,,
am tag zehn grad in der mitte in höheren lagen sechzehn grad im süden .,,,,,,,,,,,,,,,
am donnerstag vor allem in der nordwesthälfte hier und da sturmböen .,,,,,,,,,,,,,,,
an der nordsee auch gewitter .,,,,,,,,,,,,,,,
im süden und osten freundliche abschnitte .,,,,,,,,,,,,,,,
ganz ähnliche temperaturen wie heute zwischen sechs und elf grad .,,,,,,,,,,,,,,,
am sonntag legt der wind noch zu dazu von nordwesten wolken und etwas regen .,,,,,,,,,,,,,,,
am montag meist trocken bei einer mischung aus sonne und wolken .,,,,,,,,,,,,,,,
der wind aus süd bis west weht schwach bis mäßig .,,,,,,,,,,,,,,,
dort kann es auch stürmische böen geben .,,,,,,,,,,,,,,,
morgen in der osthälfte zehn bis dreizehn grad im westen bis zu siebzehn grad .,,,,,,,,,,,,,,,
im osten und süden am dienstag einzelne schauer dabei bis in mittlere lagen schnee sonst teils nebel teils wolken oder sonne .,,,,,,,,,,,,,,,
am mittwoch zieht von der nordsee regen heran der sich am donnerstag ausbreitet .,,,,,,,,,,,,,,,
richtung südosten noch eine mischung aus nebel wolken und sonne .,,,,,,,,,,,,,,,
und wir nehmen auch kontakt auf zu diesem hoch .,,,,,,,,,,,,,,,
allerdings erst am wochenende .,,,,,,,,,,,,,,,
in dieser nacht fällt noch etwas regen im bayerischen wald .,,,,,,,,,,,,,,,
sonst aber funkeln oft die sterne oder es bildet sich nebel .,,,,,,,,,,,,,,,
die temperaturen sinken auf werte zwischen dreizehn und fünf grad .,,,,,,,,,,,,,,,
morgen erwarten uns dann an der küste werte von siebzehn grad .,,,,,,,,,,,,,,,
die neue woche startet dann durchwachsener .,,,,,,,,,,,,,,,
das war es für heute schönen abend noch .,,,,,,,,,,,,,,,
aber erst muss noch mit regenfällen und gewittern gerechnet werden die besonders im süden und osten unwetterartig sein können .,,,,,,,,,,,,,,,
der deutsche wetterdienst hat entsprechende warnungen herausgegeben .,,,,,,,,,,,,,,,
heute nacht temperaturen von zehn grad in der eifel bis achtzehn in der lausitz .,,,,,,,,,,,,,,,
denn im süden haben wir die schwül warme gewitterluft dabei ist es aber noch im süden sonnig .,,,,,,,,,,,,,,,
dort kommen erst abends die gewitter an .,,,,,,,,,,,,,,,
von westen erreicht uns ein neues atlantiktief mit zum teil kräftigen regenfällen und heftigen gewittern .,,,,,,,,,,,,,,,
im süden bleibt es morgen unter hochdruckeinfluss zunächst noch recht freundlich und warm .,,,,,,,,,,,,,,,
heute nacht breitet sich von westen regen aus der teilweise ergiebig sein kann .,,,,,,,,,,,,,,,
dort morgen sommerlich heiße dreißig grad im emsland kühle sechzehn grad .,,,,,,,,,,,,,,,
am tag drei grad auf usedom bis zwölf grad im emsland .,,,,,,,,,,,,,,,
am tag im osten viel sonne in der westhälfte regnet es zwischen niederrhein und ostfriesland .,,,,,,,,,,,,,,,
am freitag ruhiges trockenes wetter vor allem im norden ist es recht freundlich ähnliches wetter am samstag nur im norden vereinzelt etwas schnee oder gefrierender sprühregen .,,,,,,,,,,,,,,,
und nun die wettervorhersage für morgen samstag den sechsundzwanzigsten januar .,,,,,,,,,,,,,,,
das hoch gewinnt wieder an kraft und beschert uns am wochenende viel sonnenschein bei meist sommerlichen temperaturen .,,,,,,,,,,,,,,,
das gilt auch für den abend aber im laufe der nacht werden schauer und gewitter in der südosthälfte immer seltener .,,,,,,,,,,,,,,,
ansonsten ist es meist nur locker bewölkt oder klar stellenweise bildet sich nebel .,,,,,,,,,,,,,,,
morgen scheint verbreitet die sonne hier und da tauchen auch mal ein paar dichtere wolken auf .,,,,,,,,,,,,,,,
und im süden besonders vom bayerischen wald bis zu den alpen gibt es am nachmittag einzelne schauer und gewitter .,,,,,,,,,,,,,,,
am montag scheint verbreitet die sonne richtung küsten und alpen ist es wolkiger aber es regnet nur vereinzelt .,,,,,,,,,,,,,,,
und nun die wettervorhersage für morgen donnerstag den sechsundzwanzigsten november .,,,,,,,,,,,,,,,
vom atlantik strömt etwas weniger milde luft zu uns .,,,,,,,,,,,,,,,
am freitag wechselhaftes schauerwetter .,,,,,,,,,,,,,,,
im nordwesten sind kurze gewitter möglich .,,,,,,,,,,,,,,,
heute nacht vor allem in einem streifen von baden württemberg bis nach sachsen stellenweise schneeschauer .,,,,,,,,,,,,,,,
vorsicht wegen straßenglätte .,,,,,,,,,,,,,,,
dort sowie am niederrhein morgen zehn bis elf sonst zwei bis neun grad .,,,,,,,,,,,,,,,
am sonntag im süden nach nebelauflösung häufig sonnig sonst viele wolken und stellenweise etwas regen .,,,,,,,,,,,,,,,
und dann drängen die neuen wolken heran hier im nordwesten die können am nachmittag erste spritzer regen an der nordsee bringen und der wind frischt dazu auf aus süd südwest .,,,,,,,,,,,,,,,
regen und schnee lassen an den alpen in der nacht nach im norden und nordosten fallen hier und da schauer sonst ist das klar .,,,,,,,,,,,,,,,
am donnerstag regen in der nordhälfte in der südhälfte mal sonne mal wolken ähnliches wetter dann auch am freitag .,,,,,,,,,,,,,,,
am montag regnet es vor allem im norden und osten weiter und besonders im osten wird es windig etwas sonne am ehesten im süden .,,,,,,,,,,,,,,,
die schauer und gewitter im norden klingen in der nacht ab an den alpen fallen noch ein paar regentropfen stellenweise bildet sich nebel .,,,,,,,,,,,,,,,
und nun die wettervorhersage für morgen donnerstag den siebenundzwanzigsten august .,,,,,,,,,,,,,,,
am samstag wird es deutlich kühler und im norden sehr windig .,,,,,,,,,,,,,,,
ab sonntag steigen dann temperaturen und sonnenscheindauer wieder .,,,,,,,,,,,,,,,
in den nächsten tagen geht es auf jeden fall winterlich weiter immer wieder mal mit etwas schnee .,,,,,,,,,,,,,,,
und zum wochenende wird es dann sogar wieder ein bisschen kälter .,,,,,,,,,,,,,,,
und nun die wettervorhersage für morgen mittwoch den siebenundzwanzigsten januar .,,,,,,,,,,,,,,,
am mittwoch breiten sich von nordwesten neue wolken mit regen oder schauern aus örtlich sind auch gewitter dabei .,,,,,,,,,,,,,,,
auch in den folgenden tagen ändert sich an diesem wechselhaften wetter wenig .,,,,,,,,,,,,,,,
sommerliche temperaturen sind dabei eher die ausnahme .,,,,,,,,,,,,,,,
vor allem über dem bergland können sich im tagesverlauf stellenweise quellwolken bilden und im südwesten muss mit vereinzelten hitzegewittern gerechnet werden .,,,,,,,,,,,,,,,
meist weht der wind schwach aus westlichen richtungen .,,,,,,,,,,,,,,,
liebe zuschauer guten abend .,,,,,,,,,,,,,,,
heute nacht ist es meist stark bewölkt örtlich regnet oder nieselt es etwas .,,,,,,,,,,,,,,,
richtung nordosten gibt es mehr wolken hier und da etwas regen .,,,,,,,,,,,,,,,
am freitag scheint abseits der nebelgebiete häufig die sonne .,,,,,,,,,,,,,,,
ganz im süden sind einzelne schauer möglich .,,,,,,,,,,,,,,,
sobald sich der nebel am tag lichtet scheint die sonne .,,,,,,,,,,,,,,,
ganz im süden kann es einzelne schauer geben an den küsten ziehen gelegentlich wolken durch .,,,,,,,,,,,,,,,
im norden weht der wind schwach bis mäßig aus west bis südwest sonst schwacher wind aus unterschiedlichen richtungen .,,,,,,,,,,,,,,,
da haben wir morgen schon die dreißig grad morgen im süden von frankreich auch und für uns wahrscheinlich schon im südwesten die fünfundzwanzig grad .,,,,,,,,,,,,,,,
ja der donnerstag wird fast noch schöner noch ein bisschen wärmer .,,,,,,,,,,,,,,,
gegen späten nachmittag oder abend gibt es wahrscheinlich die ersten regenschauer im nordwesten .,,,,,,,,,,,,,,,
und nun die wettervorhersage für morgen freitag den achtundzwanzigsten august .,,,,,,,,,,,,,,,
von schottland zieht ein tief nach norwegen .,,,,,,,,,,,,,,,
seine kaltfront erreicht morgen auch deutschland inklusive wolken .,,,,,,,,,,,,,,,
sonntag und montag ändert sich an diesem ungemütlichen und recht kühlen wetter noch wenig .,,,,,,,,,,,,,,,
morgen reichen die temperaturen von zweiundzwanzig grad an der ostsee bis zweiunddreißig grad am oberrhein .,,,,,,,,,,,,,,,
ab sonntag geht es dann wieder abwärts es wird wechselhafter .,,,,,,,,,,,,,,,
am sonntag überall unbeständiges wetter teilweise kräftige regenfälle teilweise auch gewitter .,,,,,,,,,,,,,,,
an der nordsee morgen fünfzehn am hochrhein immerhin bis dreiundzwanzig grad .,,,,,,,,,,,,,,,
am montag ist es meist stark bewölkt hier und da regnet es .,,,,,,,,,,,,,,,
im bergland zum teil schnee an den alpen auch für längere zeit regen oder schnee .,,,,,,,,,,,,,,,
am dienstag wechselhaftes wetter .,,,,,,,,,,,,,,,
und nun die wettervorhersage für morgen montag den achtundzwanzigsten november .,,,,,,,,,,,,,,,
morgen bei dauernebel im süden nur zwei am niederrhein bis elf grad .,,,,,,,,,,,,,,,
es bläst ein mäßiger im norden mitunter frischer an der küste auch starker wind aus südwest bis west .,,,,,,,,,,,,,,,
im norden sind auch stürmische böen möglich .,,,,,,,,,,,,,,,
dort morgen bis zweiundzwanzig grad .,,,,,,,,,,,,,,,
an der nordsee nur kühle sechzehn grad .,,,,,,,,,,,,,,,
am sonntag im norden noch wolkig und vor allem in küstennähe einzelne schauer .,,,,,,,,,,,,,,,
sonst viel sonnenschein .,,,,,,,,,,,,,,,
am dienstag ziehen dann gegen abend von westen wieder zum teil kräftige schauer und gewitter heran .,,,,,,,,,,,,,,,
sonst einzelne schauer an der nordsee auch gewitter .,,,,,,,,,,,,,,,
an den temperaturen ändert sich wenig .,,,,,,,,,,,,,,,
guten abend liebe zuschauer .,,,,,,,,,,,,,,,
in den nächsten stunden können noch bis zu fünf zentimeter schnee fallen .,,,,,,,,,,,,,,,
ja der regen im westen zieht weiter in dieser nacht er wird den osten erreichen wie gesagt anfangs mit schnee auch in den mittelgebirgen .,,,,,,,,,,,,,,,
der wind lebt bereits in der nacht auf im norden sturmböen sonst einzelne stürmische böen auf den bergen können orkanböen auftreten .,,,,,,,,,,,,,,,
morgen muss verbreitet mit teilweise kräftigen schauern und gewittern gerechnet werden .,,,,,,,,,,,,,,,
am samstag überwiegend freundlich meist trocken und wärmer .,,,,,,,,,,,,,,,
am sonntag ziehen von nordwesten wieder schauer und gewitter heran .,,,,,,,,,,,,,,,
im süden gibt es zu beginn der nacht noch wolken die hier und da auch noch ein paar tropfen fallen lassen sonst ist es meist klar oder nur locker bewölkt .,,,,,,,,,,,,,,,
vor allem im nordwesten sowie in bayern bildet sich nebel .,,,,,,,,,,,,,,,
nach dessen auflösung scheint morgen verbreitet die sonne .,,,,,,,,,,,,,,,
heute nacht elf grad in niederbayern und bis ein grad in den nördlichen mittelgebirgen .,,,,,,,,,,,,,,,
im norden und nordosten deutschlands bleibt es morgen meist noch wolkenverhangen mit etwas regen .,,,,,,,,,,,,,,,
heute nacht gibt es im norden und nordosten viele wolken örtlich regnet oder nieselt es etwas .,,,,,,,,,,,,,,,
morgen gibt es zum teil dichte wolken oder nebel aber auch sonne vor allem im süden .,,,,,,,,,,,,,,,
im norden und nordosten bleibt es meist bedeckt mitunter fällt dort etwas regen .,,,,,,,,,,,,,,,
im süden werte nahe dem gefrierpunkt .,,,,,,,,,,,,,,,
morgen temperaturen von acht grad im nordosten bis siebzehn im südwesten .,,,,,,,,,,,,,,,
die aussichten .,,,,,,,,,,,,,,,
am mittwoch in der nordhälfte regenschauer richtung süden ist es freundlicher .,,,,,,,,,,,,,,,
hallo und guten abend .,,,,,,,,,,,,,,,
regenreiche tage bei uns in deutschland und dadurch auch die lage an einigen flüssen im osten immer noch angespannt .,,,,,,,,,,,,,,,
am rhein werden es dann wenigstens mal so fünfzehn bis maximal siebzehn grad .,,,,,,,,,,,,,,,
und das wetter bringt dort auch noch sonnenschein am vormittag zumindest .,,,,,,,,,,,,,,,
nachmittags bilden sich hier in bayern kräftige gewitter .,,,,,,,,,,,,,,,
die werden heute aber erstmal seltener und ziehen sich richtung küste zurück .,,,,,,,,,,,,,,,
in der südhälfte ist es teils wolkig teils klar .,,,,,,,,,,,,,,,
in den frühstunden kann sich vereinzelt nebel bilden .,,,,,,,,,,,,,,,
heute nacht gibt es im norden dichte wolken besonders nördlich einer linie emsland uckermark schauert es .,,,,,,,,,,,,,,,
am samstag meist freundlich und überwiegend trocken .,,,,,,,,,,,,,,,
dichte wolken und gebietsweise schauer gibt es nur im nordwesten .,,,,,,,,,,,,,,,
im nordosten bleibt es meist trocken .,,,,,,,,,,,,,,,
sie bringen kräftige schauer und gewitter .,,,,,,,,,,,,,,,
die luft die in den kommenden tagen zu uns strömt ist dann kälter .,,,,,,,,,,,,,,,
wechselhaft bleibt es .,,,,,,,,,,,,,,,
und nun die wettervorhersage für morgen mittwoch den dreißigsten märz .,,,,,,,,,,,,,,,
richtung bodensee kann es bis ins flachland schneien .,,,,,,,,,,,,,,,
im äußersten südosten sowie zwischen nordsee und mosel ist es meist trocken .,,,,,,,,,,,,,,,
und so erwartet uns eine mischung aus teilweise zähen nebelfeldern wolken und sonnenschein .,,,,,,,,,,,,,,,
die neue woche beginnt wechselhaft und kühler .,,,,,,,,,,,,,,,
samstag und sonntag ändert sich an diesem wetter noch wenig .,,,,,,,,,,,,,,,
in der südhälfte weht der wind schwach sonst schwach bis mäßig richtung küsten frisch und stark böig .,,,,,,,,,,,,,,,
am tag zehn grad an der nordfriesischen küste zwanzig grad in niederbayern .,,,,,,,,,,,,,,,
am tag in der nordhälfte etwas regen schnee oder gefrierender regen .,,,,,,,,,,,,,,,
auch am samstag regnet oder schneit es verbreitet später wird es im westen und norden freundlicher .,,,,,,,,,,,,,,,
der nordwestwind bläst schwach bis mäßig in der nordosthälfte auch frisch in den hochlagen der östlichen mittelgebirge stark böig .,,,,,,,,,,,,,,,
in der westhälfte geht der regen in schauer über in den bergen schneeschauer .,,,,,,,,,,,,,,,
und nun die wettervorhersage für morgen donnerstag den einunddreißigsten märz .,,,,,,,,,,,,,,,
im westen und nordwesten weitgehend trocken hier und da wolkenlücken örtlich bildet sich nebel .,,,,,,,,,,,,,,,
morgen in der südosthälfte weitere zum teil kräftige niederschläge bis in mittlere lagen schnee .,,,,,,,,,,,,,,,
in der nordwesthälfte teils freundlich teils wolkig und meist trocken .,,,,,,,,,,,,,,,
schwacher bis mäßiger wind aus nord bis west .,,,,,,,,,,,,,,,
und nun die wettervorhersage für morgen samstag den einunddreißigsten oktober .,,,,,,,,,,,,,,,
in der osthälfte scheint abseits der nebelgebiete häufig die sonne .,,,,,,,,,,,,,,,
richtung westen gibt es im tagesverlauf vermehrt wolken es bleibt aber weitgehend trocken .,,,,,,,,,,,,,,,
ich wünsche ihnen noch einen schönen abend .,,,,,,,,,,,,,,,
und nun die wettervorhersage für morgen dienstag den ersten februar .,,,,,,,,,,,,,,,
in der nacht regnet es vor allem von schleswig holstein bis zur oder sowie im süden .,,,,,,,,,,,,,,,
am tag vier grad im sauerland und zwölf grad im breisgau .,,,,,,,,,,,,,,,
das tief bei schottland sorgt zusammen mit kühler luft auch morgen für wechselhaftes wetter .,,,,,,,,,,,,,,,
am freitag mal sonne mal wolken und nur einzelne schauer stellenweise zeigt sich die sonne auch für längere zeit .,,,,,,,,,,,,,,,
und nun die wettervorhersage für morgen donnerstag den ersten april .,,,,,,,,,,,,,,,
an der elbe einzelne schauer im nordwesten aber schon wieder deutlich freundlicher .,,,,,,,,,,,,,,,
