refs,hyps,original_bleu1,original_bleu2,original_bleu3,original_bleu4,reordered_bleu1,reordered_bleu2,reordered_bleu3,reordered_bleu4,original_rouge,reordered_rouge,original_bert,reordered_bert,original_bleurt,reordered_bleurt
"人民解放军在人民解放军的帮助下,在敌人的危险中努力消灭敌人。","人民解放军在人民解放军的帮助下,在敌人的危险中努力消灭敌人。",26.66666666666667,16.609095970747997,12.536837148130132,9.24272533424404,29.0472019948777,16.387935755394484,12.44795411294695,9.892603295115684,28.621700879701006,26.35327635326245,73.9209234714508,70.6984281539917,0.40106087923049927,0.41423648595809937
"人民解放军在处理危险,集中力量消灭敌人。","人民解放军在处理危险,集中力量消灭敌人。",30.000000000000004,14.383899044561527,0.0,0.0,19.97226502188477,15.650344962093566,13.13229004402737,10.739707427327533,29.714285714216647,26.36195302602942,76.97002291679382,71.52082920074463,0.5554611086845398,0.5458470582962036
"改革后,政府不但废除了改革的机构,还废除了改革的机构。","改革后,政府不但废除了改革的机构,还废除了改革的机构。",42.3240862445307,29.034083633546143,20.738688197662302,0.0,41.27124026191912,27.147954178847474,17.625092846013196,12.064331421131714,40.54859868810035,39.1858776547043,81.85043931007385,78.24999690055847,0.6861161589622498,0.48631101846694946
"政客们在改革后,不但废除了改革的那些机会,也废除了改革的那些机会。","政客们在改革后,不但废除了改革的那些机会,也废除了改革的那些机会。",34.98362686875651,23.766694364746083,18.745356891893348,14.306909193989338,30.303030303030308,13.762047064079509,0.0,0.0,40.60189524105358,28.79355501767586,78.59607338905334,73.85721206665039,0.5523226857185364,0.4058987498283386
"我国今年春回大地,艾滋病的患病率大大减少了。","我国今年春回大地,艾滋病的患病率大大减少了。",53.846153846153854,42.365927286816174,36.58086754000064,31.455601883230702,40.90909090909091,31.209389196617963,21.356177054395943,15.047149445189385,57.539682539618994,35.3535353534761,83.81776809692383,79.95247840881348,0.5496571660041809,0.38018178939819336
奶奶老奶奶老是留着一副节约的好习惯。,奶奶老奶奶老是留着一副节约的好习惯。,46.1210141145937,29.309392955596486,17.944158607337513,0.0,35.62113269055303,30.666805378790684,26.61066791896942,23.824789497063357,44.33851377821339,42.720437457268524,82.67254829406738,77.0595133304596,0.5533656477928162,0.4697146415710449
"家里生活很好,奶奶老是节约。","家里生活很好,奶奶老是节约。",61.538461538461554,59.914468951527816,58.06850761490637,55.93684915933074,34.96726139692524,22.95006698459309,0.0,0.0,68.35269993157804,37.27667793336674,88.2727324962616,80.45607209205627,0.7539201378822327,0.6529913544654846
"水资源很贵,我们要注意节约水资源。","水资源很贵,我们要注意节约水资源。",15.163266492815833,0.0,0.0,0.0,64.70588235294115,40.219983326992185,22.093482189977408,0.0,18.571428571420732,54.445554445498736,76.31157636642456,85.48062443733215,0.5500715374946594,0.8083162903785706
"水资源是贵重的,我们要注意节约水资源。","水资源是贵重的,我们要注意节约水资源。",34.96726139692524,29.255709848175414,20.311732914425207,0.0,68.42105263157896,47.75669329409194,34.2699609841253,22.39521374625909,46.59584741670813,48.57773225114651,87.02893257141113,87.62462735176086,0.7037301659584045,0.7769390344619751
他父母的勤俭节约养成了长辈的储蓄习惯。,他父母的勤俭节约养成了长辈的储蓄习惯。,69.23076923076921,58.834840541455215,50.11627948853365,39.832871551569504,47.368421052631575,0.0,0.0,0.0,69.23076923071922,33.129459734904515,86.538827419281,75.98351240158081,0.6652044057846069,0.5133260488510132
"风顺利交给你,应该顺利,但禁不起岁月的洗涤。","风顺利交给你,应该顺利,但禁不起岁月的洗涤。",66.18726769384463,40.8516685199919,29.062112480751335,0.0,36.21379408606643,23.44259672207491,12.984524455937343,0.0,70.10475423042197,27.994461112365705,92.66390800476074,73.65576028823853,0.7891693711280823,0.2273814082145691
"风寒期的娃娃应该顺其顺利,但禁不起大风的阻拦。","风寒期的娃娃应该顺其顺利,但禁不起大风的阻拦。",28.57142857142857,0.0,0.0,0.0,38.48158974599514,23.726803630235334,16.27892702416855,0.0,28.571428571378572,30.786365368241427,72.51540422439575,72.87124395370483,0.26419365406036377,0.35656940937042236
"说起应该相信的行为,应该禁止,而应该改变的行为,这才是我们学校老师应该遵守的纪律。","说起应该相信的行为,应该禁止,而应该改变的行为,这才是我们学校老师应该遵守的纪律。",16.666666666666668,0.0,0.0,0.0,34.146341463414636,20.659846763533434,14.862901965132547,11.465402610048532,18.571428571359508,32.28907121478504,72.27896451950073,73.91612529754639,0.47466546297073364,0.5983404517173767
学习队没有禁止、不许有禁止、不许有纪律的活动。,学习队没有禁止、不许有禁止、不许有纪律的活动。,47.368421052631575,39.735970711951325,30.316565239292984,20.42819529610957,30.529173331554162,15.607653920391186,0.0,0.0,50.68918302138757,20.25686716198453,79.67222929000854,71.45628929138184,0.435840904712677,0.3559735417366028
学习队没有禁止、不记录任何活动。,学习队没有禁止、不记录任何活动。,45.45454545454545,30.15113445777636,21.616643908267584,0.0,27.435586085499068,11.567858796240015,0.0,0.0,45.454545454495445,20.87295051281939,80.34471869468689,73.55595231056213,0.7120193839073181,0.30230987071990967
禁止在公共场所抽烟。,禁止在公共场所抽烟。,31.460935049288132,17.277390606799415,11.445765832396242,0.0,90.0,83.66600265340755,75.91472429689156,70.71067811865478,28.95984463354106,89.99999999994999,82.02288150787354,98.77633452415466,0.5260024070739746,0.8219756484031677
禁止在公共场所抽烟。,禁止在公共场所抽烟。,26.66666666666667,19.51800145897067,14.310092685025484,0.0,90.0,83.66600265340755,75.91472429689156,70.71067811865478,27.520836737972665,89.99999999994999,74.59182143211365,98.77633452415466,0.4549911618232727,0.8219756484031677
我们不能拒绝别人的好批评。,我们不能拒绝别人的好批评。,100.00000000000004,100.00000000000004,100.00000000000004,100.00000000000004,85.47333033621375,77.04461880297264,66.9286358056318,53.720182132843064,99.99999999994999,88.64602307221037,99.99999403953552,95.94523310661316,1.0014368295669556,0.8476006984710693
"外边的人好心批评我们,我们不能拒绝。","外边的人好心批评我们,我们不能拒绝。",10.916410041039759,0.0,0.0,0.0,61.1111111111111,46.44203640128239,37.77932312319135,32.22538601891171,11.92570869987219,41.73998044959348,69.00002956390381,80.20533323287964,0.4174814224243164,0.7077457904815674
"正确,他爱上一个人,不会拒绝一个人。","正确,他爱上一个人,不会拒绝一个人。",69.23076923076921,58.834840541455215,50.11627948853365,44.08231875586728,38.888888888888886,30.249507099101,22.531090186798014,16.61742929957894,69.23076923071922,33.333333333283335,82.34025239944458,78.96701097488403,0.5671554207801819,0.4475886821746826
"雨马上就要来了,防洪工作就要开始了。","雨马上就要来了,防洪工作就要开始了。",56.24999999999999,43.30127018922193,29.92042402942877,21.305413619585096,55.55555555555555,40.42260417272215,31.290796390969792,21.258844131063825,56.24999999994999,41.73998044959348,84.0405523777008,77.76498794555664,0.6818984746932983,0.7825474143028259
"雨马上就要来了,防洪工作就要开始了。","雨马上就要来了,防洪工作就要开始了。",23.884377019126312,0.0,0.0,0.0,55.55555555555555,44.28074427700476,36.59793747600114,28.43329181530769,27.47252747250878,52.57856567278418,78.60280275344849,79.92761135101318,0.8263768553733826,0.7704523801803589
"大学毕业后,他参军了,开始了什么学习、做什么旅游?","大学毕业后,他参军了,开始了什么学习、做什么旅游?",66.66666666666669,55.470019622522905,44.16635478536996,34.61631665891904,43.99999999999999,27.080128015453194,18.543905064265896,0.0,64.10531683614703,39.805191778837596,84.36076045036316,75.40011405944824,0.6298196315765381,0.508740246295929
"大学毕业后,他参了军,开始了出国旅游的生涯。","大学毕业后,他参了军,开始了出国旅游的生涯。",43.74999999999999,29.580398915498076,18.420157493201934,0.0,68.18181818181817,50.96471914376256,37.312678152339764,0.0,43.74999999995,63.737864077604556,83.91677141189575,87.60440945625305,0.6356192827224731,0.6846558451652527
"他们已经离婚了,但这对夫妻已经准备破镜重圆了。","他们已经离婚了,但这对夫妻已经准备破镜重圆了。",63.33861926251719,50.469419878866006,38.623864841264314,29.377167835760567,30.434782608695656,20.37203384166269,12.549213105967127,0.0,66.36636636632652,31.08042954191375,87.60111331939697,78.07497978210449,0.7550827860832214,0.4317518472671509
"这对夫妻已经离婚了,但这对感情已经放荡不羁了,这对夫妻可以破镜重圆了。","这对夫妻已经离婚了,但这对感情已经放荡不羁了,这对夫妻可以破镜重圆了。",80.53415603309686,69.5163277396321,58.93407892484591,48.98448862114775,19.999999999999996,10.846522890932807,0.0,0.0,74.62779156323612,22.351138762706775,93.26954483985901,72.18425273895264,0.719115138053894,0.38727515935897827
"人类不会互相理解,不会互相尊重,他们会学会互相尊重。","人类不会互相理解,不会互相尊重,他们会学会互相尊重。",61.07097367830395,53.18203081300615,46.733515317882976,42.43076721113252,47.97818182206842,36.986346269860285,27.286022743488378,19.918333152171694,60.78182107100406,50.60884070054552,80.26453256607056,82.70434737205505,0.4791969060897827,0.5937471985816956
"假如人们互相理解,就会懂得什么叫做互相尊重。","假如人们互相理解,就会懂得什么叫做互相尊重。",56.43211499270762,29.47071089565879,0.0,0.0,42.9868937150713,29.891086799663547,18.662347325428655,12.560014728217103,45.617173524117035,45.380597653888856,82.58302211761475,81.24139308929443,0.7080582976341248,0.7235177755355835
"宽容可以让我们互相理解,互相爱护,互相尊重。","宽容可以让我们互相理解,互相爱护,互相尊重。",23.80952380952381,15.430334996209194,0.0,0.0,63.63636363636361,46.056618647183825,27.68182380588133,18.279218525119116,25.751375758365096,40.90909090904091,76.29712224006653,86.22894883155823,0.49055761098861694,0.7707981467247009
"这条路可以让我们互相理解,互相爱,互相尊重。","这条路可以让我们互相理解,互相爱,互相尊重。",61.1111111111111,53.62664443598957,47.59896445368891,43.54294657746997,31.818181818181817,21.320071635561042,13.147679471646478,0.0,64.26269137786073,33.18318318312459,85.64649224281311,84.8425567150116,0.43845903873443604,0.6844022274017334
"你们已经离婚了,现在还能联系吗?","你们已经离婚了,现在还能联系吗?",33.333333333333336,0.0,0.0,0.0,30.06890594710503,23.475398005809915,17.555875237349483,13.005166558267778,35.77712609964235,35.13293543134628,70.81350684165955,74.19052124023438,0.6988848447799683,0.6549403667449951
写作文上必须有十分密切的联系。,写作文上必须有十分密切的联系。,27.272727272727277,11.396057645963799,0.0,0.0,43.65699263480884,38.19191273561606,31.57833676162628,22.259140257975265,28.44272844266985,45.06759469946152,76.89290046691895,74.59801435470581,0.5121685862541199,0.6801592707633972
"做文档时,要保持下面的联系。","做文档时,要保持下面的联系。",100.00000000000004,100.00000000000004,100.00000000000004,100.00000000000004,34.98362686875651,23.766694364746083,18.745356891893348,14.306909193989338,99.99999999994999,34.80162449232923,100.0,73.759925365448,0.9527773261070251,0.5439026355743408
"他喜欢看书,从滴水摸鱼到滴水,从晚期流行起来。","他喜欢看书,从滴水摸鱼到滴水,从晚期流行起来。",78.35055280819599,69.5459380028764,62.51222329149687,57.991506770919095,30.434782608695656,11.761799222424118,0.0,0.0,81.25885448285601,27.639212574936938,93.251633644104,74.73744750022888,0.6937987208366394,0.22172175347805023
"他喜欢看书,从古到现代,文凭是十分流行的。","他喜欢看书,从古到现代,文凭是十分流行的。",9.942659075715216,0.0,0.0,0.0,38.09523809523809,19.51800145897067,0.0,0.0,10.4684788894928,34.10578761364096,72.08980321884155,75.07559657096863,0.5898697376251221,0.5240524411201477
"为了学校周围的空气质量,我特地取了一条不流行的新闻。","为了学校周围的空气质量,我特地取了一条不流行的新闻。",92.00444146293236,87.72279297934199,82.73854775325815,76.7733168433653,26.923076923076923,10.377490433255417,0.0,0.0,95.69426751588205,25.632262474298496,94.06973719596863,71.6698706150055,0.7926496267318726,0.30141764879226685
"为了学校环境好,我随身携带了不流行的新闻。","为了学校环境好,我随身携带了不流行的新闻。",90.90909090909088,85.28028654224414,78.56009758726493,70.16879391277372,33.333333333333336,12.909944487358057,0.0,0.0,90.9090909090409,29.233532240255876,96.58164978027344,70.66356539726257,0.8222200870513916,0.30001384019851685
"听说自己被录取了,他心里很高兴。","听说自己被录取了,他心里很高兴。",74.99999999999997,63.245553203367585,55.5513224287824,50.67309892897293,45.725976809165125,29.868082979411053,24.093337482376885,19.91888973122615,74.99999999994999,41.745901025659094,86.58687472343445,80.91893196105957,0.6315721273422241,0.8002806305885315
"把自己择优录取通知书交给了老师,心里高兴极了。","把自己择优录取通知书交给了老师,心里高兴极了。",90.90909090909088,85.28028654224414,78.56009758726493,70.16879391277372,27.900081148601764,18.675388769889082,0.0,0.0,90.9090909090409,29.065918249814914,97.10006713867188,71.1215078830719,0.7962015271186829,0.634790301322937
"哥哥接到清华大学的录取通知书,高兴不已。","哥哥接到清华大学的录取通知书,高兴不已。",30.326532985631665,0.0,0.0,0.0,46.92240322249477,38.598966947851274,32.16899094773964,26.918533623231834,37.1428571428493,51.38888888887499,80.73759078979492,83.12599658966064,0.4280964732170105,0.7698500156402588
"哥哥接到清华大学的录取通知书,心里很高兴。","哥哥接到清华大学的录取通知书,心里很高兴。",71.42857142857146,48.795003647426675,36.24601243342974,0.0,45.407889986914284,37.117494131986135,31.558077899928758,25.958797948707513,57.14285714280714,48.460038986319226,80.65609931945801,80.07439374923706,0.7117519378662109,0.6991449594497681
"犯罪分子趁人带财逃跑,没有计划成功。","犯罪分子趁人带财逃跑,没有计划成功。",72.7272727272727,60.3022689155527,43.233287816535174,0.0,44.44444444444444,32.338083338177725,23.556613421026437,17.18152967132724,78.44660194168223,28.524895300084204,88.87308239936829,75.47211647033691,0.7833080887794495,0.7051395177841187
"罪犯趁机逃跑,计划没有成功。","罪犯趁机逃跑,计划没有成功。",49.99999999999999,40.82482904638629,34.66806371753173,27.77619034011791,39.90269055874383,16.905144867600672,0.0,0.0,52.34239444759824,34.40104592249361,79.69982624053955,80.97267150878906,0.7236624360084534,0.7763084173202515
"你知道吗,一个小时的上班时间没有一个小时,他好吗?","你知道吗,一个小时的上班时间没有一个小时,他好吗?",57.89473684210525,47.44957310981936,37.5570866689132,28.52636439147137,36.0,21.213203435596427,12.507242180067482,0.0,61.953445915043446,34.2682632804954,84.05616283416748,73.23400974273682,0.3931625187397003,0.15500621497631073
他知道明天的工作机器没有一个小时没有一个小时。,他知道明天的工作机器没有一个小时没有一个小时。,33.333333333333336,19.611613513818398,11.544156732643193,0.0,56.52173913043478,32.057261021330625,16.97766046935716,0.0,24.640192901746765,40.7410864289132,74.97621774673462,79.05727028846741,0.4619298577308655,0.15259969234466553
"妈妈出差回家做这项工作,他没时间休息。","妈妈出差回家做这项工作,他没时间休息。",73.01257341294418,67.44612626270498,63.25149411058876,59.01281683318052,57.89473684210525,31.063037209869776,0.0,0.0,81.34920634918082,47.368421052581574,92.9410994052887,80.40322661399841,0.7425431609153748,0.6642290353775024
"妈妈回房间出差,这工作她没时间休息。","妈妈回房间出差,这工作她没时间休息。",45.45454545454545,36.92744729379982,24.744880157997635,0.0,52.55330382815363,29.61913989057118,0.0,0.0,45.454545454495445,37.78268063977912,83.25008749961853,76.93911790847778,0.5642375349998474,0.5832749009132385
"他喜欢模仿明星的歌曲,还模仿他们唱歌。","他喜欢模仿明星的歌曲,还模仿他们唱歌。",19.999999999999996,0.0,0.0,0.0,52.63157894736842,34.199278402838466,23.96284175883941,17.12473044894657,19.999999999950003,43.18020644545744,74.30229187011719,85.00112295150757,0.5406215786933899,0.5714855790138245
"他喜欢模仿著名歌曲,再模仿明星。","他喜欢模仿著名歌曲,再模仿明星。",90.90909090909088,85.28028654224414,82.70230439802374,80.70557274927978,44.12484512922977,27.907002402110564,21.413147559223564,16.067667710982956,90.9090909090409,40.894439967730605,98.78705143928528,82.7471375465393,0.7858079075813293,0.5093657970428467
小孩子喜欢模仿大人的行为。,小孩子喜欢模仿大人的行为。,83.00915602566019,82.59306741035519,82.11410885863806,81.55395405382076,72.54956239049889,64.39683176833506,57.883885707323756,50.78431769269645,86.62961752202527,77.78176597268627,95.00563144683838,92.90105104446411,0.8287153840065002,0.8538263440132141
小孩子喜欢模仿成年人的行为。,小孩子喜欢模仿成年人的行为。,59.999999999999986,50.70925528371098,42.93027805507643,33.88714363186177,66.5044842645731,48.80094969999436,38.12927146088345,26.172213267606296,63.63962670489127,48.16146429150816,85.36806106567383,84.55379605293274,0.6663855910301208,0.7823496460914612
"学习不努力,比赛的水平会下降。","学习不努力,比赛的水平会下降。",59.09090909090908,44.381268229929724,34.025914324743205,25.376192011638008,40.841421555337554,27.675410355849262,17.276122903129647,0.0,58.834951456245335,31.00868725865076,88.2509708404541,77.12039351463318,0.6934925317764282,0.6335303783416748
"学习不努力,比弱势群体更弱。","学习不努力,比弱势群体更弱。",100.00000000000004,100.00000000000004,100.00000000000004,100.00000000000004,40.35588735026946,22.385418632037712,0.0,0.0,99.99999999994999,38.00444038132166,100.0,76.09531879425049,0.9467209577560425,0.5329210162162781
"哥哥受到了经理的赏识,成为了经理的助理,对他来说很重要。","哥哥受到了经理的赏识,成为了经理的助理,对他来说很重要。",33.80065871308584,23.384400828851977,16.859213520829393,0.0,35.71428571428571,19.920476822239888,11.513535483428976,0.0,43.75964053383281,35.321821036038365,76.0647714138031,76.49847865104675,0.45395833253860474,0.5840538740158081
"哥哥哥哥接受经济班长的帮助,受到了班长的影响。","哥哥哥哥接受经济班长的帮助,受到了班长的影响。",16.13480348593598,0.0,0.0,0.0,30.434782608695656,11.761799222424118,0.0,0.0,20.31063321385475,18.95660870041617,76.12583041191101,75.08537769317627,0.3909981846809387,0.318859338760376
你们这项目是你们努力的结果。,你们这项目是你们努力的结果。,45.40461689683223,29.425554861891772,16.31817840978898,0.0,37.22508900177462,19.31515024964987,0.0,0.0,32.522979556939106,44.37825763215476,75.42899250984192,79.57232594490051,0.3800554871559143,0.5350470542907715
这项项目是大家的努力的结果。,这项项目是大家的努力的结果。,64.41233940645306,28.403171905560104,0.0,0.0,46.531361252218275,30.539934068631744,17.171553181284605,0.0,48.50746268654467,55.472822040196455,85.8873188495636,80.82510828971863,0.5823796391487122,0.6973761916160583
"由于配合默契,我终于获得了乒乓球冠军。","由于配合默契,我终于获得了乒乓球冠军。",90.0,89.44271909999159,88.79040017426006,88.01117367933934,47.3354512027196,40.464730070070765,34.194070128931465,26.835680277524183,94.21631000572432,42.43912420706391,98.52739572525024,79.91213202476501,0.912156879901886,0.5365074872970581
"由于配合得天衣无缝,我成为了乒乓球冠军。","由于配合得天衣无缝,我成为了乒乓球冠军。",77.77777777777777,69.72166887783968,59.281555074834415,43.167001068522545,40.745002137494495,33.3476488476206,26.355819647972105,16.806337426814576,81.78887993547556,33.656553018433485,95.80303430557251,73.31607937812805,0.681448221206665,0.3756483793258667
"我班的干部心胸开阔,互相配合。","我班的干部心胸开阔,互相配合。",46.632887897647514,16.054079841168555,0.0,0.0,56.16807814674091,42.938854913903356,35.156197704123315,27.290446769229238,28.160657234108427,57.26011334764054,77.91693806648254,84.71810221672058,0.43255531787872314,0.767545223236084
"我班的干部心里也一样,互相配合。","我班的干部心里也一样,互相配合。",90.90909090909088,85.28028654224414,82.70230439802374,80.70557274927978,56.99575187490254,43.4746537269151,35.50787381112593,27.488915599519622,90.9090909090409,56.32131446824808,95.60820460319519,83.37018489837646,0.8064404129981995,0.6713843941688538
"生活中,父母配得我们一家五口之福气。","生活中,父母配得我们一家五口之福气。",26.66666666666667,0.0,0.0,0.0,25.523656890884812,14.385180548155438,8.407018791463573,0.0,28.284278535472772,34.92227979274919,74.18288588523865,77.2773802280426,0.5763380527496338,0.4708116054534912
"生活中,父母和睦配合,我们一家有福气。","生活中,父母和睦配合,我们一家有福气。",51.85727544772027,35.78491978780161,22.803801652959717,0.0,29.207220418241747,18.095243399009643,9.904754000377652,0.0,58.89896778227458,38.446009034244554,84.77250337600708,79.0673017501831,0.44127577543258667,0.6419287323951721
不要低年级同学欺负低年级同学。,不要低年级同学欺负低年级同学。,55.156056411537236,36.02778518198154,20.15054334497523,0.0,75.84835431705548,57.610960759044325,40.621947051455784,31.445337221251133,58.42062852534542,68.21911196907547,86.6607666015625,89.2287015914917,0.7187913060188293,0.6903353333473206
"学校的同学都很高大,不要欺负小同学。","学校的同学都很高大,不要欺负小同学。",74.99999999999997,63.245553203367585,52.275795857471,38.50322886878711,55.55555555555555,40.42260417272215,31.290796390969792,21.258844131063825,79.29824561397368,46.73650282024591,85.72070598602295,81.76939487457275,0.6851268410682678,0.5429653525352478
"申请报告写得太深,容易让报告的负责人或者监护人签字。","申请报告写得太深,容易让报告的负责人或者监护人签字。",52.31761834753929,48.55244163884743,46.363367152450444,44.4492897203408,38.46153846153847,24.806946917841696,17.24467959222235,12.219667481477892,53.59480910719102,40.513734323981986,84.45301651954651,79.95485067367554,0.6873388290405273,0.4461466670036316
"申请内容简单,需要有对方签字或加盖单位印章。","申请内容简单,需要有对方签字或加盖单位印章。",26.66666666666667,0.0,0.0,0.0,31.728192467979046,16.237420163766004,0.0,0.0,28.92416225742925,25.32638069497389,79.00031208992004,76.63556337356567,0.4577503800392151,0.6086166501045227
"他把文章带到同学家里,给爸爸签字。","他把文章带到同学家里,给爸爸签字。",35.71428571428571,23.440361546924777,0.0,0.0,47.058823529411775,34.29971702850177,25.032637112775845,18.295654224495205,39.87906708890352,47.05882352936177,82.52682685852051,84.14258360862732,0.7379801869392395,0.47142672538757324
"他把文章带回家,让爸爸签字。","他把文章带回家,让爸爸签字。",31.57894736842106,13.245323570650438,0.0,0.0,55.72786498394024,43.10508383136755,29.94248837572232,0.0,35.31135531128963,59.47368421049075,77.99098491668701,87.04838156700134,0.5518156886100769,0.5902923345565796
"我虽然一直在努力强调自己养育成人,但并没有做到预防。","我虽然一直在努力强调自己养育成人,但并没有做到预防。",90.0,83.66600265340755,75.91472429689156,65.80370064762461,38.46153846153847,21.483446221182984,12.43556586598581,0.0,89.99999999994999,33.65655301838707,98.63482713699341,78.44066023826599,0.8458954095840454,0.47885143756866455
"我虽然总是强调自己要努力养育成自己,但也不能避免别人的帮助。","我虽然总是强调自己要努力养育成自己,但也不能避免别人的帮助。",46.66666666666667,31.62277660168379,24.871131731971634,18.92240568795936,30.000000000000004,17.616606585441104,10.34893104859132,0.0,51.999999999930935,33.518414601662435,76.87906622886658,78.0511200428009,0.6878132224082947,0.6959465146064758
"强调市场经济,强调运行稳定。","强调市场经济,强调运行稳定。",100.00000000000004,100.00000000000004,100.00000000000004,100.00000000000004,32.26960697187197,26.47439390392451,21.468807832080987,15.012938528032256,99.99999999994999,25.388291517319505,100.0,75.41393637657166,0.9682979583740234,0.5054463744163513
强大的环境、强大的市场和强大的运转组织。,强大的环境、强大的市场和强大的运转组织。,26.31578947368421,0.0,0.0,0.0,45.24187090179797,20.758394029226395,0.0,0.0,28.630056673765452,37.923637923598086,74.97954368591309,71.69857025146484,0.5294160842895508,0.5588693022727966
"他们俩在一起工作,应该互相支持、互相支持,并取消同伙的祝福。","他们俩在一起工作,应该互相支持、互相支持,并取消同伙的祝福。",85.00000000000001,76.26132357679228,70.83419331601236,65.86134739641669,40.53863601803677,32.344770790293545,25.9510970065006,20.645144269564863,79.99999999995,41.84848079235404,91.57212376594543,77.75722146034241,0.5692777037620544,0.3781673312187195
"他们俩在一起工作,应该互相支持,不要互相否定。","他们俩在一起工作,应该互相支持,不要互相否定。",41.52547563801129,30.79611696025472,20.018666931862025,0.0,38.218549230055295,30.654913303929476,24.732604819894995,19.79200895452723,46.6748466257433,44.92934238342825,77.17639803886414,78.8614809513092,0.572617769241333,0.5675421953201294
"父母决定看你的孩子生病,公司可以准许你请假。","父母决定看你的孩子生病,公司可以准许你请假。",88.8888888888889,81.6496580927726,72.49202486685948,66.06328636027612,49.60026197892842,34.68079575670512,16.355148863721585,0.0,93.4730056405521,45.380597653888856,98.05521965026855,83.74298810958862,0.840832531452179,0.49691617488861084
"父母应该看看孩子生病了,公司可以准许你请假。","父母应该看看孩子生病了,公司可以准许你请假。",35.29411764705882,25.332019855244937,12.610429748420032,0.0,52.90694611085698,42.810903716885605,32.182620006578475,22.477033597521054,35.66604161729181,45.380597653888856,78.08535099029541,85.56005954742432,0.5261527895927429,0.603355884552002
"他青年人缺少灵活性,让他感到孤单。","他青年人缺少灵活性,让他感到孤单。",30.769230769230774,22.645540682891916,0.0,0.0,30.684245406437434,11.954485699773544,0.0,0.0,31.898089171917164,29.805282436839587,77.81895995140076,75.9641170501709,0.5428556799888611,0.621500551700592
"请假的人缺少灵感,往往会感到孤单。","请假的人缺少灵感,往往会感到孤单。",49.99999999999999,40.82482904638629,32.931687800417464,27.22589423069701,26.300781776946366,11.067703143293885,0.0,0.0,52.86549707596199,19.870188291219122,87.19757199287415,73.28434586524963,0.6721363663673401,0.33412402868270874
"当我们在玩朋友时,相识相识,相识相识,相识相识,相识相识,相识相识,相识相识,相识相识。","当我们在玩朋友时,相识相识,相识相识,相识相识,相识相识,相识相识,相识相识,相识相识。",57.50277591433272,33.913287060583684,21.26760700997402,14.328025462034935,20.454545454545453,9.753841331435327,0.0,0.0,39.872611464926614,17.78919965282615,81.26196265220642,70.1321542263031,0.599589467048645,0.39932310581207275
人生最困难的是认识自己。,人生最困难的是认识自己。,71.22777528017816,57.42566831466844,43.669458430507284,35.24025452531097,84.64817248906144,72.1882040514447,64.20474179433408,56.173837665598214,73.87168589350162,53.22003577814209,90.5615508556366,86.68761849403381,0.6526969075202942,0.8654536008834839
人生最困难的是认识自己。,人生最困难的是认识自己。,39.091215120066174,18.86142958060863,11.934187395350545,0.0,84.64817248906144,72.1882040514447,64.20474179433408,56.173837665598214,35.52049090506089,53.22003577814209,78.90201210975647,86.68761849403381,0.4086308479309082,0.8654536008834839
正确认识自己是最重要的事情。,正确认识自己是最重要的事情。,80.07374029168083,74.90212546224643,68.46208492960541,59.86908497649472,41.311916204882706,31.662628400499088,25.99727258368315,20.244536640933237,88.252427184438,53.48400509690705,95.10199427604675,83.03217887878418,0.8584024310112,0.6831891536712646
"环境不好,环境好,认识自己才是最重要的事情。","环境不好,环境好,认识自己才是最重要的事情。",64.62728399214893,48.79833908611089,37.62689507936485,31.247663570071495,47.77815181341421,36.11688794302392,29.212585305651984,24.764766875680824,62.81087333715041,48.840674994475755,86.0798716545105,80.02051711082458,0.6053146719932556,0.626966655254364
我们成功时要从失败中吸取教训。,我们成功时要从失败中吸取教训。,33.333333333333336,0.0,0.0,0.0,41.93736998427402,38.47823365610927,34.46517077295737,32.18515671812472,27.857142857073796,57.92349726776319,76.77172422409058,86.95591688156128,0.3411265015602112,0.6681123971939087
"我们从成功中吸取教训,从失败中吸取教训。","我们从成功中吸取教训,从失败中吸取教训。",48.40441045780793,42.688677476684624,39.524779750061526,36.337289265247364,58.410058730355345,53.600745956188355,48.18509103222167,43.52145311757056,60.931899641572784,65.07936507933955,89.2225980758667,86.8071436882019,0.7366577982902527,0.7066748142242432
"作为老师,最大的失败就是学生上课看他乏味。","作为老师,最大的失败就是学生上课看他乏味。",92.30769230769226,87.70580193070288,82.39824906342801,76.11606003349888,51.168336614833805,29.084008852475755,0.0,0.0,92.30769230764233,47.11886201073816,96.62047624588013,79.67239618301392,0.7627214193344116,0.49311745166778564
"失败了几次,再多的失败也使他灰心丧气。","失败了几次,再多的失败也使他灰心丧气。",16.666666666666668,0.0,0.0,0.0,20.72701754118443,12.294666012136208,0.0,0.0,12.126865671574393,20.53349408483414,70.90338468551636,70.41651606559753,0.2756388187408447,0.5065385103225708
"经过多次失败,他终于被录取了,大家都在为他呐喊助威。","经过多次失败,他终于被录取了,大家都在为他呐喊助威。",51.5466959093229,31.815311433143144,22.633595957718388,0.0,39.175276404097986,24.091419616203417,0.0,0.0,50.1899077590728,40.629427241406916,78.75972390174866,78.41071486473083,0.6050158143043518,0.4695301055908203
分析输液管路事情的发生及处理情况。,分析输液管路事情的发生及处理情况。,40.0,29.277002188455995,18.751526127306107,0.0,37.19745119980564,18.074712379743524,0.0,0.0,42.42641780324019,28.735362997640852,79.26652431488037,77.63178944587708,0.5012630820274353,0.48917198181152344
"不同输液管路常见故障,如何处理好?","不同输液管路常见故障,如何处理好?",100.00000000000004,100.00000000000004,100.00000000000004,100.00000000000004,17.533854517964247,9.0367417752225,0.0,0.0,99.99999999994999,19.870188291219122,100.0,71.13603949546814,0.9709665179252625,0.5537461042404175
"孩子在输液,害怕输液,哭闹起来。","孩子在输液,害怕输液,哭闹起来。",46.55313898520114,31.626630084170817,19.798601716851696,0.0,38.94003915357024,28.43778377939307,20.798879799330237,15.237043787179804,48.16146429150816,37.962962962937425,78.38284969329834,78.33325862884521,0.49999362230300903,0.4021799564361572
"孩子在输液的时候,害怕输液,哭闹起来。","孩子在输液的时候,害怕输液,哭闹起来。",62.50000000000002,45.64354645876385,39.044833280954016,34.234749558690204,39.94650442174473,29.020462653680983,21.10461227417708,15.365214826612297,67.53535674552467,35.85032640146283,81.44980072975159,79.44777607917786,0.5303703546524048,0.4825213551521301
发展生产是提高人民的生活质量。,发展生产是提高人民的生活质量。,25.925925925925927,9.985744825254637,0.0,0.0,86.6666666666667,65.82805886043833,40.54801330382265,27.301208627090666,20.39157605743957,46.66666666661667,76.27179026603699,83.64617228507996,0.3512459695339203,0.7491168975830078
"在夹带字典里,我们可以提前复习不认识的字。","在夹带字典里,我们可以提前复习不认识的字。",87.50000000000003,70.71067811865478,55.03212081491043,0.0,57.14285714285717,41.403933560541276,26.229289923817383,17.79392574533939,79.29824561397368,50.68574836010421,92.75502562522888,85.95147728919983,0.8208746910095215,0.6184566617012024
工厂提前完成了今年的生产计划。,工厂提前完成了今年的生产计划。,100.00000000000004,100.00000000000004,100.00000000000004,100.00000000000004,87.51733190429479,77.57582337858298,71.44118856472397,65.68469977521322,99.99999999994999,49.61389961386312,100.0,90.41401147842407,0.9583961963653564,0.8324335813522339
"为了提前完成任务,他们都在夜以继日地工作着。","为了提前完成任务,他们都在夜以继日地工作着。",45.40461689683223,25.483278030850986,14.826049012968191,0.0,63.63636363636361,49.23659639173309,41.74128044846464,35.17636208847486,37.169119493651145,39.22330097080845,80.22056221961975,81.4935028553009,0.6447795629501343,0.7598239779472351
"为了提前完成任务,他们都在夜以继日地工作着。","为了提前完成任务,他们都在夜以继日地工作着。",92.85714285714283,88.64052604279179,83.83820492034592,78.25422900366432,63.63636363636361,46.056618647183825,31.687777970444237,24.05680447798905,92.85714285709285,58.834951456245335,95.85555791854858,84.86305475234985,0.8473716378211975,0.7363089919090271
我喜欢看旧的黑帮电影。,我喜欢看旧的黑帮电影。,66.66666666666669,49.23659639173309,28.941787404774686,0.0,55.36730085068171,45.90814064410914,32.913518732905466,0.0,66.66666666661666,62.23312883433224,83.86816382408142,88.35819363594055,0.6265386939048767,0.6327738761901855
我最喜欢黑色的电影。,我最喜欢黑色的电影。,36.36363636363637,26.96799449852968,0.0,0.0,53.62560368285113,28.263174756553887,0.0,0.0,37.92363792357934,31.623931623917716,79.04906272888184,85.77724099159241,0.34403330087661743,0.6401499509811401
"早点回家,我选择坐动车去。","早点回家,我选择坐动车去。",59.358732864953616,50.445222863423325,42.96989444720879,34.15286017973014,52.76331810218102,38.8327506660375,28.646596298139187,21.18854509032766,63.63962670491886,35.35534816938405,90.99509716033936,80.06992936134338,0.4812585711479187,0.7334402203559875
"我不方便接电话,能发短信吗?","我不方便接电话,能发短信吗?",27.272727272727277,0.0,0.0,0.0,49.976609812509324,40.17304572639483,33.51308158462053,29.111636658950246,28.44272844266985,40.60189524105358,74.07188415527344,84.0672254562378,0.43788641691207886,0.8094398379325867
"我的电话不方便发短信,能不能发短信?","我的电话不方便发短信,能不能发短信?",16.546816923461165,0.0,0.0,0.0,42.042643062522906,30.59051614004532,17.686506248034725,0.0,17.526188557577502,32.38515483409006,70.74687480926514,80.41402697563171,0.35422253608703613,0.6818626523017883
天天我帮你找对象。,天天我帮你找对象。,10.000000000000002,0.0,0.0,0.0,47.76875403825263,29.25226826055807,20.613516056554733,0.0,9.99999999995,54.945054945036254,69.4752037525177,82.24883675575256,0.2452908158302307,0.5161692500114441
他发了一张二维码给了我红包。,他发了一张二维码给了我红包。,30.434782608695656,16.63369597826152,10.962747417185616,0.0,43.34389498750908,38.0151106867966,31.52125397161804,22.289171515194326,23.946135831313047,46.25730994148491,75.23579001426697,76.03568434715271,0.375324547290802,0.5378502011299133
他发来的这张二维码可以获得红包。,他发来的这张二维码可以获得红包。,66.66666666666669,57.73502691896257,46.80926207766301,36.15855225145533,62.50000000000002,54.00617248673218,43.67902323681494,33.64932442330151,68.80209184501629,62.49999999994999,85.31005382537842,86.4700198173523,0.7409401535987854,0.6628283858299255
"扫描二维码后,你可以看到更多食物。","扫描二维码后,你可以看到更多食物。",67.03200460356396,67.03200460356396,67.03200460356396,67.03200460356396,35.29411764705882,25.724787771376327,16.401017071915387,0.0,79.05982905981517,23.529411764655883,93.1879997253418,74.84243512153625,0.8092743158340454,0.2954343259334564
"刷二维码时,你可以看到商品的颜色、图片等信息。","刷二维码时,你可以看到商品的颜色、图片等信息。",48.67504894196282,22.482042087568352,0.0,0.0,34.782608695652165,21.778620259218837,13.120402049988744,0.0,48.809523809498266,19.156908665036703,82.14178085327148,73.62141609191895,0.7169552445411682,0.5600175857543945
二维码是真有意思的。,二维码是真有意思的。,48.78885314613832,39.21828302742502,31.7149016789226,22.989844704605932,36.391839582757996,22.14736827620661,15.493005519122509,0.0,54.10813429218193,22.28571428570645,83.85317325592041,71.82425260543823,0.5862123966217041,0.6917521357536316
缺少法律是导致法律缺席的主要罪魁祸首。,缺少法律是导致法律缺席的主要罪魁祸首。,9.942659075715216,0.0,0.0,0.0,15.789473684210527,9.36585811581694,0.0,0.0,10.4684788894928,17.47496046383382,72.08188772201538,71.27286791801453,0.5493015050888062,0.4292387366294861
我们会通过短信通知你。,我们会通过短信通知你。,71.42857142857146,40.599897147057504,0.0,0.0,48.446388244346494,38.409506169430436,23.195139883419888,0.0,44.32301153606944,54.45398773003777,84.278404712677,85.54815649986267,0.4296063184738159,0.8270243406295776
我们会通过短信通知你。,我们会通过短信通知你。,85.7142857142857,75.59289460184542,61.14214174657596,48.892302243490086,48.446388244346494,38.409506169430436,23.195139883419888,0.0,91.23434704823777,54.45398773003777,97.82702922821045,85.00782251358032,0.8439178466796875,0.8302132487297058
我通过信件的方式告诉你了好消息。,我通过信件的方式告诉你了好消息。,33.333333333333336,17.40776559556979,0.0,0.0,68.75000000000001,52.44044240850757,38.91424757884177,25.947507140745756,36.63003662996824,70.82050595630857,79.80443835258484,84.07930135726929,0.5796685218811035,0.7764571905136108
我们用不同的查询方式来寻找。,我们用不同的查询方式来寻找。,12.500000000000002,0.0,0.0,0.0,53.20358741165847,33.810289735201366,20.6997532322703,0.0,13.971742543103133,48.16146429150816,71.97398543357849,84.76648330688477,0.6022000908851624,0.620322048664093
我们用不同的查询方式来寻找信息。,我们用不同的查询方式来寻找信息。,32.00818376641557,12.494715549038007,0.0,0.0,49.99999999999999,31.62277660168379,19.258567855541784,0.0,26.09118814102932,43.74999999995,72.9986846446991,83.3455741405487,0.29966220259666443,0.7190908789634705
我没有看见你的方向。,我没有看见你的方向。,53.33333333333335,39.03600291794134,28.620185370050958,21.023693683267553,24.56192259233946,21.13953714465921,16.59895273402739,0.0,53.33333333328333,26.83284457475,85.7458233833313,67.02315211296082,0.6432225704193115,0.23636622726917267
坐火车从北京方向往北京方向去。,坐火车从北京方向往北京方向去。,46.66666666666667,40.82482904638629,37.15253593196873,33.64932442330152,19.999999999999996,11.952286093343934,0.0,0.0,50.61728395055094,20.640627553465396,85.17900705337524,64.53830003738403,0.5841466188430786,0.20897258818149567
原来每隔几分钟就会写一分钟的作业。,原来每隔几分钟就会写一分钟的作业。,63.6916720510035,47.76875403825263,28.585227523640132,0.0,17.647058823529417,10.502100630210077,0.0,0.0,54.945054945036254,19.560307182584012,83.59490036964417,73.22061657905579,0.539752185344696,0.43815290927886963
他原来还有五分钟就写完了这篇文章。,他原来还有五分钟就写完了这篇文章。,35.71428571428571,16.5748386032949,0.0,0.0,23.529411764705884,12.126781251816647,0.0,0.0,30.411449016037423,19.698910954447662,71.40495181083679,73.28745126724243,0.20211800932884216,0.35516995191574097
"我不会工作一时,我只会出差一时。","我不会工作一时,我只会出差一时。",59.26545765453741,38.255688416897385,0.0,0.0,43.74999999999999,17.07825127659933,0.0,0.0,67.31310603688829,31.249999999950003,85.62208414077759,74.22187924385071,0.6088801026344299,0.42885953187942505
"我会工作坚持不懈,最后只花最后一分钟。","我会工作坚持不懈,最后只花最后一分钟。",34.99999999999999,19.194297398747864,12.696693759248044,0.0,52.63157894736842,41.88539082916955,31.40020566013399,24.941747177008256,32.539682539616194,32.3851548340793,76.7658531665802,78.9627730846405,0.3508279323577881,0.49731671810150146
他能安静下来十分钟。,他能安静下来十分钟。,22.738715947504925,0.0,0.0,0.0,79.99999999999997,51.639777949432215,32.182979486854336,0.0,16.439909297020385,59.99999999994999,70.71205973625183,87.62662410736084,0.23463134467601776,0.7923364639282227
"每隔一分钟他就来一分钟,我就要告诉他所有。","每隔一分钟他就来一分钟,我就要告诉他所有。",22.22222222222222,16.16904166908886,11.778306710513217,0.0,23.80952380952381,10.91089451179962,0.0,0.0,24.6913580246321,25.751375758365096,71.98799252510071,76.59305334091187,0.3233361840248108,0.357698917388916
八宝粥的存折超过两个月。,八宝粥的存折超过两个月。,29.82797722714566,21.703041301065834,17.400647989419454,13.31488794012028,58.410058730355345,45.47216904999418,31.816268199383362,22.976448323015262,31.405436668555836,36.15520282184396,76.00353956222534,82.01460838317871,0.45061367750167847,0.4228362441062927
"他的演讲听得津津有味,看得我们津津有味。","他的演讲听得津津有味,看得我们津津有味。",100.00000000000004,100.00000000000004,100.00000000000004,100.00000000000004,28.536882735021425,16.90379046283276,11.472559639086302,0.0,99.99999999994999,24.3612768668805,100.0,69.66116428375244,1.0034191608428955,0.4973410964012146
"听他的演讲结束时,我才恍然大悟,原来他已经听得津津有味了。","听他的演讲结束时,我才恍然大悟,原来他已经听得津津有味了。",46.11986270929219,13.055115340908326,0.0,0.0,24.137931034482758,16.08168802256692,12.419663590497835,9.264863757089694,29.99707267739784,26.4720152980453,78.8270890712738,72.49947190284729,0.32141977548599243,0.4821723699569702
"小王平时很自由,在这种时候也比较害羞。","小王平时很自由,在这种时候也比较害羞。",53.846153846153854,47.3665466715671,43.371414275155395,39.553325358771794,47.37303296064521,30.78234731715103,21.568657356972274,15.413757980002101,55.82165605089806,49.75186104214432,79.78178858757019,81.60274624824524,0.7350956797599792,0.4717192053794861
"小王平时很好吃,你的时候却有点害羞。","小王平时很好吃,你的时候却有点害羞。",72.22222222222223,61.83469424008421,52.33978098358732,46.75667418121196,35.82656552868946,21.284151498914813,0.0,0.0,75.94681708293727,36.63003663001793,92.46618747711182,74.69543218612671,0.7335799336433411,0.27117228507995605
"因为住宿一天容易,宾馆感冒了。","因为住宿一天容易,宾馆感冒了。",53.05700387751146,36.42928703963392,29.07872758075872,22.499268274284365,33.444751214563006,17.309303215457476,0.0,0.0,57.53968253965076,30.335876773861774,83.19995403289795,75.59430003166199,0.6713656187057495,0.1575041264295578
贵重物品最好放在宾馆里。,贵重物品最好放在宾馆里。,64.28571428571428,54.470477940192204,46.24524014728561,40.52587697205425,77.59415811497296,73.30746775945423,68.28689316373922,62.20700406786387,66.48451730413257,83.63148479424227,82.37301707267761,95.0727641582489,0.5791555643081665,0.7762743830680847
住院病历可以作为住院病历。,住院病历可以作为住院病历。,30.70529072599159,17.195959702680806,9.981401625663047,0.0,38.46153846153847,31.00868364730212,25.95382211737339,20.448007360218387,35.51170217835124,39.872611464910804,80.6145966053009,74.98583793640137,0.4674510955810547,0.40642690658569336
住院病历可以放在地铁上。,住院病历可以放在地铁上。,43.99999999999999,30.27650354097492,22.86660128736526,15.268470848781108,49.37810061861915,43.587769230845154,40.06842649600686,36.705048206502106,38.55179619056533,53.22003577814209,81.37351870536804,81.61632418632507,0.6232852935791016,0.2794475257396698
病历是不能改写的。,病历是不能改写的。,72.38699344287673,60.322494535730584,49.79512210720654,42.2683921634124,47.76875403825263,20.684477252128634,0.0,0.0,75.84727584723602,27.47252747250878,83.990079164505,79.2418360710144,0.5365733504295349,0.7154413461685181
政府对贫困户的补贴也越来越强大。,政府对贫困户的补贴也越来越强大。,18.6125445008873,0.0,0.0,0.0,55.156056411537236,40.28028837283518,27.348494919780016,0.0,22.189128816071367,52.578565672807144,70.31881809234619,83.11898112297058,0.520747721195221,0.7943437099456787
政府对贫困户的补贴也越来越强大。,政府对贫困户的补贴也越来越强大。,66.40732482052816,0.0,0.0,0.0,55.156056411537236,40.28028837283518,27.348494919780016,0.0,43.31480876099226,52.578565672807144,86.96852326393127,83.11898112297058,0.7856087684631348,0.7943437099456787
"危险发生时,生命最重要的东西是生命。","危险发生时,生命最重要的东西是生命。",53.33333333333335,39.03600291794134,28.620185370050958,0.0,55.55555555555555,36.15507630310937,0.0,0.0,49.49748743712388,46.73650282024591,79.48721051216125,84.11758542060852,0.2377076894044876,0.6441701650619507
"家人放弃了家里所有的财物,逃跑了。","家人放弃了家里所有的财物,逃跑了。",40.0,16.90308509457033,0.0,0.0,47.058823529411775,29.70442628930023,0.0,0.0,33.333333333283335,37.210424710363895,73.95341396331787,86.01558804512024,0.49621379375457764,0.7870839238166809
"他放弃了家人的财物,逃跑了。","他放弃了家人的财物,逃跑了。",71.42857142857146,52.414241836095925,35.775231712563716,25.400289715190983,53.20358741165847,33.810289735201366,0.0,0.0,68.42576028616266,48.16146429150816,89.32342529296875,87.80509233474731,0.7301705479621887,0.8029889464378357
"餐巾纸一张里全是印刷精美的,点餐巾纸也太漂亮了。","餐巾纸一张里全是印刷精美的,点餐巾纸也太漂亮了。",40.0,29.814239699997188,22.314431669405643,0.0,24.999999999999996,14.744195615489712,9.960317042892665,0.0,44.37825763209756,27.857142857073796,74.99417066574097,74.83360767364502,0.2945479154586792,0.5026683211326599
"嘲笑的纸张很多,都印刷得很漂亮。","嘲笑的纸张很多,都印刷得很漂亮。",49.99999999999999,36.92744729379982,23.890919115885197,0.0,24.999999999999996,0.0,0.0,0.0,51.97777051318169,19.824561403447365,81.78426027297974,75.66728591918945,0.5260403752326965,0.34219852089881897
"他再也忘掉你已经找不到办法了,现在你等等我。","他再也忘掉你已经找不到办法了,现在你等等我。",100.00000000000004,100.00000000000004,100.00000000000004,100.00000000000004,36.36363636363637,18.609684207969416,0.0,0.0,99.99999999994999,24.514563106730783,100.0,76.04346871376038,0.9621748328208923,0.3167645335197449
"钥匙你再也忘掉,就别找我了,我等你了。","钥匙你再也忘掉,就别找我了,我等你了。",66.66666666666669,57.73502691896257,53.58322898371244,50.31747626530137,42.10526315789474,15.29438225803745,0.0,0.0,66.66666666661666,31.57894736837105,85.15567779541016,75.2952516078949,0.5337986946105957,0.6306177377700806
有没有什么办法快地说不吃饭吗?,有没有什么办法快地说不吃饭吗?,43.478260869565226,34.4350221575091,22.435571916208385,15.415064977510756,46.66666666666667,36.51483716701108,31.335662403819388,26.760322756637922,47.39152175114122,33.333333333283335,82.79826641082764,74.59405064582825,0.5664128065109253,0.3182743191719055
"这项工作除了我之外,还有别的办法。","这项工作除了我之外,还有别的办法。",41.50457801283011,27.5310224701184,0.0,0.0,41.1764705882353,22.68713032432575,0.0,0.0,43.31480876099226,25.76652601962266,77.29743123054504,74.47612285614014,0.5790125727653503,0.4414673447608948
"这件事除了我之外,还有别的办法吗?","这件事除了我之外,还有别的办法吗?",26.66666666666667,13.801311186847087,0.0,0.0,47.058823529411775,29.70442628930023,0.0,0.0,28.284278535472772,31.670366984393656,77.1028459072113,79.16691899299622,0.4369099736213684,0.5953816175460815
这是一场普通的比赛。,这是一场普通的比赛。,100.00000000000004,100.00000000000004,100.00000000000004,100.00000000000004,30.000000000000004,18.25741858350554,0.0,0.0,99.99999999994999,33.28369322405586,99.99999403953552,74.47488903999329,0.9641643166542053,0.6685654520988464
这种比赛不公正。,这种比赛不公正。,32.26960697187197,24.646319432513,19.001532203673737,0.0,62.50000000000002,51.75491695067657,44.69517675482838,36.55552228545123,40.62126642771378,49.99999999995,69.76351737976074,79.87412810325623,0.3092830777168274,0.7188227772712708
今天晚上有多久必须填完表格?,今天晚上有多久必须填完表格?,19.999999999999996,0.0,0.0,0.0,57.14285714285717,36.31365196012816,0.0,0.0,17.877946540302517,28.571428571378572,67.96378493309021,77.44898796081543,0.39609959721565247,0.5307716727256775
能做家是中华民族的优良传统。,能做家是中华民族的优良传统。,40.4726487706427,37.249325535599404,33.59186188326219,30.444789160037768,14.285714285714283,0.0,0.0,0.0,54.10830081688943,14.285714285664286,85.26960611343384,67.57368445396423,0.5862106680870056,0.08559393882751465
玻璃行业是一项历史悠久的行业。,玻璃行业是一项历史悠久的行业。,72.7272727272727,53.93598899705937,0.0,0.0,46.66666666666667,25.819888974716118,0.0,0.0,54.54545454540454,34.40104592247994,78.60841751098633,78.44287157058716,0.528903603553772,0.6620341539382935
"我们从小就喜欢吃甜食,所以会少睡觉。","我们从小就喜欢吃甜食,所以会少睡觉。",24.999999999999996,16.222142113076256,11.349619435430355,0.0,22.22222222222222,11.433239009500591,0.0,0.0,22.041470958818856,24.849923216461985,74.30332899093628,80.36994934082031,0.30948907136917114,0.3355860114097595
"感冒不是单纯的感冒,而是复杂的感冒。","感冒不是单纯的感冒,而是复杂的感冒。",33.333333333333336,24.253562503633297,15.433947974965204,0.0,38.888888888888886,21.389631597324925,0.0,0.0,35.77712609964235,38.88888888883889,79.58899140357971,75.37155151367188,0.4481630325317383,0.3703863024711609
彩票是我的中国彩票。,彩票是我的中国彩票。,100.00000000000004,100.00000000000004,100.00000000000004,100.00000000000004,40.0,21.081851067789188,0.0,0.0,99.99999999994999,39.999999999950006,100.0,75.36194920539856,0.9520244598388672,0.23724323511123657
彩票是我的妈妈。,彩票是我的妈妈。,64.70588235294115,44.967308386531336,29.985468634200238,0.0,34.36446393954861,18.368578620276967,0.0,0.0,66.54456654451086,30.11394465543743,86.06439232826233,74.58505034446716,0.6383352279663086,0.13382810354232788
"有的人写家庭作业,不写男朋友。","有的人写家庭作业,不写男朋友。",62.50000000000002,42.25771273642582,0.0,0.0,38.20743514363916,14.947910066133433,0.0,0.0,62.49999999994999,29.814271749725567,88.00587058067322,75.63554644584656,0.5613071322441101,0.25918662548065186
有的人说写作业在房间里不要写男生。,有的人说写作业在房间里不要写男生。,14.486606950235943,0.0,0.0,0.0,38.8241882763772,15.125781892550492,0.0,0.0,20.29734970911885,34.229874360123496,70.80026268959045,73.53865504264832,0.2239718735218048,0.21088874340057373
"你如果说谎的话,就不要写草稿了。","你如果说谎的话,就不要写草稿了。",43.34389498750908,29.44637811883895,18.433741148744776,0.0,37.5,22.360679774997894,0.0,0.0,46.25730994148491,27.78699097100133,78.1075119972229,79.26698923110962,0.4301058053970337,0.6881155967712402
他的谎言没有写草稿。,他的谎言没有写草稿。,88.9009765402776,76.9905041051248,65.50279956685452,57.20412316540905,36.19349672143838,26.977039670850655,20.190932736684847,0.0,77.30207271487869,37.923637923598086,93.51958632469177,79.5034110546112,0.7281803488731384,0.497631311416626
我们在公共场合应当注意礼貌。,我们在公共场合应当注意礼貌。,16.666666666666668,0.0,0.0,0.0,49.53587998572469,40.639862774366144,32.95597275583606,27.40623717328051,17.88856304978898,52.86549707598783,74.68239068984985,80.33342957496643,0.5935219526290894,0.7614889740943909
"建设者反复检查后,给出了正确的答案。","建设者反复检查后,给出了正确的答案。",53.676949505377586,25.928429928953776,0.0,0.0,44.44444444444444,32.338083338177725,23.556613421026437,17.18152967132724,60.63432835818647,34.22987436011213,90.45866131782532,78.73881459236145,0.8022667765617371,0.609224796295166
"对生活情况不同的人,也会有不同的答案。","对生活情况不同的人,也会有不同的答案。",42.94155960430207,23.191092748392276,0.0,0.0,60.680567888979155,53.3876614174919,46.88978913475088,41.51877404693219,48.50746268654467,63.42406807520648,82.12360739707947,83.24987888336182,0.6519643664360046,0.6964918375015259
"答案很简单,但里面太深了。","答案很简单,但里面太深了。",24.999999999999996,0.0,0.0,0.0,33.257415168402105,24.476794816625986,20.669335140501833,17.576720371825974,27.47252747245908,42.590329900503825,76.2347936630249,83.81708860397339,0.5197590589523315,0.6978484392166138
这场大雨让他心情不好。,这场大雨让他心情不好。,38.33518394288848,17.906340134265868,0.0,0.0,41.52547563801129,25.144924203898324,0.0,0.0,39.872611464926614,46.6748466257433,79.64332699775696,81.2330961227417,0.6446459293365479,0.6345990300178528
"正正着正着,我住的地方就在附近。","正正着正着,我住的地方就在附近。",83.00915602566019,77.86949072647971,75.51553338402918,73.69231628533761,37.5,15.811388300841893,0.0,0.0,86.62961752202527,41.20879120872282,90.8653199672699,77.56688594818115,0.6015532612800598,0.5265972018241882
没找到到洗衣服店的附近吗?,没找到到洗衣服店的附近吗?,49.123845184678906,0.0,0.0,0.0,36.653744525105374,24.975316986585536,15.686678577558837,0.0,53.66568914953006,36.84144974466059,81.93410634994507,81.60855770111084,0.6388561129570007,0.4204576015472412
希望每位顾客都能拿到我们优质的服务。,希望每位顾客都能拿到我们优质的服务。,45.24187090179797,30.16124726786532,0.0,0.0,84.51260214357934,76.04671896610843,68.64285615635576,62.680500508910946,47.40454740450756,78.51359167144768,82.37731456756592,93.64816546440125,0.6477693915367126,0.7674764394760132
"我们最近新开了一家店,不接受顾客的欢迎。","我们最近新开了一家店,不接受顾客的欢迎。",63.63636363636361,50.4524979109513,38.38700926079122,28.997844147152072,64.99999999999999,48.93604849295928,34.174500988297005,22.01224844905468,68.64077669896378,59.99999999994999,81.336110830307,84.92013216018677,0.5075821280479431,0.5439742803573608
超市里有各种各样的商品可供顾客挑选。,超市里有各种各样的商品可供顾客挑选。,16.666666666666668,0.0,0.0,0.0,83.33333333333334,66.42111641550716,54.8969062140017,45.83034067124108,18.638338966616814,61.11111111106111,73.76390099525452,89.87622261047363,0.2595210671424866,0.8213505744934082
这家店推出了一款符合顾客的要求的食物。,这家店推出了一款符合顾客的要求的食物。,16.666666666666668,0.0,0.0,0.0,52.63157894736842,38.235955645093625,29.548724840460075,20.038908500140973,17.88856304978898,49.69418960238667,73.11040759086609,84.21146273612976,0.48170870542526245,0.6374660730361938
"因为与各种人接触过,所以他创作了自己最出色的作品。","因为与各种人接触过,所以他创作了自己最出色的作品。",88.8888888888889,66.66666666666669,50.26316274194361,38.14165616365676,72.0,51.961524227066334,32.77824730869838,20.00246989816379,77.77777777772779,55.99999999995,95.82353830337524,86.7948055267334,0.7615271210670471,0.7469443082809448
他梦想建设一个金融王国。,他梦想建设一个金融王国。,53.846153846153854,42.365927286816174,31.956331266050764,23.90108882452814,40.435377314175575,25.8625542284749,0.0,0.0,57.539682539618994,49.52380952380168,83.15768241882324,88.16778063774109,0.6798443794250488,0.788783073425293
他在金融市场赚了第一桶金。,他在金融市场赚了第一桶金。,55.55555555555555,44.28074427700476,36.59793747600114,31.46660996956415,61.07097367830395,44.94701961671524,38.7807110082571,34.331018527601024,58.42062852532245,67.53535674556309,88.5778546333313,89.79723453521729,0.5437120795249939,0.5762884616851807
"大家在金融危机中要小心被骗子骗了,不要贪心。","大家在金融危机中要小心被骗子骗了,不要贪心。",100.00000000000004,100.00000000000004,100.00000000000004,100.00000000000004,59.09090909090908,41.089070180665914,20.361395691706615,0.0,99.99999999994999,52.145002144943554,100.00001192092896,84.45493578910828,0.953344464302063,0.6418173909187317
决赛现场太精彩了。,决赛现场太精彩了。,62.50000000000002,54.00617248673218,47.05180144405144,42.311785416105785,53.38249352778721,32.68996758512603,0.0,0.0,57.944050327878635,49.029126213564226,90.60179591178894,83.52745175361633,0.6616566181182861,0.7818341255187988
他在决赛中犯了一次小失误。,他在决赛中犯了一次小失误。,25.530944612154958,0.0,0.0,0.0,61.538461538461554,45.29108136578384,33.41085299235576,0.0,17.178034004275304,53.84615384610384,75.33968687057495,90.54064750671387,0.591933012008667,0.7404635548591614
肯德基已经开十年了。,肯德基已经开十年了。,29.411764705882355,19.174124721184267,0.0,0.0,72.38699344287673,46.72560334771452,29.120364063589527,0.0,32.831518257458555,37.923637923598086,73.62366914749146,83.20657014846802,0.34987708926200867,0.7253257632255554
我家楼下肯德基的人流量很好。,我家楼下肯德基的人流量很好。,16.666666666666668,0.0,0.0,0.0,64.28571428571428,54.470477940192204,42.01658909605013,28.65612242047131,16.666666666616667,42.85714285709285,75.06020069122314,84.58210229873657,0.5793350338935852,0.6334745287895203
他老师教学水平很高。,他老师教学水平很高。,54.54545454545453,46.709936649691365,41.74128044846462,36.72056269893591,73.68576777701837,63.418611433977595,54.80853433559895,49.02608580435959,58.834951456245335,62.60997067445674,81.43117427825928,87.11104393005371,0.32007110118865967,0.8234128952026367
"学生认真学习,老师喜欢看他们。","学生认真学习,老师喜欢看他们。",53.669257520043864,42.37413474305422,36.73194382424458,31.727218786905187,73.33333333333334,51.176631571915884,0.0,0.0,55.82165605091388,35.35534816935647,81.6203773021698,78.01824808120728,0.6156385540962219,0.5385733246803284
老师们每个星期都没召开联欢会。,老师们每个星期都没召开联欢会。,53.05700387751146,42.064917357437594,25.402608353939446,0.0,53.33333333333335,33.80617018914066,20.63872502603718,0.0,57.53968253965076,49.49748743712388,85.55684685707092,83.09842944145203,0.8041873574256897,0.513847291469574
"这是不寻常的礼物,你心里知道吗?","这是不寻常的礼物,你心里知道吗?",93.10627797040233,89.45361839438259,85.30958870582018,80.52253761904356,31.088591931765013,13.108101300254853,0.0,0.0,96.32292858305907,16.896394340452566,98.66615533828735,72.38691449165344,0.8650983572006226,0.5445622205734253
"他宣布,宾馆的宾馆数量越来越多。","他宣布,宾馆的宾馆数量越来越多。",100.00000000000004,100.00000000000004,100.00000000000004,100.00000000000004,18.75,0.0,0.0,0.0,99.99999999994999,13.968911917033862,100.0,68.11969876289368,0.9683063626289368,0.1859375536441803
这篇论文的评价非常高。,这篇论文的评价非常高。,20.843100983925417,11.141106108539963,0.0,0.0,56.87541232354464,44.46155505146823,35.78004851918296,25.117527162201892,22.30511962953967,58.81852953674513,71.69632315635681,85.42674779891968,0.24820631742477417,0.8356916904449463
"老板发现他出差时,在手机上拿了钱。","老板发现他出差时,在手机上拿了钱。",29.959878316308547,0.0,0.0,0.0,47.058823529411775,29.70442628930023,22.743660195259537,17.026024721767097,20.485900800816765,45.64071675945496,73.84124398231506,82.48928189277649,0.43204569816589355,0.33401280641555786
他醒来后发现自己在医院。,他醒来后发现自己在医院。,68.11183498037144,56.38552127243905,45.122237314608306,34.68899992311541,84.33740467435464,65.05696445772017,48.88465406172248,33.05757413649847,72.6900584794966,71.77070063690113,87.96525597572327,91.96902513504028,0.7680410742759705,0.8047816753387451
我国的经济建设飞跃式地发展。,我国的经济建设飞跃式地发展。,81.87307530779823,81.87307530779823,81.87307530779823,81.87307530779823,42.94155960430207,35.229798887978106,28.568804446803362,23.75786132082876,89.4428152492368,48.50746268654467,91.34735465049744,81.97548985481262,0.7040643095970154,0.75800621509552
"我不反对玩游戏,但是我会控制好时间。","我不反对玩游戏,但是我会控制好时间。",69.00333109719922,63.56120211458128,57.06734492878191,48.86103195703452,72.22222222222223,58.29830881301377,43.96266120540607,27.43406514687287,71.77070063690113,57.049790600223794,84.62138772010803,87.57052421569824,0.6150862574577332,0.6696127653121948
我们要学会倾听反对的声音。,我们要学会倾听反对的声音。,100.00000000000004,100.00000000000004,100.00000000000004,100.00000000000004,65.95414762772627,61.39996995704954,56.07381643860639,49.588554702454445,99.99999999994999,70.71069633880256,99.99999403953552,91.46761894226074,0.9544390439987183,0.844795823097229
我否认你的提议。,我否认你的提议。,46.1210141145937,41.449741022727,38.65951778708216,36.086384747950035,44.12484512922977,0.0,0.0,0.0,50.67258717510512,46.736502820268875,78.53866219520569,83.86146426200867,0.3681745231151581,0.6207768321037292
自己否定要多大勇气。,自己否定要多大勇气。,100.00000000000004,100.00000000000004,100.00000000000004,100.00000000000004,43.9049308875221,23.139930352807966,0.0,0.0,99.99999999994999,48.9010989010959,99.99999403953552,76.42068862915039,0.9456597566604614,0.6196391582489014
有的人唱反调是正常的。,有的人唱反调是正常的。,93.74999999999997,90.13878188659973,86.10519204589448,81.53551038173119,33.591098123916254,23.7524932709239,18.485893702608696,12.761857537387911,93.74999999994998,33.70869758483585,97.20741510391235,78.07714343070984,0.7155233025550842,0.5376079678535461
你觉得唱反调从来没好吗?,你觉得唱反调从来没好吗?,100.00000000000004,100.00000000000004,100.00000000000004,100.00000000000004,25.670855951629598,15.480108588875853,10.715343976291086,0.0,99.99999999994999,22.368421052631188,100.0,74.2147147655487,0.9840344786643982,0.6217777729034424
这个游戏有帮助沉迷系统。,这个游戏有帮助沉迷系统。,72.7272727272727,60.3022689155527,43.233287816535174,0.0,74.99999999999997,45.22670168666453,0.0,0.0,72.72727272722275,60.64073226538829,93.27686429023743,86.56833171844482,0.8459171056747437,0.6698676347732544
自己沉迷电脑游戏已经退步了。,自己沉迷电脑游戏已经退步了。,33.333333333333336,11.322770341445958,0.0,0.0,29.985965887505575,17.96593222148525,0.0,0.0,26.396306932499563,29.001353743604874,74.28190112113953,75.45996904373169,0.3241502344608307,0.3828365206718445
"夏天的食物真漂亮,我沉迷其中。","夏天的食物真漂亮,我沉迷其中。",40.21920276213835,24.476627330774733,17.1224191333197,0.0,26.66666666666667,19.51800145897067,14.310092685025484,0.0,47.435897435883525,29.82456140344191,82.72022008895874,78.327077627182,0.6147410869598389,0.5519413948059082
老师终于承认我讲错了话。,老师终于承认我讲错了话。,46.15384615384615,27.73500981126145,19.12293963810262,0.0,53.669257520043864,36.69707715086976,23.13967461386088,0.0,47.84713375790443,47.84713375792024,84.93492603302002,83.42175483703613,0.6220259666442871,0.7668732404708862
"我准备好了行李,就不能在外地旅行了。","我准备好了行李,就不能在外地旅行了。",90.0,87.05715001320144,83.84711818906295,81.93882146581181,14.108028748176901,0.0,0.0,0.0,89.99999999994999,15.205724508016866,97.31941819190979,66.88098907470703,0.7211572527885437,0.1708213984966278
第一次见面迟到的人往往会留下印象最深刻。,第一次见面迟到的人往往会留下印象最深刻。,100.00000000000004,100.00000000000004,100.00000000000004,100.00000000000004,64.99999999999999,41.358509593425545,21.181290584186847,0.0,99.99999999994999,57.57663389236399,99.99997019767761,77.98985242843628,0.9707947373390198,0.5743664503097534
"你迟到几分钟,谢了,我罚你三分钟。","你迟到几分钟,谢了,我罚你三分钟。",15.334073577155388,0.0,0.0,0.0,58.82352941176469,42.87464628562721,33.25143292141238,22.637359354764463,15.94904458594573,47.05882352936177,74.44170713424683,81.69245719909668,0.320977121591568,0.4391341209411621
打扮前和老爸有巨大的差别。,打扮前和老爸有巨大的差别。,42.85714285714285,28.171808490950543,20.92148242324234,13.834368456410946,24.242814869104613,15.958574441461279,11.342722272178738,0.0,46.67484662569982,23.409893992922846,80.82779049873352,72.5921094417572,0.5495818853378296,0.37290483713150024
"自己想得罪了很多人,但没人得罪过。","自己想得罪了很多人,但没人得罪过。",38.888888888888886,21.389631597324925,0.0,0.0,47.058823529411775,38.34824944236854,33.974515584373115,30.277029197532105,42.444029850678874,41.176470588185296,81.16578459739685,82.75377750396729,0.5212702751159668,0.6368280053138733
"下雨了,他跑去超市躲避了雨。","下雨了,他跑去超市躲避了雨。",71.1766580370496,70.61840111952002,69.95085525718022,69.13086465463164,61.91984998215586,35.195153568914606,0.0,0.0,78.44660194171955,15.306122448989539,87.69933581352234,85.31996011734009,0.6882833242416382,0.747767984867096
"你的困难是无法解决的,是鱼龙混杂的,还是解决你?","你的困难是无法解决的,是鱼龙混杂的,还是解决你?",72.7272727272727,46.709936649691365,28.941787404774658,0.0,24.999999999999996,18.05787796286538,0.0,0.0,45.454545454495445,27.94348508627425,85.46377420425415,74.98241662979126,0.5541934370994568,0.2951819598674774
"我低头看灯,支持灯亮。","我低头看灯,支持灯亮。",62.50000000000002,50.000000000000014,41.49132666831218,35.83129187641355,30.318287930006566,15.899044321180595,0.0,0.0,59.4736842104649,32.87981859407254,84.55142974853516,73.05365800857544,0.6567233204841614,0.32451435923576355
"你不要逼我急躁,我就会翻脸了。","你不要逼我急躁,我就会翻脸了。",49.99999999999999,37.79644730092272,0.0,0.0,53.33333333333335,19.51800145897067,0.0,0.0,55.88697017261648,26.666666666616667,83.22553038597107,78.95217537879944,0.7585493326187134,0.6840146780014038
"他是你儿子,怪不得脸色不好。","他是你儿子,怪不得脸色不好。",27.918816751330947,11.828065604208323,0.0,0.0,36.30330784335595,21.750934106185056,13.057762583886472,0.0,33.28369322411305,20.31063321385475,73.60767126083374,77.11376547813416,0.6036457419395447,0.5845791101455688
"八宝粥已经过期了,不好吃。","八宝粥已经过期了,不好吃。",57.14285714285717,23.90457218668788,0.0,0.0,64.10499775216033,49.732087589801964,39.67633609595092,32.79475209724913,40.54859868807082,66.48451730414725,83.20587873458862,83.83753895759583,0.538256049156189,0.6480594873428345
楼道旁边的火消灭器过期了。,楼道旁边的火消灭器过期了。,66.18726769384463,55.20399736488309,46.07236607543378,35.80707606310359,52.36249217872196,34.46921217220151,24.499349991707902,17.787169215425674,70.10475423042197,55.26217461699837,89.7889256477356,84.39632058143616,0.5313588380813599,0.8307721614837646
"爷爷每天看报纸,对国家的大事了解得津津有味。","爷爷每天看报纸,对国家的大事了解得津津有味。",100.00000000000004,100.00000000000004,100.00000000000004,100.00000000000004,54.54545454545453,39.47710169758614,19.82531858886833,0.0,99.99999999994999,39.740376582414235,100.0,83.47801566123962,0.9500744342803955,0.7369552850723267
吸取这些东西会导致流产。,吸取这些东西会导致流产。,7.142857142857142,0.0,0.0,0.0,38.455703428359215,26.29460478514016,20.889870718887394,16.07504429535728,7.975813417725853,45.640716759511356,69.9556291103363,83.87697339057922,0.265701025724411,0.7276334166526794
我看得你恶心。,我看得你恶心。,42.457146179884354,29.29821432670199,18.670173700368636,0.0,41.96071367631026,26.16710238021211,0.0,0.0,51.99999999999216,46.59584741670813,84.645015001297,84.09330248832703,0.6342567205429077,0.7391083240509033
我看你吃得这么乏味。,我看你吃得这么乏味。,79.99999999999997,73.0296743340221,64.36595897370862,52.53819788848316,29.632728827268714,0.0,0.0,0.0,83.7478311161928,33.656553018433485,93.03957223892212,76.80634260177612,0.6854864954948425,0.3958006501197815
我惭愧地否定了他那长得好看的面孔。,我惭愧地否定了他那长得好看的面孔。,79.99999999999997,63.245553203367585,53.58322898371244,44.28500142691474,11.76470588235294,0.0,0.0,0.0,75.68230102952357,12.403474903414075,93.75333189964294,72.11211323738098,0.6512109041213989,0.46127182245254517
网络上方便了很多年轻人。,网络上方便了很多年轻人。,54.54545454545453,46.709936649691365,41.74128044846462,36.72056269893591,38.506283927444386,23.220162883313776,14.041072755926495,0.0,60.22788931083718,27.96052631578908,85.24466753005981,76.98894739151001,0.4431859254837036,0.4652225375175476
"网络上支付很方便,很多年轻人很喜欢。","网络上支付很方便,很多年轻人很喜欢。",70.00000000000003,57.582892196243606,47.99049519403644,40.1577332834242,66.66666666666669,44.28074427700476,29.047802224635298,0.0,70.50264550257916,66.66666666661666,89.55615758895874,86.7956817150116,0.6256282925605774,0.7814754247665405
"手机好,方便带吗?","手机好,方便带吗?",70.5401437408845,61.64241439984991,57.788670896759896,54.88684910025905,28.496906152442428,15.112766687421516,0.0,0.0,76.02862254021723,34.1763499658126,90.30632376670837,69.64818835258484,0.6798791289329529,0.41846710443496704
"方便是方便,方便是方便。","方便是方便,方便是方便。",32.20616970322653,20.084075461628778,0.0,0.0,28.216057496353802,14.735355447829402,0.0,0.0,36.380597014902875,30.41144901606695,73.61122369766235,70.92386484146118,0.552051305770874,0.38304030895233154
"不要总给自己找借口,难过自己难过。","不要总给自己找借口,难过自己难过。",100.00000000000004,100.00000000000004,100.00000000000004,100.00000000000004,31.376815249509725,18.6729400349988,12.737383529838542,0.0,99.99999999994999,27.607883112432212,99.99997019767761,74.12290573120117,0.9707947373390198,0.46299445629119873
不要总是方便给自己找困难。,不要总是方便给自己找困难。,10.000000000000002,0.0,0.0,0.0,48.48562973820923,35.68445727509816,19.39578225525969,0.0,10.8465608464945,35.11484098938927,65.3728723526001,81.26434683799744,0.3984067738056183,0.44686710834503174
他们两个是第一名。,他们两个是第一名。,100.00000000000004,100.00000000000004,100.00000000000004,100.00000000000004,22.839571694843745,15.321250465995206,11.129704021463425,0.0,99.99999999994999,32.789790854312585,100.0,77.62752175331116,0.9646653532981873,0.5426911115646362
"事情性不一样,要分清楚。","事情性不一样,要分清楚。",100.00000000000004,100.00000000000004,100.00000000000004,100.00000000000004,38.94003915357024,16.604088484913394,0.0,0.0,99.99999999994999,21.693121693096163,100.0,70.36386728286743,0.9653632640838623,0.4654964804649353
"事情性不同,要让它适度地对待。","事情性不同,要让它适度地对待。",61.538461538461554,45.29108136578384,26.518211593610204,0.0,53.33333333333335,27.602622373694174,0.0,0.0,63.796178343891675,46.66666666661667,85.94277501106262,75.82845091819763,0.7413284182548523,0.6231158971786499
分别有什么好处?,分别有什么好处?,46.66666666666667,31.62277660168379,19.740230337485706,0.0,27.590958087858166,20.856803866993975,0.0,0.0,52.19298245607348,27.777777777785182,84.1494619846344,79.82516288757324,0.7396601438522339,0.5331062078475952
人们高高兴兴地有福气和贫穷没有分别。,人们高高兴兴地有福气和贫穷没有分别。,49.99999999999999,31.62277660168379,24.264275032025868,18.20705281109213,38.888888888888886,26.196841599779198,16.247727570233458,0.0,52.86549707596199,35.77712609964235,87.80152201652527,76.81128978729248,0.6600437164306641,0.526043176651001
父母期待的目光让我感到很惭愧。,父母期待的目光让我感到很惭愧。,70.58823529411764,51.44957554275266,41.32797329718274,31.689002674537868,56.130419101897054,47.43886252366309,36.48921247733574,0.0,64.70588235289118,57.94405032789144,84.53401327133179,86.95757985115051,0.695244312286377,0.760055661201477
妈妈期待的目光让我感到很惭愧。,妈妈期待的目光让我感到很惭愧。,45.45454545454545,36.037498507822356,29.615092275387507,22.866722231574908,68.6038455689853,60.55900392170843,50.910853478597645,37.87317628191652,49.675470728034696,70.82050595632138,81.3877522945404,88.77533078193665,0.5986725687980652,0.8059845566749573
他的努力让我感到惭愧。,他的努力让我感到惭愧。,11.031211282307444,0.0,0.0,0.0,63.47364189402821,60.21638393130394,56.35850064288441,51.62236909521245,11.684125705039227,76.41422517043365,72.06430435180664,91.72078371047974,0.5447878241539001,0.758549690246582
我彻底失败了。,我彻底失败了。,49.99999999999999,40.82482904638629,33.755319058958186,26.064654620515448,18.009231214795243,12.734449515938161,8.359144650854425,0.0,50.87546535361527,28.464315467935975,81.82963132858276,82.65768885612488,0.5123208165168762,0.8436328768730164
我没有特别仔细计划。,我没有特别仔细计划。,100.00000000000004,100.00000000000004,100.00000000000004,100.00000000000004,28.459876181841953,16.035323629420326,0.0,0.0,99.99999999994999,23.463544980283192,100.0,79.23425436019897,0.9772857427597046,0.5267133712768555
"我有一个大致的计划,没有详细的计划。","我有一个大致的计划,没有详细的计划。",40.0,21.081851067789188,0.0,0.0,68.31929497659974,58.49311452336229,52.12187451541098,48.11141718116342,43.386243386177036,53.97525805684634,79.42007780075073,86.43347024917603,0.2734999656677246,0.7659291625022888
"他阅历比较浅,阅历还比较浅。","他阅历比较浅,阅历还比较浅。",5.555555555555555,0.0,0.0,0.0,21.42857142857143,0.0,0.0,0.0,6.17283950611358,21.42857142852143,68.20588111877441,74.20774102210999,0.2410491406917572,0.44035929441452026
他对社会的经验和外面的教训给了他很多宝贵的经验。,他对社会的经验和外面的教训给了他很多宝贵的经验。,42.85714285714285,31.448545101657547,25.449736428999685,19.67497981115564,29.166666666666668,15.92555143176515,0.0,0.0,46.67484662569982,27.957508449958198,79.1282057762146,76.0175108909607,0.4210497736930847,0.4104943871498108
"他把电话号码写在餐巾纸里,交给我。","他把电话号码写在餐巾纸里,交给我。",56.84763955277427,53.31658952953713,49.379898538557754,44.8995160222747,66.55575133093234,52.39724548420555,37.270629239302146,28.897738063050745,59.70223325058104,57.049790600235184,85.74106097221375,88.95595669746399,0.6332347393035889,0.7988800406455994
"到了车站时,我发现自己把票忘在房间里。","到了车站时,我发现自己把票忘在房间里。",49.99999999999999,33.333333333333336,0.0,0.0,63.15789473684212,41.88539082916955,27.43060625339522,18.951629567590746,49.99999999995,56.3213144682155,82.47029781341553,86.84242963790894,0.6615217328071594,0.7031442523002625
成绩好是自己不断学习的结果。,成绩好是自己不断学习的结果。,22.242705636577995,10.235625888296033,0.0,0.0,42.94155960430207,27.28888487667516,16.707138192397526,0.0,24.514563106768108,30.317164179081995,75.96573233604431,77.40962505340576,0.49467921257019043,0.6596522331237793
"如果不努力,那么怎么样能取得好成绩?","如果不努力,那么怎么样能取得好成绩?",72.54956239049889,60.23772031770743,48.364860780708746,37.32083238656446,72.22222222222223,65.1794907395869,57.068964752687315,49.89070972910272,77.78176597268627,74.16472778030754,92.60585308074951,91.47225618362427,0.7666462659835815,0.9180397987365723
"看我的成绩单了,你妈妈严肃地看着我。","看我的成绩单了,你妈妈严肃地看着我。",66.66666666666669,48.795003647426675,38.01685654384933,26.01278440403793,63.06396459378438,45.885774210067986,33.425402281494215,26.197527109265895,68.80209184501629,59.37278386253539,88.63887786865234,83.25396180152893,0.569736659526825,0.5896340608596802
"领导充分肯定了他的工作成果,妈妈取得了丰硕的成果。","领导充分肯定了他的工作成果,妈妈取得了丰硕的成果。",11.111111111111109,0.0,0.0,0.0,63.99999999999998,43.204937989385726,25.31956911504737,16.48111397596764,11.684125705016255,34.2682632804954,72.00162410736084,81.41211271286011,0.575465977191925,0.5790422558784485
你必须靠生产程序来做饭。,你必须靠生产程序来做饭。,26.31578947368421,17.099639201419233,0.0,0.0,43.94937534669626,36.29000231748777,29.64238002830706,20.89946492122517,26.31578947363421,52.1608191537291,77.76849269866943,85.96142530441284,0.34927132725715637,0.3729093670845032
我们公司有一套严格的规定来解释事情的来龙去脉。,我们公司有一套严格的规定来解释事情的来龙去脉。,61.40480648084862,32.53306122528053,16.885197826140725,0.0,56.52173913043478,42.407770188162644,34.98489125875127,28.309565972180955,49.19354838706671,56.86982610138289,83.63470435142517,85.44923067092896,0.6853364706039429,0.6493690609931946
中国的快递包裹数量非常多。,中国的快递包裹数量非常多。,100.00000000000004,100.00000000000004,100.00000000000004,100.00000000000004,32.977073813863136,15.349992489262387,0.0,0.0,99.99999999994999,28.284278535500345,100.0,76.65179371833801,0.9482386708259583,0.44068580865859985
博物馆在哪里?,博物馆在哪里?,52.55330382815363,48.3678529013428,43.618675261624546,40.22000980758568,48.40441045780793,42.688677476684624,34.52807546265859,0.0,53.97525805684634,30.465949820784253,82.4043869972229,85.86448431015015,0.5328550338745117,0.613815426826477
农民的产品的出口量非常多。,农民的产品的出口量非常多。,100.00000000000004,100.00000000000004,100.00000000000004,100.00000000000004,61.538461538461554,39.223227027636796,0.0,0.0,99.99999999994999,41.099773242566854,100.0,85.57819724082947,0.9653706550598145,0.7362670302391052
"处方上写的姓名写错了,会导致麻烦。","处方上写的姓名写错了,会导致麻烦。",58.82352941176469,54.23261445466402,48.99973050296443,42.818185319516076,23.529411764705884,12.126781251816647,0.0,0.0,65.66303651498578,18.148518148462447,87.078195810318,69.28558945655823,0.5523410439491272,0.3136386275291443
"我是同学,学习知识不是单纯的,也不是单纯的。","我是同学,学习知识不是单纯的,也不是单纯的。",34.99999999999999,23.508117299081356,14.534086179549238,0.0,31.818181818181817,17.40776559556978,0.0,0.0,39.1447368420384,33.78648540577539,78.3262550830841,71.09648585319519,0.5508856773376465,0.3904825448989868
他不喜欢单调乏味的生活。,他不喜欢单调乏味的生活。,8.98657928234443,0.0,0.0,0.0,64.90006525595041,52.50673808330065,35.01833430856118,24.689800508009647,12.412177985952118,57.84832451496564,64.9007260799408,87.58747577667236,0.1568397879600525,0.7994567155838013
"刚才给王打了个电话,他把刚才的名字写错了。","刚才给王打了个电话,他把刚才的名字写错了。",69.59861353000653,60.52689036939955,49.72304117286192,41.38535737986232,42.85714285714285,20.701966780270627,0.0,0.0,73.27935222668192,37.14285714278808,85.72865128517151,73.84320497512817,0.60836261510849,0.5525810718536377
"刚才说的话太矛盾了,令他感到奇怪。","刚才说的话太矛盾了,令他感到奇怪。",59.25925925925925,50.07117441325405,43.129574938821904,37.63278728427449,58.82352941176469,42.87464628562721,23.055255904375134,0.0,59.246467817833235,41.176470588185296,87.94311881065369,84.68983173370361,0.6026684045791626,0.7522686123847961
"你越是觉得害羞,越是会感到害羞,你只好克服。","你越是觉得害羞,越是会感到害羞,你只好克服。",25.925925925925927,19.971489650509266,14.72211826178999,10.738037495669008,31.818181818181817,17.40776559556978,0.0,0.0,26.843774781862013,25.41845075898383,75.1035988330841,76.88745856285095,0.40640372037887573,0.4383009672164917
"快抓住你,成功了。","快抓住你,成功了。",100.00000000000004,100.00000000000004,100.00000000000004,100.00000000000004,24.52529607809616,15.018615295504256,0.0,0.0,99.99999999994999,24.691358024698765,100.0,71.41785025596619,0.9539278745651245,0.31327468156814575
"他虽然知道自己是犯罪,但心存侥幸,最后还是犯罪了。","他虽然知道自己是犯罪,但心存侥幸,最后还是犯罪了。",33.333333333333336,17.40776559556979,0.0,0.0,59.999999999999986,41.83300132670377,31.221713534187334,22.93476949918813,35.77712609964235,44.86060647215226,79.55290079116821,85.2634072303772,0.6259324550628662,0.7633689641952515
"他谦虚不客气,成功不是侥幸。","他谦虚不客气,成功不是侥幸。",58.344887936196514,42.70408529483113,29.065191367626504,20.571127493069756,43.3236185509024,31.790844679184772,21.698774891993594,15.406054477846805,49.61389961386312,37.1428571428493,80.34058213233948,78.43467593193054,0.4979684352874756,0.47612351179122925
"今天的远亲不如现在,侥幸不是侥幸。","今天的远亲不如现在,侥幸不是侥幸。",43.478260869565226,31.434730673096574,21.11268150170346,14.72821272412462,35.29411764705882,21.004201260420146,14.327608115831811,0.0,44.4006136313286,30.24753024747455,78.21558713912964,72.01513648033142,0.4361172914505005,0.2882995009422302
"老师看了你们,他脸上浮现出茫然的表情,变得很单纯。","老师看了你们,他脸上浮现出茫然的表情,变得很单纯。",43.74999999999999,34.15650255319867,29.24017738212866,24.903286388467727,32.0,16.329931618554518,0.0,0.0,48.07692307685468,30.370370370304023,80.86533546447754,75.66969394683838,0.28280675411224365,0.569251298904419
"他老是感到茫然,突然想报复。","他老是感到茫然,突然想报复。",91.66666666666667,86.60254037844388,80.67143230122723,76.91605673134588,24.202205228903964,17.75956332968437,11.407006306447801,0.0,91.66666666661666,20.31063321385475,97.8983998298645,75.28261542320251,0.8403679728507996,0.4376409649848938
"老板害怕被开除了,把他开除了,所以他停工了。","老板害怕被开除了,把他开除了,所以他停工了。",47.3389387033782,29.288043954557544,20.168085997671678,0.0,27.272727272727277,11.396057645963799,0.0,0.0,36.85228343329684,19.870188291173317,78.23628187179565,74.12435412406921,0.4216659665107727,0.28699254989624023
"老师安慰他的时候,眼泪已经停了。","老师安慰他的时候,眼泪已经停了。",49.99999999999999,26.726124191242434,0.0,0.0,37.5,22.360679774997894,0.0,0.0,52.86549707596199,37.499999999950006,85.5319082736969,75.66900253295898,0.7731837630271912,0.6100149750709534
安装完这个软件就可以开始使用了。,安装完这个软件就可以开始使用了。,100.00000000000004,100.00000000000004,100.00000000000004,100.00000000000004,62.50000000000002,54.00617248673218,47.05180144405144,39.375553105513404,99.99999999994999,66.08187134496782,100.0,85.0747287273407,0.9637573957443237,0.7687320113182068
"他俩互相了解,互相把握,成功了。","他俩互相了解,互相把握,成功了。",57.31115271545876,44.448623552186525,33.00261915292878,24.257265980446544,38.66002193199218,23.05238321375128,0.0,0.0,58.1378299119934,20.075963103619753,87.42597699165344,73.37030172348022,0.6842573285102844,0.5987048149108887
搬家那天在吵架。,搬家那天在吵架。,42.85714285714285,20.701966780270627,0.0,0.0,29.52290954631343,19.961130092025538,0.0,0.0,36.05192606173747,39.92628992629223,78.78736853599548,75.67012310028076,0.2657717168331146,0.3547196686267853
"他很倒霉,邻居想搬家。","他很倒霉,邻居想搬家。",16.666666666666668,0.0,0.0,0.0,46.16264865020231,34.23513650799591,20.219248593078525,0.0,17.88856304978898,48.627234199363066,72.12883830070496,83.03127884864807,0.25712302327156067,0.4400656819343567
"学习不好是同学,我们应该帮助他。","学习不好是同学,我们应该帮助他。",47.368421052631575,32.4442842261525,0.0,0.0,51.814319886275044,37.83982907133513,20.391383553813156,0.0,43.18020644545744,56.32131446824808,78.63951921463013,85.7386827468872,0.5092520713806152,0.5391938090324402
"我们有非常丰富的教学系统,包括职业教育、基础教育、职业教育等。","我们有非常丰富的教学系统,包括职业教育、基础教育、职业教育等。",32.918733745746096,12.802827473168948,0.0,0.0,58.06451612903227,52.05456194566274,46.84221536504766,42.63332348101256,25.342874180050256,61.22357174981891,75.3796637058258,88.53956460952759,0.45543479919433594,0.7600347399711609
今年的谁也不装自己。,今年的谁也不装自己。,29.52290954631343,19.961130092025538,0.0,0.0,32.92869816564158,14.170255511980061,0.0,0.0,31.941031941034236,34.929356357924775,75.77670216560364,79.5670211315155,0.4794618487358093,0.24034355580806732
报名表可以到各种学校拿。,报名表可以到各种学校拿。,62.204279126988695,55.21409593968608,49.62987046169443,46.040771186435805,47.76875403825263,30.552997741111266,18.841448005645923,0.0,70.85794655412838,34.34065934064064,86.07503175735474,81.47199153900146,0.5624333620071411,0.6128872036933899
我们不想毕业。,我们不想毕业。,74.56994306786414,68.63104266407213,64.10453528977476,61.32543594343265,100.00000000000004,100.00000000000004,100.00000000000004,100.00000000000004,78.51359167144768,99.99999999994999,93.02553534507751,100.0,0.5658041834831238,0.9567117094993591
姐姐大学毕业后到小区教课工作。,姐姐大学毕业后到小区教课工作。,100.00000000000004,100.00000000000004,100.00000000000004,100.00000000000004,70.95666526675846,53.895456204468395,41.82673991162232,31.610981104846864,99.99999999994999,65.5913978494323,100.0,88.53296637535095,0.9206047654151917,0.6960598230361938
"有的人说吃药要避孕,其实对身体不好。","有的人说吃药要避孕,其实对身体不好。",21.42857142857143,0.0,0.0,0.0,33.665116817642954,17.320559708649135,0.0,0.0,15.55828220852191,28.434913050701894,71.89261317253113,75.35298466682434,0.3843209147453308,0.5776954293251038
"有的人说吃药要避孕,其实对身体不好。","有的人说吃药要避孕,其实对身体不好。",55.156056411537236,26.369638640452393,0.0,0.0,33.665116817642954,17.320559708649135,0.0,0.0,58.42062852534542,28.434913050701894,80.39912581443787,75.35298466682434,0.6029061079025269,0.5776954293251038
"接下来的五十多年中,中国发生了巨大的变化。","接下来的五十多年中,中国发生了巨大的变化。",74.99999999999997,63.245553203367585,48.528550064051736,36.41410562218426,66.66666666666669,60.55300708194985,55.793907700023524,52.710174649255045,74.99999999994999,72.10385212354076,90.99772572517395,90.24116396903992,0.7429080009460449,0.8541346788406372
"他的性格不是固定的,只是变化无常。","他的性格不是固定的,只是变化无常。",57.80863421096899,47.45229024504729,37.62203628100053,24.072824011291072,41.33050133311736,30.12452063290587,23.363072675670455,15.905427986835946,59.37278386253539,43.10304449646989,83.42676758766174,80.4916262626648,0.6704813241958618,0.6418092846870422
"性格不是固定的,只要有一点点微小的改变,它就是随机应变。","性格不是固定的,只要有一点点微小的改变,它就是随机应变。",44.44444444444444,33.333333333333336,0.0,0.0,39.28571428571428,20.892772350933626,14.974405772767682,10.765326248076242,49.52380952374046,34.63466103923847,82.26436972618103,71.68681621551514,0.5556103587150574,0.6895734667778015
我们不能躲避竞争。,我们不能躲避竞争。,42.736665168106896,18.159590803171504,0.0,0.0,80.07374029168083,74.90212546224643,68.46208492960541,59.86908497649472,36.93584294672973,88.252427184438,75.41747689247131,96.83972597122192,0.39956581592559814,0.8537032604217529
"他说话的时候,我们完全无法理解他的意思。","他说话的时候,我们完全无法理解他的意思。",86.6877899750182,83.28693459685675,81.99254661903345,81.18430797997962,55.000000000000014,41.675437673324545,30.70457069283656,24.15725261015974,92.5146198830054,50.25184867639116,95.52977681159973,88.21771740913391,0.766557514667511,0.7890145182609558
我不喜欢看眼睛的神情。,我不喜欢看眼睛的神情。,68.14506851874795,55.0695314903184,42.859058784732404,33.27714551776234,74.70824042309421,45.23808611419633,34.62886084675953,26.238308137184756,75.9259259259004,43.31480876099226,90.14887809753418,85.02662777900696,0.6977864503860474,0.5075739026069641
"这个孩子一天天就知道玩,让人很担心。","这个孩子一天天就知道玩,让人很担心。",64.70588235294115,60.32997499048823,57.90130331749079,55.81600587827485,42.042643062522906,26.492164092157147,0.0,0.0,66.54456654451086,43.180206445468194,83.85637402534485,76.87377333641052,0.6141186952590942,0.5320504903793335
"这个孩子聪明,天生喜欢玩,让人操心。","这个孩子聪明,天生喜欢玩,让人操心。",70.00000000000003,62.360956446232365,52.636329980469824,37.99178428257963,42.042643062522906,26.492164092157147,16.069257359279106,0.0,73.27935222666127,37.78268063977912,86.93702816963196,78.62163782119751,0.681973397731781,0.498624324798584
学生可以到学校查询自己的考试成绩。,学生可以到学校查询自己的考试成绩。,69.17683961896726,49.924083719622914,37.33907298557547,30.880834756422622,41.1764705882353,16.042223697993695,0.0,0.0,66.61546338961098,35.294117647008825,84.92394089698792,81.50500655174255,0.6621814370155334,0.5756397843360901
第一名买了之后超超额买了。,第一名买了之后超超额买了。,30.000000000000004,18.25741858350554,0.0,0.0,35.916644808835336,22.892459092879033,14.062000569739698,0.0,29.99999999995,39.060507992540984,76.89301371574402,76.43217444419861,0.30344128608703613,0.12079224735498428
第一名摔倒后超了。,第一名摔倒后超了。,28.57142857142857,16.90308509457033,11.456697640675745,0.0,26.359713811572682,18.63913238629974,10.936994966391822,0.0,29.233532240255876,36.5765765765866,76.33408308029175,83.39920043945312,0.42095690965652466,0.33086317777633667
老师和同学们一致称赞小王是个好学生。,老师和同学们一致称赞小王是个好学生。,56.24999999999999,43.30127018922193,34.250335529722065,23.578316044531807,73.57462535941508,70.09167787976298,66.22599413363739,61.87129112191096,59.4736842104649,75.56536127960261,79.54816222190857,94.22536492347717,0.4576292634010315,0.8091965913772583
老师和同学们一致称赞小王是个好学生。,老师和同学们一致称赞小王是个好学生。,100.00000000000004,100.00000000000004,100.00000000000004,100.00000000000004,74.56994306786414,71.43345401085432,67.9631792746448,64.07363191582279,99.99999999994999,78.51359167144768,100.0,90.20379185676575,0.9467506408691406,0.7565457820892334
"公园里长满了鲜花,看得人赏心悦目。","公园里长满了鲜花,看得人赏心悦目。",49.89370586835297,44.725788509678075,38.61534284800931,30.781789741768915,28.931350933182166,15.940397991940602,10.597633239798327,0.0,51.50582251367647,28.735362997640852,82.73045420646667,75.66750645637512,0.5375303030014038,0.7638201713562012
他们转头称赞老师在教学上默默奉献的事业。,他们转头称赞老师在教学上默默奉献的事业。,35.27007187044225,16.474628226984198,0.0,0.0,38.04917698002856,19.518815948083045,0.0,0.0,38.01431127009201,29.233532240265593,78.05121541023254,75.67165493965149,0.5718553066253662,0.6835090517997742
他们一致称赞老师付出了教学的汗水。,他们一致称赞老师付出了教学的汗水。,39.77063630286087,29.82797722714566,22.48872710446515,0.0,23.245245970044067,10.715528932076483,0.0,0.0,41.87391555808737,25.751375758404098,85.91419458389282,75.18025636672974,0.3222736716270447,0.5476072430610657
"我们承包一个项目时,要给承包商支付一定的费用。","我们承包一个项目时,要给承包商支付一定的费用。",12.383969996431166,0.0,0.0,0.0,31.88580702697343,19.9648303833516,12.027694976614626,0.0,13.216374268970297,29.065918249814914,69.14698481559753,71.06478214263916,0.3638864755630493,0.4984017014503479
他气焰嚣张地崇拜那些崇拜他的人。,他气焰嚣张地崇拜那些崇拜他的人。,43.9049308875221,40.0795350546686,38.05247353806107,36.256300273131316,24.999999999999996,12.909944487358057,0.0,0.0,55.88697017268145,27.77777777771852,81.55698776245117,78.76396775245667,0.26289254426956177,0.45275866985321045
他盲目崇拜他。,他盲目崇拜他。,28.57142857142857,16.90308509457033,11.456697640675745,0.0,74.30381997858699,56.75047991270784,38.2216121553221,0.0,24.36127686687079,79.29824561399953,73.16182255744934,87.78266906738281,0.5128456950187683,0.715369701385498
"有孕妇在肚子抽血,要抽血几天,要取报告。","有孕妇在肚子抽血,要抽血几天,要取报告。",100.00000000000004,100.00000000000004,100.00000000000004,100.00000000000004,30.000000000000004,21.764287503300356,13.806135595834634,0.0,99.99999999994999,26.678541005125307,100.0,79.82598543167114,0.9575624465942383,0.4161369204521179
"我抽血不出来,只看见血压升高,昏迷不醒。","我抽血不出来,只看见血压升高,昏迷不醒。",31.57894736842106,18.73171623163388,0.0,0.0,40.0,25.131234497501726,15.195618441940141,0.0,33.792788680903776,32.01424920616302,77.19716429710388,75.45119524002075,0.7542293667793274,0.6281560659408569
"我抽血不可以看血,要看血压。","我抽血不可以看血,要看血压。",61.009438720021286,42.39846742910048,32.3639255024144,25.99469349742419,37.57386465376429,14.737682236202945,0.0,0.0,57.049790600235184,30.317164179081995,85.37825345993042,78.32881808280945,0.5978331565856934,0.3143238425254822
出差的奶奶负责照顾我。,出差的奶奶负责照顾我。,83.33333333333334,62.62242910851494,46.110511808750275,33.81307292971254,30.75068698480706,17.239201382242918,0.0,0.0,64.26269137786073,23.54090354090516,82.7461838722229,77.05094814300537,0.4410781264305115,0.6387916803359985
出差的奶奶负责照顾我。,出差的奶奶负责照顾我。,39.58454126262917,31.144950512269688,26.89211312468436,23.124317741340796,42.151147547986135,22.10424825442673,0.0,0.0,45.09142053443781,45.96412556053261,87.41720914840698,78.33114862442017,0.6656254529953003,0.6065211892127991
"我要去南方出差,受到了很大的影响。","我要去南方出差,受到了很大的影响。",25.530944612154958,11.818530844056395,0.0,0.0,47.058823529411775,34.29971702850177,25.032637112775845,18.295654224495205,28.63005667380823,45.64071675945496,73.52258563041687,76.64318680763245,0.6048193573951721,0.6342336535453796
"我对事情不能改变,除了听话之外,还有别的办法。","我对事情不能改变,除了听话之外,还有别的办法。",100.00000000000004,100.00000000000004,100.00000000000004,100.00000000000004,53.42605333021979,32.64575035792289,16.453651831210436,0.0,99.99999999994999,52.66785462121862,99.99997019767761,82.33180046081543,0.9707947373390198,0.604496419429779
"我对事情不改变,除了听话之外,还有别的办法。","我对事情不改变,除了听话之外,还有别的办法。",33.333333333333336,0.0,0.0,0.0,49.80549361539612,29.43190102593082,15.814001373514259,0.0,24.999999999950003,47.646289637095556,71.19669914245605,79.79493737220764,0.5874796509742737,0.5926351547241211
夏天部分的传染力很强。,夏天部分的传染力很强。,90.90909090909088,85.28028654224414,78.56009758726493,70.16879391277372,37.8978599125082,25.138596337448167,0.0,0.0,90.9090909090409,41.099773242598616,96.99535965919495,79.87725138664246,0.8900495767593384,0.609387993812561
热水把你的感染力提高了。,热水把你的感染力提高了。,16.666666666666668,0.0,0.0,0.0,16.666666666666668,0.0,0.0,0.0,18.571428571359508,16.666666666616667,74.31579232215881,68.2671070098877,0.5969031453132629,0.36974388360977173
"群众的意见要妥善处理,才能帮助社会稳定下来。","群众的意见要妥善处理,才能帮助社会稳定下来。",59.358732864953616,46.04997746778716,32.09424815579697,0.0,54.54545454545453,36.037498507822356,0.0,0.0,63.63962670491886,49.675470728034696,88.04904222488403,80.91468214988708,0.6675421595573425,0.7822779417037964
处理垃圾问题对我们每个人的生活质量有着重要的影响。,处理垃圾问题对我们每个人的生活质量有着重要的影响。,40.21920276213835,25.961383749250192,0.0,0.0,63.99999999999998,51.639777949432215,41.127348908077025,35.45968452939002,47.435897435883525,43.85340686703743,75.24099946022034,82.68178105354309,0.6939261555671692,0.7920345664024353
垃圾问题是我们每个人都生活的重要组成部分。,垃圾问题是我们每个人都生活的重要组成部分。,66.40732482052816,49.24899018660713,36.64659342440432,27.376780981812882,66.66666666666669,48.304589153964805,33.274750904455125,25.294464083897797,69.30369401761207,39.801488833687934,86.26612424850464,81.76854252815247,0.5511063933372498,0.7633660435676575
"已经吃不消了,我辞职了。","已经吃不消了,我辞职了。",49.99999999999999,23.570226039551585,0.0,0.0,41.66666666666667,33.7099931231621,28.325816747135228,22.416933501922287,49.99999999995,41.66666666661667,80.21557331085205,75.65159797668457,0.6897622346878052,0.4928070902824402
辞职还是工作?,辞职还是工作?,55.55555555555555,45.64354645876385,39.044833280954016,31.55984539112946,20.541517409295068,18.115915538966178,14.6527776398369,11.717090906676962,60.63432835814155,38.584474885855045,89.66165781021118,77.84595489501953,0.796055018901825,0.6832723021507263
辞职之后再想工作吗?,辞职之后再想工作吗?,49.99999999999999,25.819888974716118,0.0,0.0,19.86341215165638,14.805313278733006,0.0,0.0,52.86549707596199,26.314899374260857,81.18512034416199,74.09640550613403,0.6425455212593079,0.7681804299354553
"我不想离开的时候,是因为这给了我辞职的勇气。","我不想离开的时候,是因为这给了我辞职的勇气。",14.285714285714283,0.0,0.0,0.0,54.54545454545453,27.914526311954127,15.73536579178714,0.0,14.285714285664286,43.439766950300445,72.83418774604797,80.23982048034668,0.2070959359407425,0.4958809018135071
机器慢慢地为我们傻瓜的行为做准备。,机器慢慢地为我们傻瓜的行为做准备。,38.78850379056739,31.91714888292256,22.685444544357466,0.0,22.185250443644115,11.434016363740717,0.0,0.0,46.81978798585569,17.11493718003973,79.787278175354,71.88898921012878,0.5743470191955566,0.2605002224445343
机器逐渐被笨笨笨的劳动代替了。,机器逐渐被笨笨笨的劳动代替了。,25.277961032686505,0.0,0.0,0.0,70.95666526675846,53.895456204468395,38.00211521222142,24.736929544091932,22.056948576269157,47.70283479957892,75.1039206981659,87.63500452041626,0.3878629207611084,0.5853959321975708
"孩子的作业是父母为孩子写的,不能作为家长写的。","孩子的作业是父母为孩子写的,不能作为家长写的。",84.64817248906144,84.64817248906144,84.64817248906144,84.64817248906144,34.782608695652165,25.14778453847725,14.440871015103575,0.0,91.23434704826732,28.961446227564032,95.57715058326721,76.15305185317993,0.7181795239448547,0.5902959704399109
"说法代替不了行动,是明智的,是明智的。","说法代替不了行动,是明智的,是明智的。",62.367132335441205,45.64806674681092,31.068919668883257,21.989282626654578,39.94650442174473,25.1324578876653,15.219058991968168,0.0,64.38227814210641,40.971801601678195,83.91647338867188,73.26161861419678,0.5380128622055054,0.395190954208374
那国的贷款承包商承包了大量的土地。,那国的贷款承包商承包了大量的土地。,19.86341215165638,10.468937416983346,0.0,0.0,41.1764705882353,27.785946511310566,17.26578693225314,0.0,26.314899374260857,38.004440381285384,73.26712608337402,77.71546244621277,0.3358197808265686,0.393358051776886
他向国家承包了一张土地。,他向国家承包了一张土地。,28.52317327958844,19.13392631614961,13.899318279528071,0.0,56.43211499270762,41.67787904141721,30.866420421525447,0.0,37.280701754385575,38.01431127009201,80.29103875160217,82.73588418960571,0.5677013397216797,0.6218820810317993
"这家公司给员工发放贷款,不收取手续费。","这家公司给员工发放贷款,不收取手续费。",44.44444444444444,39.60590171906697,33.974515584373094,26.89054715066592,31.57894736842106,18.73171623163388,0.0,0.0,47.7028347995446,35.285897286527806,83.16527009010315,83.4446907043457,0.5650871396064758,0.6479411721229553
"我们走路不安全,老师担心我们,每天送我们去保护。","我们走路不安全,老师担心我们,每天送我们去保护。",71.42857142857146,48.795003647426675,0.0,0.0,74.99999999999997,65.10860492118232,57.758782873443096,50.34231827546788,71.42857142852144,56.30925138928499,89.87925052642822,88.99494409561157,0.6913182139396667,0.6376255750656128
"我们走路不安全,老师担心我们,每天送我们去保护。","我们走路不安全,老师担心我们,每天送我们去保护。",31.57894736842106,26.490647141300876,23.135869343143963,19.835441454182888,65.16981270291039,55.93122586507166,50.76506299783995,44.75541429741035,34.59503459498418,47.84713375792024,79.67618107795715,84.27574038505554,0.45051878690719604,0.6475328207015991
"以前,人们总是担心天上的星星会爆炸。","以前,人们总是担心天上的星星会爆炸。",49.99999999999999,23.570226039551585,0.0,0.0,33.333333333333336,14.002800840280102,0.0,0.0,52.34239444759824,29.210314262631094,83.80054235458374,78.60315442085266,0.778888463973999,0.7319841384887695
他用天上的星星来导航。,他用天上的星星来导航。,74.99999999999997,56.69467095138407,0.0,0.0,63.63636363636361,56.407607481776594,52.09918709294173,47.987820666906615,79.29824561397368,70.2658708626549,90.12503623962402,92.45678782463074,0.8137611746788025,0.7958305478096008
用星星来导航。,用星星来导航。,74.99999999999997,69.08492797077568,62.02672829851782,53.107253497886994,86.6877899750182,86.6877899750182,86.6877899750182,86.6877899750182,80.49853372427577,92.5146198830054,92.23043918609619,94.9109137058258,0.6527861952781677,0.853431224822998
"每到星期一,导航系统会对每个月五个人进行登记。","每到星期一,导航系统会对每个月五个人进行登记。",52.94117647058824,44.55663943395034,37.54895566916376,29.48993986902436,30.434782608695656,20.37203384166269,0.0,0.0,55.81563706557624,23.946135831313047,88.02801370620728,74.5345413684845,0.7382135391235352,0.34786713123321533
签字必须填好表格。,签字必须填好表格。,52.51039914257684,44.37938725284146,37.57143393289785,32.821002882577524,35.588329018524796,18.873561585072657,0.0,0.0,55.81563706560056,39.22330097084578,82.26375579833984,78.66824269294739,0.5974161028862,0.5088593363761902
必须填写表格。,必须填写表格。,49.99999999999999,22.941573387056177,0.0,0.0,40.33700871483997,27.555422823136556,20.468780071676335,0.0,42.68566560823845,50.776583034643274,79.21861410140991,82.44808316230774,0.6377311944961548,0.5432124733924866
"早定居到这个地方的人往往生活很苦,食物经常吃不饱。","早定居到这个地方的人往往生活很苦,食物经常吃不饱。",53.33333333333335,19.51800145897067,0.0,0.0,52.00000000000001,29.4392028877595,15.561140326039062,0.0,48.16146429149448,49.82728842826706,83.5016131401062,80.38225173950195,0.725976288318634,0.6359676122665405
"早晚定居下来后,生活起来的人常常吃不饱饭。","早晚定居下来后,生活起来的人常常吃不饱饭。",30.769230769230774,16.012815380508716,0.0,0.0,39.36025893448753,18.037136594035104,0.0,0.0,34.33070866135458,38.55179619059832,76.65132284164429,75.61350464820862,0.6395274996757507,0.43284231424331665
"堵车时间长得这么久,你怎么认为这是个好办法?","堵车时间长得这么久,你怎么认为这是个好办法?",74.99999999999997,52.223296786709355,30.10067189543959,0.0,49.99999999999999,30.860669992418376,16.823908657399734,0.0,58.333333333283335,38.6131261780379,82.59773850440979,80.55036067962646,0.5558843016624451,0.6797050833702087
这里永远是安静的。,这里永远是安静的。,47.058823529411775,29.70442628930023,0.0,0.0,22.22222222222222,16.666666666666668,0.0,0.0,36.2970362969806,24.7619047618357,76.76874995231628,77.682363986969,0.5995727777481079,0.7336508631706238
"这条街太安静了,空气质量很好,能听到安安静静的脚步。","这条街太安静了,空气质量很好,能听到安安静静的脚步。",100.00000000000004,100.00000000000004,100.00000000000004,100.00000000000004,34.61538461538462,23.533936216582084,13.214760630124598,0.0,99.99999999994999,37.86362214569391,100.0,76.77560448646545,0.9697005748748779,0.6004703044891357
"冬天,这条街太安静了,呼吸新鲜的空气。","冬天,这条街太安静了,呼吸新鲜的空气。",21.052631578947366,10.814761408717501,0.0,0.0,34.11190462873376,21.461602684890483,0.0,0.0,17.47496046383382,32.74466519496724,73.78982901573181,75.99702477455139,0.3020073175430298,0.44455617666244507
"对不起,你吃不饱了,还给你一个。","对不起,你吃不饱了,还给你一个。",100.00000000000004,100.00000000000004,100.00000000000004,100.00000000000004,30.326532985631665,15.660554293541518,10.204216416917754,0.0,99.99999999994999,23.214285714277878,99.99997019767761,78.82614731788635,0.9707947373390198,0.5826915502548218
"到这个年龄,孩子必须去上学,接受一年的义务教育。","到这个年龄,孩子必须去上学,接受一年的义务教育。",100.00000000000004,100.00000000000004,100.00000000000004,0.0,58.333333333333336,39.009474880274695,27.479759494057486,21.08445456905128,99.99999999994999,49.99999999995,100.00003576278687,83.83051753044128,0.9307384490966797,0.6650952696800232
"年龄到了,他必须去上学,接受一年的义务教育。","年龄到了,他必须去上学,接受一年的义务教育。",66.66666666666669,53.452248382484875,40.39893837970749,27.22589423069701,52.12162016008822,37.72285916121726,27.32246856951644,21.282560929074496,72.31040564367264,53.28073635761401,88.71026635169983,80.66653609275818,0.5795323848724365,0.5862668752670288
"通过红灯停绿灯,行人必须遵守规定。","通过红灯停绿灯,行人必须遵守规定。",41.09932149808956,27.788213144452467,21.801845912525042,16.542390175536816,67.98309970727108,51.421267283999434,39.724057793283116,29.87048860946151,42.34654234649868,71.78049609238462,77.21834778785706,82.23167657852173,0.6579484343528748,0.6411766409873962
"我今天考试没有好好复习,为什么呢?是不是不够复习,还是不够帮助?","我今天考试没有好好复习,为什么呢?是不是不够复习,还是不够帮助?",90.90909090909088,85.28028654224414,78.56009758726493,74.19446627365011,44.03498731938168,28.29580237032303,13.585004576844224,0.0,90.9090909090409,36.29703629699264,99.73856806755066,77.82884240150452,0.7874379754066467,0.5364557504653931
"我今年没有考试好,明年是不够认真的,复习还不够认真。","我今年没有考试好,明年是不够认真的,复习还不够认真。",43.74999999999999,29.580398915498076,18.420157493201934,0.0,51.40519480935904,33.155354412364105,20.134386472760756,13.335033649586215,48.07692307685468,46.99392350764669,78.26390862464905,79.69623804092407,0.39802324771881104,0.6401658058166504
"别人让你生气了,你自己也养不够自己。","别人让你生气了,你自己也养不够自己。",58.333333333333336,46.056618647183825,27.68182380588133,0.0,64.62728399214893,55.332115549222394,46.835693857567016,36.82362017020292,62.609970674422385,36.639676113321606,83.80197286605835,78.926020860672,0.37343400716781616,0.5993225574493408
"别人让你生气了,你自己就要改不过来。","别人让你生气了,你自己就要改不过来。",77.46371787825521,64.89196196822498,54.41079104042388,44.9374068576077,51.72943874331529,42.4621749841553,36.265251457712885,29.97643037587816,78.31110229579495,35.48002385208365,92.39842295646667,78.6281943321228,0.8039308786392212,0.5944299101829529
人体的长与高差不多。,人体的长与高差不多。,64.10499775216033,44.48173140550835,0.0,0.0,49.123845184678906,29.895820132266856,20.913369955811145,0.0,66.48451730414725,35.777126099676686,83.90691876411438,73.0800449848175,0.6932075619697571,0.6742295622825623
"身体差不多,很惭愧。","身体差不多,很惭愧。",100.00000000000004,100.00000000000004,100.00000000000004,100.00000000000004,40.93653765389909,27.2910251025994,19.680234613736342,0.0,99.99999999994999,44.721407624603366,100.0,73.90919923782349,1.0077310800552368,0.36200642585754395
高楼大厦与高楼大厦差不多。,高楼大厦与高楼大厦差不多。,59.85403583811575,41.40897895345154,23.695302342319177,0.0,38.46153846153847,17.90287185098582,0.0,0.0,48.16146429150816,32.87981859404077,78.5764992237091,71.90657258033752,0.462266206741333,0.39004212617874146
"这两样东西看上去差不多,但质量却不一样。","这两样东西看上去差不多,但质量却不一样。",36.19349672143838,26.977039670850655,20.190932736684847,0.0,64.99999999999999,48.93604849295928,40.51835124985419,32.91598889023261,37.923637923598086,64.99999999994999,80.16876578330994,87.22729682922363,0.6543309688568115,0.8263885378837585
"这两样东西看上去差不多,但质量上却差不多。","这两样东西看上去差不多,但质量上却差不多。",64.28571428571428,49.72451580988469,39.53912415007294,32.55964126200301,61.90476190476193,46.54746681256313,38.488959303287416,31.222258402876665,70.01226993858324,63.339319853951494,90.01196026802063,86.19745373725891,0.6125553250312805,0.7916497588157654
他很可能在飞机上发生事情。,他很可能在飞机上发生事情。,56.43211499270762,53.53620496724769,49.50255157306358,43.01250851313264,33.93994081674646,18.882439924043865,0.0,0.0,60.822898032167124,40.96731448762249,92.5316333770752,73.71097207069397,0.7727667093276978,0.42613136768341064
他经常回忆过去。,他经常回忆过去。,30.326532985631665,19.180183554164497,0.0,0.0,42.95557992443578,20.5366952224943,0.0,0.0,37.1428571428493,50.1899077590728,81.56256079673767,85.25729179382324,0.7864080667495728,0.732379674911499
"休息一下,我们先取名字,原来是到我家聊天。","休息一下,我们先取名字,原来是到我家聊天。",53.57142857142858,28.171808490950557,0.0,0.0,38.09523809523809,33.80617018914066,28.869069039536626,25.16441111691874,46.179548052339676,42.165242165173034,81.2684416770935,75.60005784034729,0.5978030562400818,0.2329523116350174
"休息一下,王经常到我家聊天。","休息一下,王经常到我家聊天。",40.0,16.90308509457033,0.0,0.0,66.5044842645731,53.45876195672375,44.59626643870271,38.73920998972052,28.284278535472772,55.04167347601542,71.69939279556274,86.83778047561646,0.3158189058303833,0.5752207636833191
"请出示你的处方,我帮你买药。","请出示你的处方,我帮你买药。",49.71329537857609,33.34869235560668,0.0,0.0,49.99999999999999,33.968311024337865,21.264518514149504,0.0,52.34239444761888,49.99999999995,82.44103789329529,80.87175488471985,0.8252914547920227,0.6254517436027527
电子处方现在很受欢迎。,电子处方现在很受欢迎。,32.20616970322653,0.0,0.0,0.0,55.36730085068171,45.90814064410914,37.6765736661028,26.70976496992394,36.380597014902875,38.89570552144881,81.59696459770203,81.60271644592285,0.7350789308547974,0.6660907864570618
电子处方现在很受欢迎。,电子处方现在很受欢迎。,84.61538461538463,70.25594235292441,60.76420431256693,54.733202423907116,50.55592206537299,37.493275273494554,27.899065745122122,20.841953947969767,84.6153846153346,36.76158096045955,91.31506085395813,80.84548115730286,0.6841395497322083,0.6519901752471924
"犯了错误没关系,要及时改正。","犯了错误没关系,要及时改正。",54.29024508215756,35.95459314215452,26.913861898159507,17.947849631006275,85.7142857142857,72.62730392025632,64.12931728234616,55.6492465767063,56.88545688541703,49.99999999995,85.47990918159485,87.71582841873169,0.6341699361801147,0.803321897983551
我希望能你以后再也不犯同样的错误。,我希望能你以后再也不犯同样的错误。,56.24999999999999,43.30127018922193,34.250335529722065,23.578316044531807,76.47058823529412,53.55041604715626,38.56428035509497,30.08599739571096,56.24999999994999,62.017374517313684,81.72007203102112,87.35865354537964,0.5272750854492188,0.6584373116493225
我希望能你以后再也不犯同样的错误。,我希望能你以后再也不犯同样的错误。,28.851655406376448,0.0,0.0,0.0,76.47058823529412,53.55041604715626,38.56428035509497,30.08599739571096,27.786990971060142,62.017374517313684,74.45019483566284,87.35865354537964,0.3692580461502075,0.6584373116493225
他的错误观点遭到了大家的一致反对。,他的错误观点遭到了大家的一致反对。,61.33629430862157,45.29985550557232,38.40383193608607,32.80424072511114,58.82352941176469,38.348249442368505,0.0,0.0,63.796178343907506,32.208157524545314,80.51828742027283,81.50708675384521,0.4937838912010193,0.7837560772895813
"存折是存折,又知道不是存折,现在人没关系去拿。","存折是存折,又知道不是存折,现在人没关系去拿。",89.483931681437,70.74325952506045,57.68277363001753,41.13230552118989,49.609906663775526,34.46076677732481,21.49171911412674,14.447213521062269,83.74783111621343,32.41098745919732,95.91678380966187,76.146799325943,0.8211960196495056,0.3065498471260071
"存折不是人拿的,人出去拿可以。","存折不是人拿的,人出去拿可以。",90.90909090909088,85.28028654224414,82.70230439802374,80.70557274927978,32.950790701929584,17.81196106128531,0.0,0.0,90.9090909090409,28.96174863388342,93.909353017807,75.35386085510254,0.789628803730011,0.3257634937763214
你要准备好最坏的打算。,你要准备好最坏的打算。,23.529411764705884,12.126781251816647,0.0,0.0,81.81818181818183,63.96021490668311,44.9644313022609,32.649710286280516,26.08040957680175,72.72727272722275,75.8796215057373,88.28914165496826,0.4784344434738159,0.7377139329910278
你要准备好最坏的打算。,你要准备好最坏的打算。,66.55575133093234,48.51042304199408,38.967036111865006,33.06622767324895,81.81818181818183,63.96021490668311,51.471424920008936,42.969435238201484,62.75476966026309,75.84727584721726,85.83297729492188,89.92562294006348,0.6648948788642883,0.6906083822250366
"明天是他生日,你打算给他什么东西?","明天是他生日,你打算给他什么东西?",37.5,23.145502494313785,0.0,0.0,64.70588235294115,53.20603680919277,38.39876638534284,25.21772737255402,37.499999999950006,35.294117647008825,88.49866986274719,87.92591094970703,0.7401961088180542,0.7816197872161865
"爸爸曾经考上大学,差点儿没上大学。","爸爸曾经考上大学,差点儿没上大学。",14.285714285714283,0.0,0.0,0.0,47.058823529411775,34.29971702850177,19.86841724317928,0.0,15.873015872956614,45.64071675945496,75.32429099082947,82.78014063835144,0.431135356426239,0.4707028865814209
"爸爸刚考上大学,差点儿进了大学。","爸爸刚考上大学,差点儿进了大学。",100.00000000000004,100.00000000000004,100.00000000000004,100.00000000000004,56.24999999999999,38.72983346207417,22.04555691541846,0.0,99.99999999994999,54.94505494498655,100.0,84.58040952682495,0.9873592257499695,0.6873946785926819
他考上了名牌大学。,他考上了名牌大学。,92.85714285714283,80.1783725737273,68.50067105944413,61.82518852201092,66.66666666666669,57.73502691896257,52.275795857471,46.713797772819994,81.25885448284133,66.66666666661666,96.31687998771667,87.8929615020752,0.7140939235687256,0.7275667190551758
我看见有人躺在担架上。,我看见有人躺在担架上。,53.20358741165847,27.605985968967698,18.08290004857339,0.0,35.14364226835093,22.57141292991871,0.0,0.0,55.04167347601542,41.19658119658281,83.01677107810974,84.8021924495697,0.42434030771255493,0.5991952419281006
"经过生活锻炼,他变得成熟了。","经过生活锻炼,他变得成熟了。",88.8888888888889,82.44625898677901,77.60175390150452,74.71036152631682,57.14285714285717,36.31365196012816,0.0,0.0,88.88888888883888,42.85714285709285,92.03914999961853,80.036461353302,0.48365628719329834,0.7650883793830872
青春期是你身体最成熟期。,青春期是你身体最成熟期。,56.98222022414254,46.88786183641643,38.14878579050505,26.776802959776298,83.33333333333334,67.41998624632421,35.68829277518041,0.0,59.09734871479285,66.66666666661666,84.43634510040283,82.21783638000488,0.7048166394233704,0.7732215523719788
青春期是身体成熟期。,青春期是身体成熟期。,25.530944612154958,11.818530844056395,0.0,0.0,81.87307530779823,72.20526544549902,54.29627507268974,36.99033744491308,28.63005667380823,53.66568914953006,72.69907593727112,89.83902931213379,0.5385356545448303,0.831613302230835
最重要的部分是老师重复他说的。,最重要的部分是老师重复他说的。,40.0,25.131234497501726,0.0,0.0,46.66666666666667,31.62277660168379,24.871131731971634,18.92240568795936,36.639676113300965,52.19298245607348,79.66414093971252,79.30930256843567,0.49487125873565674,0.8102024793624878
我重复了一遍他的感受。,我重复了一遍他的感受。,71.42857142857146,62.01736729460425,50.423749017455606,43.24227075463216,36.88225410448786,25.323597701501487,20.21390092332944,15.640229734286295,71.42857142852144,45.96412556053261,87.9434883594513,77.98929810523987,0.7392573952674866,0.6002559065818787
"我重复了一遍这个问题,你明白了吗?","我重复了一遍这个问题,你明白了吗?",18.223231847084033,9.84167002399331,0.0,0.0,58.82352941176469,46.96682183138621,35.33492013153965,23.693055763743093,29.47821409360765,47.05882352936177,71.19970917701721,83.20431709289551,0.3834236264228821,0.7632879614830017
"我不相信你,我再重复一遍。","我不相信你,我再重复一遍。",46.67591034895722,24.157078637075053,15.779013495597514,0.0,47.126242960849744,32.700365884727034,0.0,0.0,43.41216216212566,30.701208120548007,80.18936514854431,80.12426495552063,0.4813101291656494,0.5757598876953125
"我不相信你,我再重复一遍。","我不相信你,我再重复一遍。",61.07097367830395,53.18203081300615,43.38355257099152,37.34381622366603,50.89441019480891,35.31505442180542,0.0,0.0,67.53535674556309,32.20815752459252,85.3747546672821,80.5052638053894,0.5350431203842163,0.5477170944213867
"想写好论文,禁止有丝毫的重复。","想写好论文,禁止有丝毫的重复。",36.36363636363637,19.069251784911845,0.0,0.0,40.841421555337554,15.978405618882933,0.0,0.0,36.363636363586366,37.21042471038822,78.45621705055237,75.73394775390625,0.5426555871963501,0.5779833793640137
有的人在现代化建设中会找寻更有趣的生活。,有的人在现代化建设中会找寻更有趣的生活。,52.38095238095239,36.187343222787284,27.446924285949066,21.89321973004432,59.999999999999986,35.54093266554553,19.145279541171114,0.0,50.68574836010421,35.85032640145262,80.59149384498596,82.04584121704102,0.4419785141944885,0.5254473686218262
"有能力的人重复这些重复,就会找到有趣的生活。","有能力的人重复这些重复,就会找到有趣的生活。",100.00000000000004,100.00000000000004,100.00000000000004,100.00000000000004,63.63636363636361,49.23659639173309,36.46436717285791,26.728255206224986,99.99999999994999,43.439766950300445,100.0,84.42106246948242,0.9764137268066406,0.7293786406517029
他把自己打扮得很聪明。,他把自己打扮得很聪明。,79.99999999999997,66.66666666666661,55.03212081491043,46.713797772819994,63.63636363636361,35.67530340063379,0.0,0.0,79.99999999995,50.189907759019505,88.25002312660217,85.44818162918091,0.5802799463272095,0.7059272527694702
"他称赞他聪明,怀疑他。","他称赞他聪明,怀疑他。",33.333333333333336,26.726124191242448,22.232392577061862,17.395797375642243,37.8978599125082,17.77567193972091,0.0,0.0,36.340852130278044,41.099773242598616,81.52868151664734,80.74499368667603,0.39020639657974243,0.3562625050544739
很多聪明人聪明的股票都失败了。,很多聪明人聪明的股票都失败了。,27.145122541078788,16.5199954911009,0.0,0.0,59.999999999999986,46.29100498862758,36.704871429161585,30.130404892785695,28.442728442688605,57.84832451492483,70.53816318511963,85.59359908103943,0.6476399302482605,0.48918968439102173
"有的人很聪明,股票就是一种股票的担架。","有的人很聪明,股票就是一种股票的担架。",44.44444444444444,23.570226039551585,0.0,0.0,31.57894736842106,13.245323570650438,0.0,0.0,46.73650282024591,23.523931524329132,76.37194991111755,73.97330403327942,0.4404863715171814,0.2661275267601013
他们对你大致客气。,他们对你大致客气。,24.999999999999996,0.0,0.0,0.0,55.73021304462805,38.69711355099231,0.0,0.0,18.571428571359508,54.945054945036254,73.93369674682617,85.80396175384521,0.4529263973236084,0.7935369610786438
"他们一对对一对对,大致上很有礼貌。","他们一对对一对对,大致上很有礼貌。",71.39007178154544,63.58881766016377,53.99903034156616,40.629636551135235,23.529411764705884,12.126781251816647,0.0,0.0,79.54144620808734,19.560307182584012,88.32207322120667,67.58235096931458,0.5495268106460571,0.5795770287513733
我大致想下个月再来。,我大致想下个月再来。,49.99999999999999,46.29100498862758,41.49132666831217,34.57207846419409,57.31115271545876,39.548452655148125,25.202098408416465,0.0,52.86549707596199,44.721407624603366,79.9142837524414,85.31668782234192,0.7888973951339722,0.7700220942497253
我大概下个月再来。,我大概下个月再来。,19.04761904761905,0.0,0.0,0.0,63.6916720510035,47.76875403825263,36.01512987306851,0.0,21.08956242075989,45.78754578752709,73.24079275131226,88.72846961021423,0.4578179121017456,0.8094967007637024
"知道他们欺骗我,可我原谅他们。","知道他们欺骗我,可我原谅他们。",29.411764705882355,0.0,0.0,0.0,54.58205020519881,35.73233952160048,20.03427135121865,0.0,24.198024197968493,59.62854349948119,74.93799924850464,84.64042544364929,0.3881281912326813,0.7085775136947632
他当面说谎了。,他当面说谎了。,59.999999999999986,57.73502691896257,55.03212081491043,51.697315395717055,46.531361252218275,22.476782880631202,0.0,0.0,67.10526315782786,44.37825763215476,88.73284459114075,82.03279376029968,0.733393132686615,0.6920459270477295
我要自己当面感谢一下这个好心人。,我要自己当面感谢一下这个好心人。,61.538461538461554,50.63696835418334,45.345503973956546,40.89601472043678,68.75000000000001,42.817441928883774,23.57062687669388,0.0,63.796178343891675,38.62936688523374,85.40638089179993,83.77657532691956,0.77065110206604,0.7477849125862122
"我自己当面感谢你,你是个好心人。","我自己当面感谢你,你是个好心人。",26.66666666666667,0.0,0.0,0.0,0.0028937733851082527,0.0022276277904880325,0.0017620037224344409,0.0012129831721837696,21.213208901589066,3.947970067639619,78.68650555610657,63.30295205116272,0.7368295192718506,0.5161570310592651
"你说的这些话当面最好不要在背后议论,不要在背后议论。","你说的这些话当面最好不要在背后议论,不要在背后议论。",100.00000000000004,100.00000000000004,100.00000000000004,100.00000000000004,38.46153846153847,24.806946917841696,0.0,0.0,99.99999999994999,30.039370078677408,100.0,77.51376628875732,0.9552331566810608,0.5165630578994751
"出门时,忘记把手机打开,真倒霉。","出门时,忘记把手机打开,真倒霉。",30.769230769230774,22.18800784900916,16.008542446897895,11.556647985416689,58.71331642584226,38.35137769330232,0.0,0.0,28.769841269777736,48.39604839600472,77.84453630447388,82.43196606636047,0.5352842211723328,0.7736462950706482
"要出去玩了,忘了手机,真倒霉。","要出去玩了,忘了手机,真倒霉。",44.939817474462814,34.41403527655731,27.066284514585444,22.020875635137585,52.51039914257684,25.622451176898657,0.0,0.0,40.971801601678195,43.41216216212566,85.8454704284668,81.44556879997253,0.542987585067749,0.749305784702301
我最近真倒霉。,我最近真倒霉。,90.90909090909088,85.28028654224414,78.56009758726493,70.16879391277372,85.7142857142857,65.46536707079773,44.09111383083692,0.0,94.80909480903622,71.42857142852144,98.64931106567383,90.57601690292358,0.8711255788803101,0.8972827792167664
倒霉及时破除了警察的纪律。,倒霉及时破除了警察的纪律。,18.75,0.0,0.0,0.0,46.15384615384615,19.611613513818398,0.0,0.0,12.499999999949999,38.46153846148846,68.83737444877625,71.73539400100708,0.3591008186340332,0.3753947615623474
"我除了用手语和聋人交流,还可以用身体交流。","我除了用手语和聋人交流,还可以用身体交流。",17.647058823529417,0.0,0.0,0.0,77.18784872461478,63.623194111885766,54.571037560247234,49.545916871934004,18.605212355151536,69.69209905063542,66.07598066329956,87.5850260257721,0.19029462337493896,0.7075009942054749
"手语可以和聋人交流,还可以和身体交流。","手语可以和聋人交流,还可以和身体交流。",44.12484512922977,23.585721816862673,0.0,0.0,58.42745080582083,47.090229137196786,35.45139164833179,26.260879452593482,46.736502820268875,62.746330039378726,84.02135372161865,83.33777785301208,0.5415995121002197,0.6351389288902283
不吃饭自然会饿。,不吃饭自然会饿。,32.14285714285715,18.898223650461368,11.116196288530931,0.0,77.88007830714052,65.82067953986989,55.255269620393484,40.26190971287385,27.670940170871045,54.2328042327787,78.74478697776794,88.24334740638733,0.6089668273925781,0.694518506526947
不吃自然会吃。,不吃自然会吃。,90.0,89.44271909999159,88.79040017426006,88.01117367933934,55.837633502661895,42.64669702552507,28.72267363945489,0.0,94.21631000572432,55.472822040196455,98.52739572525024,82.10034370422363,0.912156879901886,0.268449068069458
"按照你的条件,可以申请贷款。","按照你的条件,可以申请贷款。",100.00000000000004,100.00000000000004,100.00000000000004,100.00000000000004,59.85403583811575,50.71543460280201,43.05722183961181,34.09483338605692,99.99999999994999,61.9218826605227,100.0,84.47285890579224,0.9614306688308716,0.5311636924743652
"妹妹和妹妹总是贪吃,抱怨自己胖了。","妹妹和妹妹总是贪吃,抱怨自己胖了。",29.411764705882355,23.483410915693106,15.433947974965204,0.0,64.70588235294115,56.87964589945211,47.59896445368891,41.896825433302276,32.831518257458555,66.54456654451086,76.66597366333008,87.66898512840271,0.2619371712207794,0.7004258632659912
"朋友在抱怨,妈妈千叮万嘱。","朋友在抱怨,妈妈千叮万嘱。",21.42857142857143,0.0,0.0,0.0,53.846153846153854,36.68996928526713,0.0,0.0,23.92744025331468,38.46153846148846,74.32339191436768,80.39062023162842,0.2656569182872772,0.5121875405311584
"朋友在抱怨,他却千篇一律地陈词滥调。","朋友在抱怨,他却千篇一律地陈词滥调。",19.885318151430436,10.230911784236909,0.0,0.0,27.777777777777775,18.077538151554684,0.0,0.0,20.936957779024322,30.701208120493945,75.79210996627808,74.49107766151428,0.6387954354286194,0.3565446138381958
我由一滴水联想到了大海。,我由一滴水联想到了大海。,54.96387631047353,42.64048680752654,34.0186460665952,23.644618856835695,60.430391101707336,50.35033481806539,43.71926968895391,36.81165573043442,60.78182107100406,65.20102394216458,84.55082774162292,87.38878965377808,0.6345418691635132,0.7056522965431213
我对未来发展的事情联想到了很多。,我对未来发展的事情联想到了很多。,42.85714285714285,25.3546276418555,15.012520873927176,0.0,87.50000000000003,63.9009650422694,38.78277952417604,0.0,42.165242165173034,45.067594699448705,79.05997037887573,87.87227869033813,0.6215532422065735,0.7546873092651367
我对未来发展的事情联想到了很多。,我对未来发展的事情联想到了很多。,42.85714285714285,20.701966780270627,0.0,0.0,87.50000000000003,63.9009650422694,38.78277952417604,0.0,38.095238095188094,45.067594699448705,79.46919798851013,87.87227869033813,0.5600513219833374,0.7546873092651367
"有的时候,为了节约元钱,联想到电脑。","有的时候,为了节约元钱,联想到电脑。",61.90476190476193,52.77986629117477,44.47453406589284,37.39214909689668,38.888888888888886,21.389631597324925,0.0,0.0,64.67741935477976,37.27488482472667,88.62776160240173,73.66837859153748,0.5500081181526184,0.2442777305841446
可爱的娃娃使人喜欢。,可爱的娃娃使人喜欢。,18.18181818181818,0.0,0.0,0.0,90.0,77.45966692414831,66.94329500821692,54.10822690539397,18.961818961760375,59.99999999994999,69.09459233283997,90.12483358383179,0.4816330075263977,0.6808081865310669
"活着好活动是福气,要懂得珍惜。","活着好活动是福气,要懂得珍惜。",28.216057496353802,0.0,0.0,0.0,42.991878634427344,25.692561656449826,15.38044419905055,0.0,30.41144901606695,43.95604395602526,79.57156300544739,77.51309275627136,0.6170858144760132,0.755717396736145
"活着好活动是福气,要懂得珍惜。","活着好活动是福气,要懂得珍惜。",39.58454126262917,26.972318343234708,16.940969700972012,0.0,42.991878634427344,25.692561656449826,15.38044419905055,0.0,38.64978902951517,43.95604395602526,79.66795563697815,77.51309275627136,0.4508914351463318,0.755717396736145
"长得好看是好看的,长得不好看是幸福。","长得好看是好看的,长得不好看是幸福。",49.99999999999999,37.79644730092272,28.768479133239396,0.0,44.44444444444444,0.0,0.0,0.0,54.94505494498655,28.524895300084204,78.68114113807678,75.44328570365906,0.6425033807754517,0.5853531956672668
"没有福气的人好吃,没有理想的人睡觉。","没有福气的人好吃,没有理想的人睡觉。",74.99999999999997,56.69467095138407,37.697372056457695,0.0,88.8888888888889,68.59943405700353,48.999730502964475,35.38995029906512,74.99999999994999,61.11111111106111,84.98256802558899,87.29110360145569,0.5448131561279297,0.7493347525596619
"开车前注意安全,注意行车。","开车前注意安全,注意行车。",100.00000000000004,100.00000000000004,100.00000000000004,100.00000000000004,32.977073813863136,21.708167560640014,0.0,0.0,99.99999999994999,21.213208901616635,100.0,74.74899888038635,0.9241021871566772,0.6223438382148743
你们喜欢看弹幕吗?,你们喜欢看弹幕吗?,79.14497715327147,75.19929830849405,70.64858167894134,65.26220818377338,79.54127260572176,73.0633242658635,64.86871400635084,59.11602603314155,84.85283560656998,62.81087333715041,91.77322387695312,87.66283988952637,0.6981884837150574,0.8818539977073669
"今天我生病了,领导亲切关心我,问话我不好。","今天我生病了,领导亲切关心我,问话我不好。",53.33333333333335,43.64357804719847,35.29172336459797,29.256127307315065,81.72831041429798,65.4677266346137,50.534793278683715,37.8429413890602,57.84832451492483,74.33823898734747,82.58587718009949,90.61778783798218,0.6371109485626221,0.7041048407554626
"今天我生病了,领导亲切地关心我,问我怎么了。","今天我生病了,领导亲切地关心我,问我怎么了。",49.99999999999999,31.62277660168379,0.0,0.0,77.2727272727273,63.62090102803519,49.519200989397056,37.21106799318148,49.99999999995,63.63636363631363,79.15255427360535,90.93000292778015,0.33431804180145264,0.8153589367866516
"班级员工,王老师认真钻研教材,亲切地教导我,让我受益匪浅。","班级员工,王老师认真钻研教材,亲切地教导我,让我受益匪浅。",10.000000000000002,0.0,0.0,0.0,41.37931034482758,32.16337604513384,24.83932718099567,18.52972751417938,11.094564407972461,42.313108038845634,60.73486804962158,79.45457100868225,0.3585619330406189,0.5593540072441101
这是我第一次上台演讲。,这是我第一次上台演讲。,14.285714285714283,0.0,0.0,0.0,5.092122924029977,0.0,0.0,0.0,14.285714285664286,8.799245104987365,74.88999366760254,61.89280152320862,0.5330203771591187,0.18520767986774445
"上课时,老师总是那么温暖,一视同仁,让我们倍感亲切。","上课时,老师总是那么温暖,一视同仁,让我们倍感亲切。",47.058823529411775,34.29971702850177,19.86841724317928,0.0,51.814469234944625,37.363945127508835,22.37038836197981,0.0,41.176470588185296,45.25081188433083,76.90837979316711,81.98301196098328,0.45232003927230835,0.7792240381240845
"男同学们上课时,老师的温柔和温暖,目光里写满了相同的亲切感。","男同学们上课时,老师的温柔和温暖,目光里写满了相同的亲切感。",47.368421052631575,36.27381250550059,28.5289801620969,23.210911117419965,49.99999999999999,29.361010975735166,14.547710828895674,0.0,51.534102012831305,41.87391555806672,82.41354823112488,76.87139511108398,0.6066123247146606,0.64166259765625
他的话里全是温暖、亲切、亲切。,他的话里全是温暖、亲切、亲切。,33.252242132286526,21.824448179147073,15.460662064609682,0.0,52.51039914257684,31.380965671388036,18.785716966448923,0.0,34.40104592249361,43.41216216212566,79.04666662216187,87.00360655784607,0.4944669008255005,0.8229032158851624
"你说的这些话在心里暖洋洋的,真亲切。","你说的这些话在心里暖洋洋的,真亲切。",33.333333333333336,30.151134457776372,26.295358943292957,21.200626759025184,27.777777777777775,12.782749814122841,0.0,0.0,34.651847008768485,28.524895300084204,79.17637825012207,71.58443331718445,0.5406227111816406,0.7210972905158997
笑是朋友对你的形象。,笑是朋友对你的形象。,24.999999999999996,0.0,0.0,0.0,26.629686695846356,22.19140557987195,20.162230031537703,18.49178115903834,27.47252747245908,36.90673423643775,76.41725540161133,82.20502734184265,0.3624768555164337,0.36319273710250854
我感觉你跳舞的题目不适合我。,我感觉你跳舞的题目不适合我。,74.56994306786414,65.70922068016444,55.29152680550165,47.38598227653052,53.20358741165847,33.810289735201366,26.080054824966783,19.684661233415397,78.51359167144768,41.28125510700089,92.01726913452148,81.37807250022888,0.6005233526229858,0.4972687363624573
我感觉这次跳舞的题目不适合我。,我感觉这次跳舞的题目不适合我。,28.57142857142857,0.0,0.0,0.0,59.999999999999986,41.40393356054123,34.07378427295782,28.495577603220287,21.42857142852143,46.66666666661667,63.85313272476196,84.70370769500732,0.2788660526275635,0.5652429461479187
"成功的人往往不是天赋或者天赋,而是勤奋努力的结果。","成功的人往往不是天赋或者天赋,而是勤奋努力的结果。",53.33333333333335,39.03600291794134,22.715856181971898,0.0,32.0,20.000000000000007,0.0,0.0,55.04167347600174,35.082725493616316,82.87151455879211,72.61087894439697,0.7295981049537659,0.7390751838684082
"成功的人往往得不到什么知识和天赋,只有付出相应的努力。","成功的人往往得不到什么知识和天赋,只有付出相应的努力。",40.435377314175575,22.147368276206617,0.0,0.0,44.44444444444444,32.02563076101743,20.16949960698223,13.597796343834903,49.52380952380168,43.44740973306088,85.09789109230042,77.30498909950256,0.6710183620452881,0.7018701434135437
"不管你生来乍到,天赋不满意,无论天赋多大,只要善于追求天赋,便会得到丰硕的成果。","不管你生来乍到,天赋不满意,无论天赋多大,只要善于追求天赋,便会得到丰硕的成果。",9.523809523809524,0.0,0.0,0.0,36.574121701062474,16.56481521844901,0.0,0.0,10.204081632614031,27.15221823484392,71.84167504310608,73.72100949287415,0.3496817350387573,0.5495800971984863
"事情已经读完,不许你否认。","事情已经读完,不许你否认。",44.44444444444444,29.235267310234306,18.980225814672025,0.0,46.15384615384615,33.968311024337865,27.580051476068,21.401603033752977,49.28038580356276,47.84713375790443,79.31514382362366,82.05175995826721,0.5651043057441711,0.6327326893806458
"事实已经证明,不许你否认。","事实已经证明,不许你否认。",100.00000000000004,100.00000000000004,100.00000000000004,100.00000000000004,53.846153846153854,42.365927286816174,31.956331266050764,23.90108882452814,99.99999999994999,55.82165605089806,99.99999403953552,81.40211701393127,0.9782920479774475,0.8055005669593811
"事情证物俱备,他很快就否定了自己做错了事情。","事情证物俱备,他很快就否定了自己做错了事情。",38.09523809523809,27.602622373694164,20.016694498569557,0.0,22.727272727272727,0.0,0.0,0.0,34.82630272946957,24.837735363983544,79.13814783096313,71.034175157547,0.5333883166313171,0.6918625831604004
"现在中国人民富裕了,这是敌人难以否认的。","现在中国人民富裕了,这是敌人难以否认的。",49.53587998572469,26.75243278791111,0.0,0.0,47.3389387033782,29.288043954557544,0.0,0.0,52.86549707598783,32.24574800413038,84.55806374549866,80.68526983261108,0.5148683786392212,0.767319917678833
"兴奋忡忡忡的城区里,兴奋忡忡的群众蜂拥而上。","兴奋忡忡忡的城区里,兴奋忡忡的群众蜂拥而上。",26.66666666666667,19.51800145897067,14.310092685025484,0.0,13.636363636363638,0.0,0.0,0.0,29.07268170421289,14.479922316725293,73.56123328208923,68.85356903076172,0.26224851608276367,0.23732320964336395
"玩耍环境受到惊吓,家人之间的联系变得更紧密。","玩耍环境受到惊吓,家人之间的联系变得更紧密。",72.7272727272727,66.05782590758162,57.88357480954935,46.92470064105599,27.272727272727277,11.396057645963799,0.0,0.0,80.30385241447257,23.23069968350575,93.36698055267334,67.89968013763428,0.7075410485267639,0.259073942899704
"女人听了他的话,才会觉得舒服,不冷场。","女人听了他的话,才会觉得舒服,不冷场。",49.37810061861915,43.587769230845154,36.4045814541375,25.95438849059676,42.10526315789474,30.5887645160749,22.24513174589181,0.0,53.22003577814209,47.0818070817414,84.86550450325012,81.71131610870361,0.6075839400291443,0.6191742420196533
"女人是听话的,想听话,不要冷场。","女人是听话的,想听话,不要冷场。",33.333333333333336,0.0,0.0,0.0,31.250000000000007,14.433756729740645,0.0,0.0,37.14285714278808,34.73373871376897,80.2390992641449,77.22747325897217,0.5257493853569031,0.34639471769332886
"很难相处,所以你不要吸引我,我生气了。","很难相处,所以你不要吸引我,我生气了。",32.96203151002218,24.34407362565826,15.749864574023983,0.0,57.89473684210525,43.92976851069795,32.4138079241968,21.47917245987805,39.12061436529363,56.3213144682155,80.94302415847778,83.33397507667542,0.5161360502243042,0.6250635981559753
我和朋友相处很方便。,我和朋友相处很方便。,40.0,37.79644730092272,35.29172336459797,32.37722713145643,49.123845184678906,42.2790742893184,33.19790546805475,25.57665697125104,42.42641780324019,53.66568914953006,85.87286472320557,82.51039385795593,0.4424411654472351,0.7871107459068298
和朋友相处很方便。,和朋友相处很方便。,29.855471273907888,0.0,0.0,0.0,59.655954454291326,51.66357204442371,40.864729128105914,31.76215203205584,20.60439560437691,62.81087333715041,73.82113933563232,88.19330930709839,0.45108580589294434,0.7974289655685425
"同学们和睦相处,友好往来。","同学们和睦相处,友好往来。",35.94631712937771,26.792802880684558,20.053040933757124,15.083487713304484,59.358732864953616,46.04997746778716,36.73874296798177,25.535218922489115,49.64871194379755,56.568557071035166,82.55449533462524,87.0318591594696,0.614429771900177,0.7814668416976929
"学校不是学校,所以浑水摸鱼,所以发生事故。","学校不是学校,所以浑水摸鱼,所以发生事故。",100.00000000000004,100.00000000000004,100.00000000000004,100.00000000000004,38.96384755185912,29.759130128852377,20.388494582880515,14.384023999987152,99.99999999994999,31.687511666937468,100.0,74.67507719993591,0.9439409375190735,0.30012544989585876
"学校不是学校的浑水摸鱼方式,是发生意外的。","学校不是学校的浑水摸鱼方式,是发生意外的。",42.94155960430207,32.79715789102869,25.28557067361726,0.0,52.38095238095239,28.0305955290694,0.0,0.0,48.50746268654467,38.97804298702606,76.8885612487793,78.20084691047668,0.2579234838485718,0.33305251598358154
你偶像是谁?,你偶像是谁?,58.344887936196514,38.1956950544766,21.415416102469337,0.0,50.54422164271946,42.88819424803532,38.20903727892856,32.58798048281462,43.41216216212566,61.90476190475407,85.29029488563538,84.62963104248047,0.6634780168533325,0.839102566242218
我偶像是谁让你欺负的?,我偶像是谁让你欺负的?,64.41233940645306,49.195736836543034,33.13347087027162,0.0,63.63636363636361,43.69314487526513,34.87691251251088,26.985534666825092,72.76119402982826,54.54545454540454,84.55281853675842,77.37234234809875,0.3167930841445923,0.5522221922874451
我的偶像是你偶像吗?是谁让你参加的?,我的偶像是你偶像吗?是谁让你参加的?,23.337955174478605,12.078539318537526,0.0,0.0,38.888888888888886,33.819977079726165,27.783223333255012,23.124463019346486,24.806949806913313,43.487365628859024,72.28732109069824,76.71842575073242,0.312547504901886,0.38213545083999634
"为了这点,我非常崇拜他。","为了这点,我非常崇拜他。",19.04761904761905,0.0,0.0,0.0,49.99999999999999,30.15113445777636,20.870640224232318,0.0,15.918367346869717,46.428571428502366,71.05479836463928,86.12610101699829,0.40509504079818726,0.7260847687721252
"我能吃不代表我,我是吃货,可以说我养育成我。","我能吃不代表我,我是吃货,可以说我养育成我。",72.7272727272727,66.05782590758162,57.88357480954935,51.93071778680675,59.09090909090908,47.44557145911775,40.72279138341324,34.53064989552127,80.30385241447257,63.737864077604556,94.44617033004761,85.59061884880066,0.7664068937301636,0.4538151025772095
"嫌弃什么干啥,他有本事。","嫌弃什么干啥,他有本事。",37.04091103408589,20.8151950335508,0.0,0.0,74.99999999999997,45.22670168666453,0.0,0.0,37.86362214574032,41.66666666661667,73.93541932106018,84.48216915130615,0.33969247341156006,0.6561214923858643
"我嫌弃她这么干燥,原来她有本事。","我嫌弃她这么干燥,原来她有本事。",44.23643180720136,35.071747595354914,26.684496417030548,20.15767529554973,49.99999999999999,18.25741858350554,0.0,0.0,51.46621334464994,34.34065934059094,75.91016888618469,80.59960603713989,0.385104775428772,0.4195684790611267
"嫌弃你,那我们请你分手吧。","嫌弃你,那我们请你分手吧。",24.999999999999996,11.470786693528089,0.0,0.0,69.23076923076921,53.70861555295746,37.43188879661669,0.0,20.936957779003677,47.84713375790443,75.6524384021759,86.55940294265747,0.37262433767318726,0.6724223494529724
"心如果不够深,和委屈一样,除了疼痛和伤害,还有什么呢?","心如果不够深,和委屈一样,除了疼痛和伤害,还有什么呢?",37.5,0.0,0.0,0.0,37.037037037037045,20.672455764868076,0.0,0.0,37.499999999950006,20.39157605743957,83.28588604927063,76.54703855514526,0.5534361004829407,0.6864076256752014
"心胸狭窄,还不能插足,除了委屈和委屈,还有什么好吃的餐巾纸和欺负。","心胸狭窄,还不能插足,除了委屈和委屈,还有什么好吃的餐巾纸和欺负。",100.00000000000004,100.00000000000004,100.00000000000004,100.00000000000004,27.272727272727277,13.055824196677337,0.0,0.0,99.99999999994999,27.111546077270845,100.0,73.82319569587708,0.9552684426307678,0.32047683000564575
"忘记坏人,肯定会忘记好,辜恩谢义,肯定会记仇。","忘记坏人,肯定会忘记好,辜恩谢义,肯定会记仇。",40.0,0.0,0.0,0.0,43.478260869565226,14.058038927888331,0.0,0.0,39.999999999950006,37.91321740089954,69.36591863632202,74.64748620986938,0.380897581577301,0.673975944519043
任何职业都应该被尊重。,任何职业都应该被尊重。,29.584356438458816,17.606213675812874,0.0,0.0,81.81818181818183,80.903983495589,79.84819697871542,78.60753021519781,32.014249206194,81.8181818181318,72.08315134048462,96.07685804367065,0.29369455575942993,0.8671841621398926
他对遇到的人很尊重。,他对遇到的人很尊重。,23.076923076923073,0.0,0.0,0.0,79.99999999999997,51.639777949432215,32.182979486854336,0.0,25.242414763773358,59.99999999994999,70.77392339706421,88.3421003818512,0.201164111495018,0.7828181982040405
他对遇到的人都很尊重。,他对遇到的人都很尊重。,40.0,0.0,0.0,0.0,83.37529180751808,79.09674680788022,74.02925524235233,70.97039016115906,39.999999999950006,90.41950113375509,82.99811482429504,96.74062728881836,0.5935593843460083,0.8569455742835999
"要尊重顾客,看纪律。","要尊重顾客,看纪律。",42.10526315789474,30.5887645160749,22.24513174589181,0.0,59.999999999999986,25.819888974716108,0.0,0.0,29.426129426063746,54.232804232737884,82.94362425804138,83.30422639846802,0.5734444260597229,0.6713232398033142
"要尊重客户,找纪律。","要尊重客户,找纪律。",66.66666666666669,55.04818825631805,44.96443130226094,37.70063804549471,59.999999999999986,36.514837167011066,25.54364774645176,0.0,66.66666666661666,43.386243386177036,91.49423837661743,79.56852316856384,0.6850801110267639,0.5430434942245483
"他因为作弊而紧张,结果被老师批准了。","他因为作弊而紧张,结果被老师批准了。",71.1766580370496,65.37993517025205,58.04707572406972,52.899344348276884,62.27957578241839,48.443823508095356,32.783556900777924,24.76562350468514,78.44660194171955,58.83495145628266,89.40544724464417,88.19541335105896,0.6623925566673279,0.6079551577568054
他的作品里捐献了血。,他的作品里捐献了血。,58.10640921796213,46.06821198071898,35.0512056519623,0.0,3.669745397318018e-07,2.735266722840021e-07,1.624869330491016e-07,0.0,60.64073226540546,2.2758644976531914,82.66366124153137,66.55412316322327,0.3829647898674011,0.4359925389289856
"你的作品缺少新鲜,还不够感动人。","你的作品缺少新鲜,还不够感动人。",57.14285714285717,43.64357804719849,33.6478173147995,0.0,56.24999999999999,38.72983346207417,27.77566121439121,20.14941615706457,57.14285714280714,51.50582251366368,84.16697978973389,85.94403266906738,0.5195153951644897,0.7455369234085083
"你的作品缺少创新力,还不够精彩。","你的作品缺少创新力,还不够精彩。",45.45454545454545,21.32007163556105,0.0,0.0,49.99999999999999,31.62277660168379,24.264275032025868,18.20705281109213,29.417475728090004,45.067594699448705,78.1484603881836,84.8403811454773,0.3630253076553345,0.7719594836235046
"他的作品很多,但好的作品很少。","他的作品很多,但好的作品很少。",100.00000000000004,100.00000000000004,100.00000000000004,100.00000000000004,59.999999999999986,41.40393356054123,29.76619230049489,21.651956746181064,99.99999999994999,55.04167347600174,100.0,87.63236403465271,0.9859866499900818,0.8083808422088623
他参加图书馆的热活动。,他参加图书馆的热活动。,18.6125445008873,0.0,0.0,0.0,75.79571982501638,61.57673387654601,47.233464739573634,0.0,22.189128816071367,73.97959183670292,68.11103820800781,90.45421481132507,0.6290005445480347,0.6743842959403992
他参加图书馆的暑期活动。,他参加图书馆的暑期活动。,34.62198648765173,0.0,0.0,0.0,92.00444146293236,83.22114855784467,76.4055221380625,69.09993406518343,20.8402432282925,71.77070063690113,74.07675385475159,90.74254035949707,0.5376217365264893,0.8046194911003113
这些公司组成了一个新的组织。,这些公司组成了一个新的组织。,100.00000000000004,100.00000000000004,100.00000000000004,100.00000000000004,59.85403583811575,50.71543460280201,39.12008223745018,26.68064899634279,99.99999999994999,61.9218826605227,100.00001192092896,87.9118263721466,0.925470769405365,0.6728503704071045
这些公司组成了一个新的组织。,这些公司组成了一个新的组织。,61.538461538461554,45.29108136578384,0.0,0.0,63.41639440756633,56.12321465514148,50.280238173278136,43.94900482337444,38.46153846148846,69.67480736578032,75.39796829223633,90.82651734352112,0.42374950647354126,0.6370135545730591
一个人知识由很多方面组成。,一个人知识由很多方面组成。,51.814319886275044,37.83982907133513,32.36930370441006,28.381604237767792,79.14497715327147,62.916246918128515,49.788166008818656,38.14156086719433,50.689183021420156,63.63962670491886,82.08875060081482,85.6505274772644,0.6142997145652771,0.7612905502319336
"因为她坚持不懈,父母终于放弃了她的阻拦。","因为她坚持不懈,父母终于放弃了她的阻拦。",37.8978599125082,17.77567193972091,0.0,0.0,59.999999999999986,43.5285750066007,27.612271191669272,0.0,41.099773242598616,59.65608465601831,83.65366458892822,85.47067046165466,0.6742827296257019,0.8075639009475708
"因为她坚持不懈,父母始终阻拦她。","因为她坚持不懈,父母始终阻拦她。",8.333333333333332,0.0,0.0,0.0,58.71331642584226,38.35137769330232,0.0,0.0,9.285714285645225,60.49506049501683,68.41854453086853,83.67025852203369,0.23947909474372864,0.6058551073074341
"人有各种各样的想法,你不要阻拦他创业。","人有各种各样的想法,你不要阻拦他创业。",73.59837870906726,68.43881072318558,62.703849592182394,57.85925130040855,73.6842105263158,63.98099132915954,52.47286206447098,40.569661365913525,76.95538547690572,51.534102012831305,93.1642472743988,89.64191675186157,0.6507816910743713,0.772551417350769
他对自己的前言做了一次总结。,他对自己的前言做了一次总结。,49.99999999999999,38.34824944236852,30.2109317513375,24.62395302527262,71.42857142857146,33.1496772065898,0.0,0.0,55.91232723712369,45.61717352408751,90.04966616630554,85.54144501686096,0.7326492071151733,0.8653711080551147
他对自己之前说的话进行了一次总结。,他对自己之前说的话进行了一次总结。,56.24999999999999,33.54101966249685,0.0,0.0,52.94117647058824,25.724787771376327,0.0,0.0,54.0282853964066,39.12061436523723,79.71999049186707,82.30456709861755,0.5535131096839905,0.8283243179321289
在日本旅游是骑自行车去的。,在日本旅游是骑自行车去的。,37.42027940126471,22.362894254839034,0.0,0.0,53.846153846153854,42.365927286816174,36.58086754000064,31.455601883230702,38.62936688524656,53.84615384610384,78.78652811050415,76.69310569763184,0.4701496362686157,0.6862051486968994
"到国外旅游,要借口自由而仔细,方便。","到国外旅游,要借口自由而仔细,方便。",37.93103448275862,23.278142562976672,12.613752183552679,0.0,33.333333333333336,24.253562503633297,15.433947974965204,0.0,38.54935309877075,33.333333333283335,75.66971778869629,72.33359813690186,0.469043493270874,0.25023263692855835
"到国外旅游时,要出租、租、转让一些无线电设施。","到国外旅游时,要出租、租、转让一些无线电设施。",36.36363636363637,0.0,0.0,0.0,43.478260869565226,24.349237677883703,14.133524661830595,0.0,28.44272844266985,42.65236957602037,74.81430768966675,74.49517250061035,0.45777207612991333,0.5948639512062073
"这家房子的租金太高了,所以你不能租。","这家房子的租金太高了,所以你不能租。",15.334073577155388,0.0,0.0,0.0,55.55555555555555,36.15507630310937,25.375592566965,18.16725573641283,15.94904458594573,48.50746268649977,70.48500776290894,81.94108009338379,0.7317504286766052,0.7257038950920105
"他英语水平很高,请假去看电影请假看字幕。","他英语水平很高,请假去看电影请假看字幕。",28.57142857142857,0.0,0.0,0.0,64.99999999999999,58.4897651865602,51.049923646725574,42.0628882417221,31.116564417110865,66.57917760274476,77.13313102722168,86.55333518981934,0.4835965037345886,0.44128984212875366
"他严肃地等候水平高的电影,不看字幕。","他严肃地等候水平高的电影,不看字幕。",72.54956239049889,68.30315464547853,63.375896336576844,57.475393483140245,63.06396459378438,32.44614210393387,0.0,0.0,77.78176597268627,53.97525805684634,91.09928011894226,78.52762937545776,0.6733279228210449,0.48897600173950195
网络上有许多出国翻译视频的字幕组。,网络上有许多出国翻译视频的字幕组。,64.28571428571428,44.47495899966607,32.06465864117306,23.397625978961173,76.47058823529412,43.72373160976029,23.358649326998336,0.0,64.28571428566428,42.34654234648664,83.13863277435303,86.89074516296387,0.49249619245529175,0.7319180369377136
他自拍的照片和买人的照片真像。,他自拍的照片和买人的照片真像。,8.333333333333332,0.0,0.0,0.0,66.66666666666669,30.860669992418376,0.0,0.0,8.810916179275823,49.49748743712388,67.28852391242981,78.76570224761963,0.2829446792602539,0.41742372512817383
他自拍的照片和本人没什么差别。,他自拍的照片和本人没什么差别。,33.333333333333336,0.0,0.0,0.0,59.999999999999986,29.27700218845598,0.0,0.0,37.14285714278808,36.15520282180314,79.12752628326416,83.43673348426819,0.42567622661590576,0.7138660550117493
他用自己的自拍照来做微信住宿。,他用自己的自拍照来做微信住宿。,47.82608695652174,25.53769592276246,18.38194128904002,13.275045921297613,46.66666666666667,31.62277660168379,0.0,0.0,39.96055226819033,49.49748743712388,79.0544867515564,82.44876265525818,0.46754056215286255,0.43536311388015747
老师为有情况的学生而自豪。,老师为有情况的学生而自豪。,100.00000000000004,100.00000000000004,100.00000000000004,100.00000000000004,72.54956239049889,64.39683176833506,57.883885707323756,50.78431769269645,99.99999999994999,77.78176597268627,100.0,78.90630960464478,0.9622595906257629,0.697569727897644
老师为有这样的学生而自豪。,老师为有这样的学生而自豪。,38.888888888888886,26.196841599779198,16.247727570233458,0.0,79.14497715327147,67.26029715123109,56.07381643860639,46.14734996195437,35.77712609964235,70.71069633880256,75.27236938476562,83.2994818687439,0.347221314907074,0.7755676507949829
"看到祖国的蓬勃发展,我感到非常自豪。","看到祖国的蓬勃发展,我感到非常自豪。",14.816364413634355,0.0,0.0,0.0,55.55555555555555,36.15507630310937,20.14062116755834,0.0,16.828276509206084,52.57856567278418,73.74127507209778,81.98163509368896,0.6564647555351257,0.8025484085083008
"作为足球爱好者,为中队的足球成绩感到自卑。","作为足球爱好者,为中队的足球成绩感到自卑。",49.99999999999999,33.333333333333336,0.0,0.0,47.61904761904763,34.50327796711772,26.588639919519217,21.37772394158387,44.37825763209756,47.914121138001725,79.1374921798706,80.72148561477661,0.4956423044204712,0.722148597240448
对球迷们爱好踢足球的分钟感到自卑。,对球迷们爱好踢足球的分钟感到自卑。,28.57142857142857,0.0,0.0,0.0,52.94117647058824,40.67446084099804,32.10390550854982,26.220676436185983,19.04761904756905,45.091420534390586,74.37602877616882,78.61099243164062,0.4921965003013611,0.4339293837547302
他通过自己努力战胜了自卑的情绪。,他通过自己努力战胜了自卑的情绪。,84.64817248906144,75.71162714266755,62.36930675040936,51.15078115793242,87.50000000000003,72.45688373094717,60.822019955733964,54.237828377183014,91.23434704826732,66.08187134496782,97.7955162525177,92.28222966194153,0.9098271131515503,0.8417961001396179
"通过努力奋斗,他克服了自卑的情绪。","通过努力奋斗,他克服了自卑的情绪。",66.66666666666669,42.640143271122106,0.0,0.0,64.70588235294115,56.87964589945211,50.58144746093102,43.85068972747104,60.64073226538829,68.21911196905114,86.46280169487,91.5427565574646,0.6736282110214233,0.8430033326148987
"你说得对,你为这面的试卷做了什么准备?","你说得对,你为这面的试卷做了什么准备?",17.182231969774303,0.0,0.0,0.0,52.63157894736842,34.199278402838466,19.019320108064587,0.0,20.075963103619753,49.69418960238667,71.80548310279846,81.0697615146637,0.595245897769928,0.6484420299530029
你说你为这次面包试做了什么准备?,你说你为这次面包试做了什么准备?,100.00000000000004,100.00000000000004,100.00000000000004,100.00000000000004,60.67166205269095,46.2785279956738,34.341702954737954,27.231171718803022,99.99999999994999,58.42062852534542,100.0,84.13716554641724,0.9500744342803955,0.7154694199562073
他自愿追求自己。,他自愿追求自己。,70.00000000000003,62.360956446232365,52.636329980469824,45.180100180492246,30.326532985631665,16.210213737276046,0.0,0.0,75.92592592585959,37.1428571428493,87.34650611877441,80.02657294273376,0.7169926762580872,0.36819544434547424
你现在健康状态很好。,你现在健康状态很好。,72.7272727272727,53.93598899705937,40.13422919391943,29.982213893423374,66.67363986135462,52.38375874705947,37.04091103408589,27.080996975598868,72.72727272722275,58.89896778227458,92.20506548881531,88.86045217514038,0.6135216951370239,0.8532992601394653
"你帮他做个小生意,少赚点钱。","你帮他做个小生意,少赚点钱。",85.7142857142857,75.59289460184542,61.14214174657596,48.892302243490086,39.90269055874383,16.905144867600672,0.0,0.0,91.23434704823777,41.28125510700089,97.82702922821045,75.66012144088745,0.8439178466796875,0.6079437136650085
"他在一家小生意做起小生意,赚了一小笔钱。","他在一家小生意做起小生意,赚了一小笔钱。",60.04025522571868,45.89902117347861,34.143545604676255,22.828187338648245,30.000000000000004,0.0,0.0,0.0,65.5913978494323,32.967032966964574,87.45598793029785,75.04363059997559,0.7070081233978271,0.6332063674926758
我没赚到多余的钱。,我没赚到多余的钱。,23.076923076923073,13.867504905630724,0.0,0.0,34.22780793550614,14.82107559400146,0.0,0.0,25.74803149600025,37.280701754385575,74.06253218650818,79.64886426925659,0.2738649249076843,0.7226969599723816
"我没赚到钱,还有些余额。","我没赚到钱,还有些余额。",33.67721264091228,23.12299520008486,14.649590475126091,0.0,25.960026102380166,0.0,0.0,0.0,43.4873656289249,28.92416225747006,84.31372046470642,80.61102032661438,0.23287011682987213,0.5912868976593018
上个月我们公司赚了一百万元。,上个月我们公司赚了一百万元。,64.91306968533519,48.93843070304834,34.22721809903256,22.081791502306793,85.7142857142857,67.93662204867577,53.58322898371246,34.38931217657844,56.336227202324274,66.48451730413257,82.12050199508667,92.83111691474915,0.46798908710479736,0.8391979932785034
"这家公司问价五万块,买人力图管理系统。","这家公司问价五万块,买人力图管理系统。",34.782608695652165,17.782168978975484,0.0,0.0,44.944192927554475,29.204120363886066,16.241351853467652,0.0,33.524590163865746,43.43976695032864,75.4548966884613,77.99031138420105,0.21537157893180847,0.5323222279548645
一家大公司花钱花了很多万块给买人管理系统。,一家大公司花钱花了很多万块给买人管理系统。,24.999999999999996,0.0,0.0,0.0,63.56646365556513,42.641680146934,30.138284405478643,19.514193023219963,27.77777777771852,51.107539303787256,71.91996574401855,81.3226580619812,0.5315479636192322,0.6801007390022278
我最大的遗憾是没好好陪爷爷。,我最大的遗憾是没好好陪爷爷。,18.18181818181818,0.0,0.0,0.0,93.10627797040233,89.45361839438259,85.30958870582018,80.52253761904356,20.297349709051105,96.32292858305907,67.71791577339172,98.64886999130249,0.12673357129096985,0.9161842465400696
"妈妈说人生有时候有遗憾,但遗憾也是一种美丽的象征。","妈妈说人生有时候有遗憾,但遗憾也是一种美丽的象征。",27.777777777777775,12.782749814122841,0.0,0.0,43.99999999999999,30.27650354097492,22.86660128736526,18.15737416858213,30.701208120493945,40.205871913120504,76.34788751602173,83.35608839988708,0.44020551443099976,0.6949939727783203
世界上没有后悔的药。,世界上没有后悔的药。,38.969419729054465,22.00133509798045,12.882294529716104,0.0,90.0,70.71067811865471,57.23571212766658,48.10977290978806,41.54880717296014,59.99999999994999,78.19658517837524,86.67733669281006,0.3144494593143463,0.7330844402313232
世界上没有后悔吃药的。,世界上没有后悔吃药的。,100.00000000000004,100.00000000000004,100.00000000000004,100.00000000000004,81.81818181818183,57.20775535473555,33.1300762471962,0.0,99.99999999994999,37.92363792357934,100.0,84.53519940376282,1.006733775138855,0.6203946471214294
"我心心念念念的物品突然消失了,我很后悔昨天为什么不买。","我心心念念念的物品突然消失了,我很后悔昨天为什么不买。",16.666666666666668,0.0,0.0,0.0,58.467590371052054,45.696816215949575,37.866338996417205,33.506765073534105,9.1203453858109,39.1858776547043,67.18048453330994,81.3831627368927,0.27452027797698975,0.6340324878692627
"我心心心念念念的很多东西,突然消失了,我很后悔昨天为什么不买。","我心心心念念念的很多东西,突然消失了,我很后悔昨天为什么不买。",10.000000000000002,0.0,0.0,0.0,58.06451612903227,39.349550147037185,17.478085058586085,0.0,10.8465608464945,55.295881098591124,74.62753653526306,83.84756445884705,0.6364313960075378,0.6886320114135742
"后悔没用,怎么没想补救呢?","后悔没用,怎么没想补救呢?",44.48541127315599,29.841721084143675,21.67770338946743,0.0,71.22777528017816,52.42222319292263,28.49335828616031,0.0,49.029126213564226,51.71018012543848,81.87565803527832,88.96204233169556,0.5573750734329224,0.7070243954658508
"我道歉了,我不好,是谁默契的?","我道歉了,我不好,是谁默契的?",24.999999999999996,0.0,0.0,0.0,40.0,23.90457218668787,16.380966908806922,0.0,27.47252747245908,22.056948576216776,79.74349856376648,79.2942464351654,0.754124104976654,0.37214118242263794
"我道歉我不好,是谁的?","我道歉我不好,是谁的?",62.96296296296293,58.22639771026013,53.035195463819235,47.22183035622597,45.45454545454545,30.15113445777636,21.616643908267584,0.0,67.98654841574667,27.272727272677272,87.48132586479187,77.06244587898254,0.6118108034133911,0.3810216784477234
"主动道歉不是懦弱的,而是勇敢的。","主动道歉不是懦弱的,而是勇敢的。",37.5,0.0,0.0,0.0,68.75000000000001,47.87135538781691,25.390688104473572,0.0,41.20879120872282,59.4736842104649,86.73174381256104,87.9834532737732,0.7613861560821533,0.7931076884269714
"主动道歉不是懦弱的,而是勇敢的。","主动道歉不是懦弱的,而是勇敢的。",100.00000000000004,100.00000000000004,100.00000000000004,100.00000000000004,68.75000000000001,56.642151559888106,48.57063902709546,40.325042950627804,99.99999999994999,72.69005847947075,99.99997019767761,91.09746813774109,0.9707947373390198,0.8467846512794495
"原来不是你的错误,为什么你要向我道歉?","原来不是你的错误,为什么你要向我道歉?",11.031211282307444,0.0,0.0,0.0,73.6842105263158,67.10382982072029,59.61815888709365,50.727846440621036,11.684125705039227,75.56536127959185,71.99851274490356,92.72927045822144,0.388458788394928,0.8668471574783325
事物都有道理。,事物都有道理。,23.529411764705884,0.0,0.0,0.0,42.43728456769501,34.64989775337994,21.680060966262698,0.0,17.647058823479416,60.078740157485264,74.66338276863098,83.82182717323303,0.458410382270813,0.8720707297325134
事物都有道理。,事物都有道理。,24.999999999999996,15.075567228888186,0.0,0.0,36.78794411714425,30.037230591008544,18.7939657168897,0.0,26.832844574715665,55.55555555556296,71.64052724838257,83.41739177703857,0.22425323724746704,0.7728881239891052
我手机在地铁上被偷了。,我手机在地铁上被偷了。,37.04091103408589,24.693940689390597,17.80741267423511,0.0,91.31007162822628,76.39548695130017,61.87148276228836,48.22059513526159,42.07069127304718,69.30369401761207,76.86730623245239,93.79675388336182,0.40109795331954956,0.8537472486495972
电子地图也逐渐掌握了历史地图的发展趋势。,电子地图也逐渐掌握了历史地图的发展趋势。,53.38249352778721,40.03687014584041,26.36963416297342,0.0,55.000000000000014,38.04429551263411,25.241327659935674,17.5376708746474,58.83495145628266,52.34239444759824,83.05385112762451,83.23280811309814,0.7384394407272339,0.521476149559021
"历史的地图和书,现在电量地图也不一样。","历史的地图和书,现在电量地图也不一样。",9.135828677937498,0.0,0.0,0.0,36.84210526315789,24.779731389167605,15.343157945131013,0.0,13.11591634172839,26.98762902839023,73.06585907936096,73.16493391990662,0.4050282835960388,0.24673989415168762
请问城市地图在哪里买的?,请问城市地图在哪里买的?,92.85714285714283,88.64052604279179,83.83820492034592,80.91067115702207,70.5401437408845,65.8985129079368,63.60466237047175,61.73028691712478,92.85714285709285,76.02862254021723,95.53747177124023,93.79310607910156,0.8310437798500061,0.8921566605567932
一个好的封面可以提高书皮质量。,一个好的封面可以提高书皮质量。,88.8888888888889,81.6496580927726,72.49202486685948,66.06328636027612,46.66666666666667,31.62277660168379,0.0,0.0,93.4730056405521,36.76158096040717,98.46442937850952,77.82737612724304,0.8333338499069214,0.5567724108695984
一个好的封面能提高书皮质量。,一个好的封面能提高书皮质量。,60.63657586001311,44.96928821556907,33.46203070512843,0.0,49.99999999999999,33.968311024337865,0.0,0.0,65.75963718817684,38.89570552140535,88.12752366065979,78.21648120880127,0.7316513657569885,0.5755235552787781
图书的封面内容非常丰富。,图书的封面内容非常丰富。,6.107097367830394,0.0,0.0,0.0,74.99999999999997,52.223296786709355,30.10067189543959,0.0,6.753535674531798,60.64073226538829,70.90229392051697,91.77385568618774,0.5808730721473694,0.8167881369590759
"冬天和春回近,感冒容易引发感冒。","冬天和春回近,感冒容易引发感冒。",58.42745080582083,44.04887592401746,33.908036278385275,28.10826854659323,56.24999999999999,47.434164902525694,43.15271869985911,39.65384287913186,57.919689267116205,55.57398194207192,81.68103098869324,87.06257343292236,0.3120397627353668,0.6257752180099487
选择出国学习是人生中不可取的一件事。,选择出国学习是人生中不可取的一件事。,100.00000000000004,100.00000000000004,100.00000000000004,100.00000000000004,66.66666666666669,34.29971702850177,0.0,0.0,99.99999999994999,34.22987436011213,100.0,80.49306273460388,1.0078864097595215,0.6374754905700684
你怎么这么多日期不选择自己自愿数钱?,你怎么这么多日期不选择自己自愿数钱?,57.14285714285717,36.31365196012816,0.0,0.0,46.28953562425905,32.113177176733466,24.46678030221936,19.611371282950564,46.67484662569982,47.39152175118525,82.04066157341003,78.33877205848694,0.4151816964149475,0.240355983376503
"日期是多余的,你最好挑选一个,自愿估计报酬。","日期是多余的,你最好挑选一个,自愿估计报酬。",70.01386552343577,59.17251633712197,49.02906364540521,40.07271049288471,39.091215120066174,13.337044759320898,0.0,0.0,74.42084942081291,22.20030681564603,91.77530407905579,74.07568693161011,0.7518222332000732,0.24101203680038452
"名片不好做,要重新做。","名片不好做,要重新做。",55.156056411537236,45.673553902495044,31.306211647069624,0.0,57.703310812752875,42.79392063499489,29.560720769748574,21.2770846750956,58.42062852534542,48.627234199363066,85.15222668647766,83.34469795227051,0.573472261428833,0.6827123761177063
与老板交换名片。,与老板交换名片。,28.496906152442428,15.112766687421516,0.0,0.0,36.475426721869496,25.527481033959642,16.543180214081307,0.0,34.1763499658126,44.610239259074014,78.72387170791626,80.15644550323486,0.5880065560340881,0.6870853900909424
"交易结束后,老板将他们俩抱出来一张名片。","交易结束后,老板将他们俩抱出来一张名片。",24.65363036538235,16.072200637497772,11.30159507630186,0.0,30.000000000000004,21.764287503300356,13.806135595834634,0.0,26.67854100515629,32.967032966964574,74.86750483512878,79.40914630889893,0.48128384351730347,0.39091649651527405
学习是打开知识的钥匙。,学习是打开知识的钥匙。,37.5,23.145502494313785,0.0,0.0,83.37529180751808,58.955234220503236,31.813628003035348,0.0,37.499999999950006,49.31972789112471,87.82857656478882,83.85937213897705,0.7689501643180847,0.7876979112625122
学习是打开知识的大门钥匙。,学习是打开知识的大门钥匙。,100.00000000000004,100.00000000000004,100.00000000000004,100.00000000000004,84.61538461538463,53.10850045437944,0.0,0.0,99.99999999994999,57.539682539618994,100.0,80.21047115325928,0.9263513088226318,0.780434787273407
工人们因为缺少资金而失败了。,工人们因为缺少资金而失败了。,57.31115271545876,32.29117637391049,0.0,0.0,49.99999999999999,33.968311024337865,0.0,0.0,44.721407624603366,28.571428571378572,79.31326627731323,83.71703624725342,0.646800696849823,0.7030088901519775
你家有多少个远亲亲戚?,你家有多少个远亲亲戚?,100.00000000000004,100.00000000000004,100.00000000000004,100.00000000000004,63.63636363636361,50.4524979109513,30.467789441246502,0.0,99.99999999994999,45.454545454495445,100.0,89.53667879104614,0.9444429278373718,0.8400654196739197
"我过敏没吃过,所以不知道过敏是什么样子。","我过敏没吃过,所以不知道过敏是什么样子。",100.00000000000004,100.00000000000004,100.00000000000004,100.00000000000004,69.59211401162848,57.43413816315004,51.30390724243132,47.75934627529901,99.99999999994999,71.55425219938343,100.0,89.46674466133118,0.9424917697906494,0.5574102401733398
"动物是人好的朋友,我们应该爱护他们。","动物是人好的朋友,我们应该爱护他们。",83.33333333333334,73.43130710225098,61.789335545,52.954738785086846,70.5401437408845,45.906917028911664,22.340074639399223,0.0,83.33333333328333,40.54859868810035,91.37965440750122,87.86019086837769,0.6805879473686218,0.813168466091156
"动物是人好的朋友,我们应该爱护他们。","动物是人好的朋友,我们应该爱护他们。",33.333333333333336,20.412414523193153,0.0,0.0,78.82995574223045,51.30185516695937,24.965459406645145,0.0,37.23653395778134,59.37278386253539,80.93345761299133,91.34243726730347,0.47098952531814575,0.8977219462394714
"假如我们不爱护世界,世界会惩罚我们。","假如我们不爱护世界,世界会惩罚我们。",85.7142857142857,81.19979429411501,76.03371308769859,72.72454093000138,53.38249352778721,38.8414693012796,28.29399217840189,22.175727935320015,85.7142857142357,49.029126213564226,93.41774582862854,87.22472190856934,0.5583600401878357,0.8209495544433594
"他傲慢的人很多,大家都不喜欢和他接触。","他傲慢的人很多,大家都不喜欢和他接触。",16.13480348593598,0.0,0.0,0.0,36.84210526315789,14.306584587982533,0.0,0.0,20.31063321385475,34.801624492277405,74.17202591896057,77.2504985332489,0.4644131660461426,0.6265549063682556
"对附近居民的傲慢是不可取的,友谊永远不能长。","对附近居民的傲慢是不可取的,友谊永远不能长。",52.2946920825162,29.524510561170228,0.0,0.0,36.36363636363637,18.609684207969416,0.0,0.0,44.172612979914355,34.772829509604,84.36523079872131,76.8915057182312,0.5909793972969055,0.6522623300552368
"对身体关心的客人是不能扬扬得意的,友谊永远不能长。","对身体关心的客人是不能扬扬得意的,友谊永远不能长。",63.48612936679603,44.206066343488196,32.10237089716701,23.6181893620228,24.000000000000004,10.000000000000002,0.0,0.0,53.22003577814209,22.336595507258743,79.9215018749237,73.42931032180786,0.7060067653656006,0.4393744468688965
夫妻是白天的生意。,夫妻是白天的生意。,54.16666666666666,40.602348757648016,28.222812867461478,18.088201962129947,29.82797722714566,18.26583106646588,0.0,0.0,49.99999999995,31.405436668555836,77.73289680480957,77.16750502586365,0.49492108821868896,0.4394615888595581
这家店主要的是白天的生意。,这家店主要的是白天的生意。,100.00000000000004,100.00000000000004,100.00000000000004,100.00000000000004,46.15384615384615,33.968311024337865,21.89030136322373,0.0,99.99999999994999,50.48482952761446,100.0,81.34717345237732,1.0005996227264404,0.786515474319458
不同的想法是白天的事情。,不同的想法是白天的事情。,92.85714285714283,88.64052604279179,86.83493185643985,85.5526185871245,49.99999999999999,42.640143271122085,37.92447013704332,33.18077402843942,96.0331916615501,53.66568914949571,97.88328409194946,81.6563069820404,0.8389239311218262,0.4272887110710144
班长一般都会带领班级热情。,班长一般都会带领班级热情。,40.39231756892701,32.02403785058928,27.89168688585216,24.22364216174946,43.63706676438829,33.853248616882766,23.593813107729524,16.962415588206884,48.627234199363066,40.96731448762249,81.72582387924194,81.37803077697754,0.37745922803878784,0.5030562877655029
班长一般都会带领班级温暖班级。,班长一般都会带领班级温暖班级。,83.33333333333334,70.71067811865471,49.99999999999999,0.0,33.333333333333336,21.821789023599234,0.0,0.0,89.44281524920247,33.333333333283335,95.54012417793274,83.17562937736511,0.8276353478431702,0.5379841327667236
"班长有权力,但是必须负责。","班长有权力,但是必须负责。",43.74999999999999,29.580398915498076,18.420157493201934,0.0,38.49384002773616,25.339747671101133,14.294934137294401,0.0,48.07692307685468,40.66952121448084,75.67312121391296,85.53032875061035,0.41545408964157104,0.7396923899650574
"他在多媒体投影仪上观看了一部电影,我在网络上查询了可以下载这部电影。","他在多媒体投影仪上观看了一部电影,我在网络上查询了可以下载这部电影。",9.942659075715216,0.0,0.0,0.0,44.11764705882352,23.124864503144014,0.0,0.0,10.4684788894928,32.8936242177589,75.59264898300171,81.32614493370056,0.3255627751350403,0.5855962634086609
他用火车查询了自己乘坐的列车的座位。,他用火车查询了自己乘坐的列车的座位。,66.66666666666669,49.23659639173309,41.74128044846464,35.65506208559251,55.55555555555555,36.15507630310937,20.14062116755834,0.0,71.5542521993491,49.99999999995,90.69576859474182,83.86201858520508,0.7666345238685608,0.40351343154907227
他用软件查询了自己乘坐火车的票价。,他用软件查询了自己乘坐火车的票价。,80.49580497680256,73.26455453039866,67.6942061413788,61.88604784965421,66.55575133093234,48.51042304199408,35.40390188025176,27.805272316398217,85.90643274850247,62.75476966026309,95.70914506912231,89.44626450538635,0.7129058837890625,0.737494945526123
老师鼓励学生主动查询资料。,老师鼓励学生主动查询资料。,100.00000000000004,100.00000000000004,100.00000000000004,100.00000000000004,62.204279126988695,51.64805748169288,37.67637932989976,25.040592614516004,99.99999999994999,70.85794655412838,99.99997019767761,89.04159665107727,0.9707947373390198,0.8380116820335388
这家超市宣布他们比超市便宜。,这家超市宣布他们比超市便宜。,86.6877899750182,79.13476338264611,68.80414449957114,61.29752413741059,43.3236185509024,31.790844679184772,24.83889666482369,20.275507940424557,92.5146198830054,47.75510204080848,97.68538475036621,84.75844264030457,0.8312510251998901,0.4874498248100281
超市和24小时超市有所差别。,超市和24小时超市有所差别。,72.7272727272727,53.93598899705937,40.13422919391943,29.982213893423374,49.99999999999999,27.73500981126145,0.0,0.0,63.63636363631363,51.71018012542381,85.79784035682678,80.6939959526062,0.48023509979248047,0.5910176634788513
"同学的缺点是不可取的,我们应该帮助他们,不嘲笑他们。","同学的缺点是不可取的,我们应该帮助他们,不嘲笑他们。",11.111111111111109,0.0,0.0,0.0,57.692307692307715,42.96689244236597,28.47033872200803,17.797644045771207,12.126865671574393,49.94597011581885,75.7769763469696,82.37385153770447,0.21053333580493927,0.7170455455780029
"同学的缺点是什么,我们应该帮助他改正,不要嘲笑他。","同学的缺点是什么,我们应该帮助他改正,不要嘲笑他。",100.00000000000004,100.00000000000004,100.00000000000004,100.00000000000004,59.999999999999986,44.72135954999579,29.65795064527849,18.556675930109115,99.99999999994999,51.40239492077507,99.99999403953552,81.56020045280457,0.9609407782554626,0.705886960029602
"别人失败了不要嘲笑,要看别人的优点。","别人失败了不要嘲笑,要看别人的优点。",58.410058730355345,45.47216904999418,36.4205353527308,30.238706547866272,50.497675226464445,39.68638797194349,28.176195661291167,21.801536934763156,65.07936507933955,47.39152175118525,85.25084257125854,80.47289252281189,0.599990725517273,0.5807792544364929
"别人失败了不要嘲笑,要看别人好。","别人失败了不要嘲笑,要看别人好。",66.66666666666669,49.23659639173309,0.0,0.0,36.31772961156892,21.655709919980044,0.0,0.0,60.64073226538829,38.61526163683289,80.93768954277039,76.61340832710266,0.5577870011329651,0.4808015823364258
"受到周围的嘲笑,他落泪了。","受到周围的嘲笑,他落泪了。",15.0,0.0,0.0,0.0,53.846153846153854,29.957234475763908,0.0,0.0,10.24295040037584,39.872611464910804,71.68397307395935,82.03399777412415,0.28417372703552246,0.7435352802276611
"为了躲避周围的嘲笑,他开了一家店。","为了躲避周围的嘲笑,他开了一家店。",7.961459006375435,0.0,0.0,0.0,29.411764705882355,13.558153613666015,0.0,0.0,9.157509157490464,25.76652601962266,72.1552848815918,72.87790775299072,0.38175973296165466,0.36906856298446655
"为了躲避环境的嘲笑,他开除了那条登山的小路。","为了躲避环境的嘲笑,他开除了那条登山的小路。",29.17244396809825,13.504217492576947,0.0,0.0,18.18181818181818,9.304842103984706,0.0,0.0,24.806949806913313,20.33476060717379,69.38271522521973,71.45589590072632,0.17453981935977936,0.18380552530288696
"老师处罚了同学们,同学们打扫了教室。","老师处罚了同学们,同学们打扫了教室。",70.01386552343577,62.76193134277607,57.04450096909639,51.00714853814581,44.44444444444444,32.338083338177725,23.556613421026437,17.18152967132724,74.42084942081291,43.20987654315062,94.52084302902222,83.54949355125427,0.8064568638801575,0.48924726247787476
每个人都最不喜欢被处罚。,每个人都最不喜欢被处罚。,42.85714285714285,0.0,0.0,0.0,84.33740467435464,70.26955287933683,56.6414533482013,36.918356747098294,45.61717352408751,63.796178343907506,87.272047996521,88.53840827941895,0.44622087478637695,0.8479778170585632
他处罚了他对女朋友说过的话。,他处罚了他对女朋友说过的话。,57.14285714285717,43.64357804719849,0.0,0.0,46.55313898520114,18.259643392656738,0.0,0.0,60.822898032137594,27.520836737986343,90.36585092544556,71.62373661994934,0.8126638531684875,0.33721598982810974
"抗战时期,军情弱弱小,要严格处罚他。","抗战时期,军情弱弱小,要严格处罚他。",40.0,16.90308509457033,0.0,0.0,29.82797722714566,12.530256737403928,0.0,0.0,37.14285714278808,31.405436668555836,81.16436004638672,73.7025499343872,0.7531070113182068,0.5937007069587708
"与敌人作战时,法律也太弱了,要多处罚弱势群体。","与敌人作战时,法律也太弱了,要多处罚弱势群体。",63.48612936679603,44.206066343488196,25.47966866641813,0.0,26.08695652173913,10.889310129609417,0.0,0.0,60.822898032167124,23.032677145770474,81.20940923690796,72.57567048072815,0.6598958373069763,0.639398992061615
"处罚有处罚,必须有奖。","处罚有处罚,必须有奖。",100.00000000000004,100.00000000000004,100.00000000000004,100.00000000000004,60.63657586001311,44.96928821556907,26.558831371156522,0.0,99.99999999994999,41.099773242598616,100.0,83.80681872367859,0.9563469886779785,0.47815144062042236
这所学校的处罚被同学们广泛传遍了。,这所学校的处罚被同学们广泛传遍了。,28.57142857142857,0.0,0.0,0.0,44.37050088728824,28.0075058017979,17.02042075799958,0.0,31.623931623862493,39.9348534201514,81.70931935310364,77.16413140296936,0.5425631999969482,0.6230140328407288
学校处罚学生十分严厉。,学校处罚学生十分严厉。,37.5,23.145502494313785,0.0,0.0,47.42004099148442,33.156372381640104,0.0,0.0,41.91522762944536,45.96412556053261,78.17462086677551,77.44424343109131,0.6096525192260742,0.7714096903800964
厨师的作品现在都很受欢迎。,厨师的作品现在都很受欢迎。,53.62560368285113,29.977623792329556,0.0,0.0,62.204279126988695,47.81680973075936,39.39125428996962,34.07398306064501,63.247863247849345,64.41631504920575,86.76002025604248,84.29597020149231,0.5847231149673462,0.6236962676048279
厨师做饭都是很受欢迎的。,厨师做饭都是很受欢迎的。,29.17244396809825,0.0,0.0,0.0,47.76875403825263,30.552997741111266,18.841448005645923,0.0,31.00868725865076,48.076923076904386,78.49724292755127,79.5017421245575,0.4276527166366577,0.4806019067764282
"厨师的工资,饭店的好厨师也会跟着涨。","厨师的工资,饭店的好厨师也会跟着涨。",51.92005220476034,42.87157212068261,35.01833430856121,24.689800508009657,42.3240862445307,29.034083633546143,23.73987175173671,19.712779182815254,57.84832451496564,35.48002385208365,79.27964329719543,76.05814933776855,0.5925629138946533,0.44177645444869995
"这部电影死在什么地方,厨师是怎么做饭的?","这部电影死在什么地方,厨师是怎么做饭的?",18.223231847084033,9.84167002399331,0.0,0.0,34.99999999999999,27.14483570153185,20.154745029948426,14.81394578697113,29.47821409360765,29.99999999995,78.67664694786072,72.14064598083496,0.7118927240371704,0.3177557587623596
这部电影反映了什么厨师的工作流程?,这部电影反映了什么厨师的工作流程?,57.14285714285717,43.64357804719849,33.6478173147995,0.0,58.82352941176469,38.348249442368505,26.965590889371917,19.345299022826186,57.14285714280714,47.05882352936177,83.84088277816772,84.91317629814148,0.7839037775993347,0.719088613986969
通过这个办法刺激思考。,通过这个办法刺激思考。,100.00000000000004,100.00000000000004,100.00000000000004,100.00000000000004,36.36363636363637,19.069251784911845,0.0,0.0,99.99999999994999,36.363636363586366,100.0,81.4556896686554,0.9777525067329407,0.6586803793907166
人对刺激的情绪会做出反应。,人对刺激的情绪会做出反应。,65.14390575310559,65.14390575310559,65.14390575310559,65.14390575310559,62.204279126988695,43.65057552911575,29.421358991318364,0.0,77.66195085627984,57.97468354428309,91.75047278404236,86.09074354171753,0.7592431306838989,0.6656721234321594
"人,都受到刺激,精神上就会工作反过来。","人,都受到刺激,精神上就会工作反过来。",55.55555555555555,37.267799624996485,27.072175360490334,0.0,42.10526315789474,21.629522817435003,0.0,0.0,58.42062852532245,37.782680639768365,77.71008014678955,77.73516774177551,0.7053975462913513,0.45740705728530884
"他是个聪明的小孩子,活在世上却很可爱。","他是个聪明的小孩子,活在世上却很可爱。",90.90909090909088,85.28028654224414,82.70230439802374,80.70557274927978,63.15789473684212,37.46343246326776,20.211043492861986,0.0,90.9090909090409,37.782680639768365,97.34581112861633,79.06573414802551,0.8436741828918457,0.6125946044921875
他认为自己最强烈的感受就是这个问题的答案。,他认为自己最强烈的感受就是这个问题的答案。,84.61538461538463,79.66275068156918,77.28038897744274,75.39221180326287,49.94507858651545,37.79780959572703,30.609271173737124,25.98254910066299,87.71974522287258,46.461399367075224,93.4824287891388,79.01664972305298,0.667008101940155,0.4164852499961853
他急匆匆地想知道这个问题的答案。,他急匆匆地想知道这个问题的答案。,100.00000000000004,100.00000000000004,100.00000000000004,100.00000000000004,56.24999999999999,33.54101966249685,20.029717725729935,0.0,99.99999999994999,55.57398194207192,100.0,86.23018860816956,0.9500744342803955,0.8316990733146667
抄袭别人的答案是违反法律的。,抄袭别人的答案是违反法律的。,71.42857142857146,66.29935441317961,63.52994280170822,61.153805769010226,78.5714285714286,60.219379159649506,39.24404506237294,0.0,71.42857142852144,60.822898032137594,86.43235564231873,90.33415913581848,0.5021907687187195,0.8580632209777832
别人的答案是违反规则的。,别人的答案是违反规则的。,29.82797722714566,25.060513474807856,21.92344268368048,18.830095106396065,76.67036788577695,62.02938178031639,47.35599701066678,38.386658421682654,31.405436668555836,79.74522292989478,81.1497449874878,88.31281661987305,0.6459951400756836,0.669969916343689
这本书的封面被破了。,这本书的封面被破了。,37.15190998929349,15.739751171727475,0.0,0.0,90.48374180359599,73.8796658121833,62.7379225249551,55.62833249555186,33.04093567247908,66.36636636632652,77.79408097267151,91.53124690055847,0.5133897662162781,0.825866162776947
手机可以研发出非常精致的封面软件。,手机可以研发出非常精致的封面软件。,71.42857142857146,59.76143046671968,41.49132666831217,0.0,64.70588235294115,40.219983326992185,0.0,0.0,76.0286225401877,38.004440381285384,93.39567422866821,80.29926419258118,0.8470419645309448,0.5866895318031311
手机可以研发出非常精致的封面软件。,手机可以研发出非常精致的封面软件。,14.705882352941176,9.440686400617011,0.0,0.0,64.70588235294115,40.219983326992185,0.0,0.0,12.157288067170525,30.24753024747455,72.84349799156189,79.49150800704956,0.4238768219947815,0.5422403812408447
"想身体健康,不要抽烟。","想身体健康,不要抽烟。",28.57142857142857,14.82498633322202,0.0,0.0,72.7272727272727,53.93598899705937,40.13422919391943,29.982213893423374,29.54867435736067,47.40454740448881,75.27801394462585,88.57176899909973,0.4316858649253845,0.8450965285301208
"冬天不减肥,夏天太热了。","冬天不减肥,夏天太热了。",48.00000000000001,24.49489742783178,13.766001254296354,0.0,66.66666666666669,55.04818825631805,44.96443130226094,37.70063804549471,35.99999999995,66.66666666661666,78.12440991401672,87.80525326728821,0.5820516347885132,0.6111465096473694
"冬天不减肥,夏天太热了。","冬天不减肥,夏天太热了。",100.00000000000004,100.00000000000004,100.00000000000004,100.00000000000004,66.66666666666669,49.23659639173309,28.941787404774686,0.0,99.99999999994999,49.99999999995,100.0,84.12358164787292,0.9630923271179199,0.6329138875007629
"心情不好,火锅是解决的,还不能再吃火锅了。","心情不好,火锅是解决的,还不能再吃火锅了。",54.58205020519881,39.94997008270052,27.190689545695275,19.24443345974271,43.58937697358348,28.66156302883192,16.698433200350493,10.863666507011537,47.70283479957892,49.32564604138561,84.75157618522644,80.13032674789429,0.708032488822937,0.5272476077079773
"人心不古了,火锅是解决的,还不能再吃火锅了。","人心不古了,火锅是解决的,还不能再吃火锅了。",33.333333333333336,15.430334996209194,0.0,0.0,39.25136344198108,19.29947038651544,0.0,0.0,29.74015950598347,35.73283216695424,82.18404650688171,74.98247027397156,0.4996680021286011,0.38222742080688477
找女朋友是我现在最标准的标准。,找女朋友是我现在最标准的标准。,19.999999999999996,0.0,0.0,0.0,79.99999999999997,58.55400437691197,47.2508849708933,36.41410562218426,22.28571428564523,48.16146429149448,75.88934898376465,83.67473483085632,0.5450243353843689,0.6466041207313538
找女朋友是一种很重要的职业。,找女朋友是一种很重要的职业。,58.333333333333336,51.49286505444373,47.335252868199454,43.36189090348677,49.99999999999999,33.968311024337865,26.791614491856215,20.448007360218387,60.64073226538829,36.93584294671505,85.2067768573761,77.76389718055725,0.29455891251564026,0.6519461274147034
"谈恋爱时要花钱,花钱不应该得罪人。","谈恋爱时要花钱,花钱不应该得罪人。",55.55555555555555,31.31121455425747,18.29896873800057,0.0,38.8241882763772,0.0,0.0,0.0,35.77712609964235,34.229874360123496,80.59406876564026,74.0638017654419,0.5109543204307556,0.46685105562210083
"谈恋爱要花钱,花时间要花钱,花钱要多少钱?","谈恋爱要花钱,花时间要花钱,花钱要多少钱?",100.00000000000004,100.00000000000004,100.00000000000004,100.00000000000004,28.57142857142857,11.952286093343934,0.0,0.0,99.99999999994999,30.411449016037423,100.0,69.40584182739258,0.9633428454399109,0.5356917977333069
感冒的药可以帮助降低感冒的患病率。,感冒的药可以帮助降低感冒的患病率。,61.538461538461554,39.223227027636796,24.09339418591454,0.0,35.29411764705882,21.004201260420146,0.0,0.0,47.84713375790443,38.649789029467954,84.32082533836365,83.77056121826172,0.6025770902633667,0.5887479186058044
感冒药可以帮你减少感冒的患病率。,感冒药可以帮你减少感冒的患病率。,64.99999999999999,55.48826333938604,49.288159365841445,43.319877589068106,37.5,22.360679774997894,0.0,0.0,69.36420661342702,32.191139071018775,82.98694491386414,78.00910472869873,0.733820378780365,0.6854555010795593
感冒发烧是哪一种疾病?,感冒发烧是哪一种疾病?,8.333333333333332,0.0,0.0,0.0,28.851655406376448,27.06525184301259,24.93247750706982,22.269344484776322,8.94428152486229,34.733738713827776,62.762582302093506,78.30299735069275,0.20792409777641296,0.6489952206611633
感冒发烧是什么?那是你因为感冒而发烧。,感冒发烧是什么?那是你因为感冒而发烧。,93.33333333333336,89.44271909999159,85.05807405659806,82.42367502646057,47.368421052631575,39.735970711951325,33.36769761883771,21.951524426618455,93.33333333328332,50.68918302138757,98.40299487113953,73.34810495376587,0.7594818472862244,0.6317020654678345
"这是他第一次到国外,感到非常奇怪。","这是他第一次到国外,感到非常奇怪。",23.076923076923073,0.0,0.0,0.0,58.82352941176469,50.72996561958921,44.10311794627641,36.821398145189974,24.659863945514697,64.41631504915853,74.00752305984497,86.65862083435059,0.547940731048584,0.7980793118476868
"第一次出国后,他感到非常奇怪。","第一次出国后,他感到非常奇怪。",19.04761904761905,9.759000729485333,0.0,0.0,59.999999999999986,41.40393356054123,29.76619230049489,0.0,20.872950512771695,56.56855707100759,69.19564604759216,85.89724898338318,0.3055999279022217,0.7606357932090759
对孩子的表现是他们最真实的感受。,对孩子的表现是他们最真实的感受。,16.189059508257078,6.800765282567004,0.0,0.0,82.19864299617916,68.06694306760899,57.13700005311839,44.843210721332646,14.42888021783826,54.445554445510794,67.74768233299255,89.06411528587341,0.20664793252944946,0.7458429932594299
孩子的表情是他们最真实的感受。,孩子的表情是他们最真实的感受。,35.588329018524796,18.310044222789276,11.882732110376478,0.0,87.51733190429479,73.96564542140251,63.645780949512286,52.36853423341318,34.32038834948655,55.81563706560056,75.71602463722229,90.08315801620483,0.576511025428772,0.8082910776138306
"差不多的工资既能吸引劳动者,又能鼓励劳动者。","差不多的工资既能吸引劳动者,又能鼓励劳动者。",17.794164509262398,0.0,0.0,0.0,63.63636363636361,52.223296786709334,40.85289703216216,32.21135973222974,19.611650485408884,57.919689267088,73.7997829914093,83.58481526374817,0.588579535484314,0.786276638507843
"工资差不多可以鼓励劳动者,又能鼓励劳动者。","工资差不多可以鼓励劳动者,又能鼓励劳动者。",33.203662410264094,0.0,0.0,0.0,57.14285714285717,41.403933560541276,26.229289923817383,0.0,25.988885256579046,38.97804298702606,70.95613479614258,77.8809130191803,0.2985950708389282,0.5596275925636292
他有多种故障的预防方法。,他有多种故障的预防方法。,31.597451290858128,14.820518350489419,0.0,0.0,38.455703428359215,26.29460478514016,16.580301377320772,0.0,36.76158096045955,32.60051197107588,76.64579749107361,80.30470013618469,0.530161440372467,0.6177834272384644
我们有各种各样的故障的预防方法。,我们有各种各样的故障的预防方法。,28.317598348190263,19.046210189193328,11.79306613939746,0.0,68.75000000000001,60.55300708194985,50.78137620894715,37.67471803151816,31.712034037591053,70.82050595630857,73.43873977661133,87.87479400634766,0.46173095703125,0.8036127686500549
"王老师技术高超,故障可随时随机应变。","王老师技术高超,故障可随时随机应变。",19.999999999999996,0.0,0.0,0.0,49.99999999999999,34.29971702850177,24.499865251482237,17.694975149532556,20.936957779003677,52.57856567278418,70.19590139389038,83.72414112091064,0.32165515422821045,0.6170006394386292
"王老师技术很高超,遇到什么故障都能及时维修。","王老师技术很高超,遇到什么故障都能及时维修。",8.333333333333332,0.0,0.0,0.0,59.09090909090908,41.089070180665914,32.32170094055586,24.41685669990165,9.157509157440758,54.64301780084494,63.31995129585266,86.58774495124817,0.18514776229858398,0.7667607665061951
一般人身体准备的手指关节比较脆弱。,一般人身体准备的手指关节比较脆弱。,43.74999999999999,17.07825127659933,0.0,0.0,82.35294117647057,55.57189302262111,34.531573864506285,23.287896954139942,38.62936688523374,55.81563706557624,76.32463574409485,87.25116848945618,0.6082459092140198,0.6230671405792236
一般人体质的手指关节比较脆弱。,一般人体质的手指关节比较脆弱。,65.49846024623854,54.582050205198755,45.0564897182701,32.16094349518414,93.33333333333336,77.45966692414831,61.33748537965209,49.00941039306948,71.55425219938343,82.56251021403085,84.44761037826538,94.50907707214355,0.6185095906257629,0.898198664188385
"商店的广告都放到网络上,要求人们接触商品,使用网络。","商店的广告都放到网络上,要求人们接触商品,使用网络。",100.00000000000004,100.00000000000004,100.00000000000004,100.00000000000004,38.46153846153847,17.54116038614059,0.0,0.0,99.99999999994999,35.88535031841399,100.00002384185791,81.84024691581726,0.983094334602356,0.5211077928543091
"网络上有许多虚假广告,要求用户支付手续费。","网络上有许多虚假广告,要求用户支付手续费。",19.04761904761905,0.0,0.0,0.0,36.32369351746577,18.61035495556389,0.0,0.0,19.4890214934857,37.169119493651145,66.03469848632812,82.86067247390747,0.24212756752967834,0.60919189453125
必须普及这张广告。,必须普及这张广告。,46.92240322249477,32.379534425418335,20.63373300906822,0.0,28.52317327958844,19.13392631614961,0.0,0.0,55.34188034186644,22.368421052631188,77.53589153289795,77.02605128288269,0.3647266626358032,0.3884859085083008
广告一定要在包装上做介绍。,广告一定要在包装上做介绍。,57.14285714285717,41.93139346887674,24.469914286107727,0.0,26.381659051090505,13.729450664040767,0.0,0.0,60.822898032137594,28.284278535500345,87.26325035095215,81.8873941898346,0.6913557052612305,0.5970598459243774
"核磁共振成像仪有很多种,包括电磁共振成像仪、核磁共振成像仪等。","核磁共振成像仪有很多种,包括电磁共振成像仪、核磁共振成像仪等。",45.45454545454545,36.92744729379982,31.1765953881872,24.808415001701817,48.387096774193544,40.16096644512494,32.19490794587352,24.452946438904895,50.77658303457917,45.81222056625139,87.72816061973572,80.64461946487427,0.5969622731208801,0.7541168928146362
"核磁共振波谱法有很多种,有电磁共振波谱法、共振波谱法等。","核磁共振波谱法有很多种,有电磁共振波谱法、共振波谱法等。",28.216057496353802,14.735355447829402,0.0,0.0,53.57142857142858,42.25771273642582,32.50395512912046,22.894156860669913,30.41144901606695,57.02146690512506,71.69807553291321,83.2073986530304,0.23116344213485718,0.7260205745697021
核磁共振成像仪在中心脉搏测量过程中对人体磁共振成像仪进行扫描。,核磁共振成像仪在中心脉搏测量过程中对人体磁共振成像仪进行扫描。,37.5,0.0,0.0,0.0,35.483870967741936,21.751282251166074,14.83202931714907,10.389889377420037,41.66666666660742,27.64794054926355,82.44851231575012,74.17225241661072,0.3167145252227783,0.29856759309768677
中心城区用先进的核磁共振成像仪对饮食进行了诊断。,中心城区用先进的核磁共振成像仪对饮食进行了诊断。,85.7142857142857,74.64200272921784,61.67383923215626,47.782911636821204,55.9527183313664,43.20598087424788,36.55164284081089,32.497051047571084,85.7142857142357,53.01708037619788,90.23761749267578,82.83958435058594,0.5099766850471497,0.5525079965591431
红包在历史的道理是:红包在不同的年代是不一样的。,红包在历史的道理是:红包在不同的年代是不一样的。,88.8888888888889,81.6496580927726,72.49202486685948,59.694917920196445,16.666666666666668,8.512565307587485,0.0,0.0,93.4730056405521,18.638338966616814,97.38861918449402,70.37426233291626,0.7789669036865234,0.24428628385066986
红包在传统上是过年收红包的象征。,红包在传统上是过年收红包的象征。,64.17937672981616,49.063258647852145,36.49737110570295,24.401942159605262,43.74999999999999,29.580398915498076,18.420157493201934,0.0,68.21911196907547,45.067594699448705,88.03261518478394,79.84960079193115,0.7457366585731506,0.5535516738891602
现在网络上出现了很多红包图片素材。,现在网络上出现了很多红包图片素材。,39.77063630286087,29.82797722714566,0.0,0.0,58.82352941176469,46.96682183138621,38.891111873282036,30.277029197532105,41.87391555808737,37.210424710363895,82.93834328651428,85.68466305732727,0.5131229758262634,0.7578140497207642
现在网络上出现了很多红包图片素材。,现在网络上出现了很多红包图片素材。,24.999999999999996,11.470786693528089,0.0,0.0,58.82352941176469,46.96682183138621,38.891111873282036,30.277029197532105,27.11640211633577,38.004440381285384,73.42333197593689,82.92983770370483,0.5320653915405273,0.7415131330490112
"我们需要知道技术,才会管理干部。","我们需要知道技术,才会管理干部。",63.48612936679603,44.206066343488196,0.0,0.0,74.99999999999997,63.245553203367585,48.528550064051736,30.62049088236489,68.42576028619216,64.3822781420936,86.86602711677551,87.32810616493225,0.6682842969894409,0.7125788927078247
"我们既要懂技术,又要懂管理干部。","我们既要懂技术,又要懂管理干部。",52.94117647058824,25.724787771376327,0.0,0.0,68.75000000000001,52.44044240850757,33.99472648478799,0.0,50.67258717506885,57.944050327878635,78.91556024551392,83.57053995132446,0.5528890490531921,0.7618409991264343
我的新技术低功耗。,我的新技术低功耗。,30.769230769230774,16.012815380508716,0.0,0.0,21.94619918719371,13.43924745052687,9.470381600560462,0.0,23.923566878923538,29.12493410649259,70.77317833900452,71.91660404205322,0.2899433672428131,0.215398907661438
我的新技术很低功耗。,我的新技术很低功耗。,100.00000000000004,100.00000000000004,100.00000000000004,100.00000000000004,24.394179584435943,14.845824922475073,10.385272172808616,0.0,99.99999999994999,29.329431225352543,100.0,72.73295521736145,0.9669466614723206,0.24405688047409058
"我们大力发展科学技术,追赶世界先进水平。","我们大力发展科学技术,追赶世界先进水平。",49.99999999999999,30.15113445777636,20.870640224232318,0.0,38.94003915357024,33.42593784059426,28.913257702067973,25.79776799131667,41.66666666661667,43.386243386217856,83.24862122535706,79.74936366081238,0.5984293818473816,0.7118763327598572
"我们大力发展科学技术,追赶世界先进水平。","我们大力发展科学技术,追赶世界先进水平。",83.33333333333334,70.71067811865471,49.99999999999999,0.0,38.94003915357024,33.42593784059426,28.913257702067973,25.79776799131667,89.44281524920247,43.386243386217856,86.90252304077148,82.68605470657349,0.829365074634552,0.7425428628921509
"每隔一段时间,有家属来参军队看望伤员。","每隔一段时间,有家属来参军队看望伤员。",58.344887936196514,42.70408529483113,36.619846423295385,32.195554434125114,31.57894736842106,13.245323570650438,0.0,0.0,55.81563706560056,31.57894736837105,82.73363709449768,77.35466957092285,0.6077221632003784,0.4333752393722534
"每隔一段时间,有家属去参军队看望部队。","每隔一段时间,有家属去参军队看望部队。",63.6916720510035,49.15364238948498,35.109841115051616,25.358007468930396,31.57894736842106,18.73171623163388,0.0,0.0,64.10256410254541,32.3851548340793,86.91732883453369,80.18389344215393,0.7301558256149292,0.5387100577354431
"哥哥辞职了,自己创业了。","哥哥辞职了,自己创业了。",33.438127826776835,18.500758885923073,12.356352868640158,0.0,35.42749145557609,27.580264692457362,22.0901713345791,18.340702631334057,38.46153846151976,47.911547911550215,80.00315427780151,84.0705156326294,0.31333932280540466,0.6595957279205322
"哥哥辞职了,自己创业了。","哥哥辞职了,自己创业了。",55.55555555555555,40.42260417272215,21.695826461089062,0.0,35.42749145557609,27.580264692457362,22.0901713345791,18.340702631334057,45.63983248016796,47.911547911550215,81.45174980163574,84.0705156326294,0.5349154472351074,0.6595957279205322
"遇到倒霉的家属,他每隔一段时间都流下了眼泪。","遇到倒霉的家属,他每隔一段时间都流下了眼泪。",54.54545454545453,40.45199174779453,33.1300762471962,25.965358893403383,40.90909090909091,24.1746889207614,14.296528608001413,0.0,60.93189964150868,40.44783569842611,81.95204734802246,74.18355345726013,0.682932436466217,0.3921356201171875
"遇到倒霉的家属,他每隔一段时间都流下了眼泪。","遇到倒霉的家属,他每隔一段时间都流下了眼泪。",49.80549361539612,30.158724076130884,0.0,0.0,40.90909090909091,19.73855084879307,0.0,0.0,51.97777051319886,40.15192620720182,85.84665060043335,74.53486323356628,0.7289899587631226,0.4243640899658203
我做兼职时感到很难。,我做兼职时感到很难。,63.63636363636361,50.4524979109513,30.467789441246502,0.0,26.95973784703329,16.407173959162105,0.0,0.0,68.64077669896378,31.03044496487484,88.08123469352722,77.32192277908325,0.6080669164657593,0.6240102648735046
网络上有许多兼职网站可供你上网。,网络上有许多兼职网站可供你上网。,100.00000000000004,100.00000000000004,100.00000000000004,100.00000000000004,56.24999999999999,38.72983346207417,31.795194988449804,26.518122980477767,99.99999999994999,54.94505494498655,100.0,86.25488877296448,0.9655739665031433,0.6833363771438599
计算结果必须正确。,计算结果必须正确。,79.99999999999997,66.66666666666661,48.0749856769136,0.0,34.22780793550614,25.67085595162961,21.302357402884997,16.959011078459064,83.7478311161928,37.280701754385575,98.0494499206543,81.66638612747192,0.7381653189659119,0.7854698300361633
我们必须算出结果的正确性。,我们必须算出结果的正确性。,51.932979731477616,48.03605677588393,43.33297806880342,40.08711096102352,49.85944269612472,27.739233148319126,0.0,0.0,62.520729684898356,51.71018012543848,82.63533115386963,82.01847672462463,0.6124862432479858,0.715543806552887
你为事情出了借口。,你为事情出了借口。,61.33629430862157,50.64677814068893,41.36927387662909,34.68626146171918,42.74535922866365,37.018566985914305,29.28085791840463,22.75857642217292,63.796178343907506,51.26452494872442,82.87389278411865,74.17612671852112,0.5854106545448303,0.49968719482421875
"我不会听话,随便找一个借口。","我不会听话,随便找一个借口。",30.668147154310777,22.64992775278616,16.774418675190393,0.0,49.99999999999999,33.968311024337865,21.264518514149504,0.0,31.89808917193299,31.623931623862493,76.33342146873474,79.20388579368591,0.5213077068328857,0.3237730860710144
我不会随便编造一个借口。,我不会随便编造一个借口。,100.00000000000004,100.00000000000004,100.00000000000004,100.00000000000004,58.333333333333336,39.8862017608733,25.150606042408967,0.0,99.99999999994999,35.77712609964235,100.0,82.68432021141052,0.9783989787101746,0.44585078954696655
我想找一个借口。,我想找一个借口。,46.66666666666667,31.62277660168379,0.0,0.0,74.99999999999997,46.29100498862758,0.0,0.0,43.386243386177036,49.99999999995,81.83586001396179,87.46549487113953,0.4799649715423584,0.7385278344154358
我想找一个借口。,我想找一个借口。,23.076923076923073,13.867504905630724,0.0,0.0,62.50000000000002,42.25771273642582,30.98990471205468,0.0,25.242414763773358,68.68131868125027,74.29311871528625,91.7673408985138,0.4798535704612732,0.7957712411880493
"我们之前是老师,成功学经验。","我们之前是老师,成功学经验。",55.36730085068171,20.530744640169807,0.0,0.0,49.53587998572469,31.47950234345497,0.0,0.0,38.89570552144881,33.04093567247908,85.78387498855591,74.08937811851501,0.7264826893806458,0.31522470712661743
单纯抄袭别人的经验对自己没有帮助。,单纯抄袭别人的经验对自己没有帮助。,100.00000000000004,100.00000000000004,100.00000000000004,100.00000000000004,65.75195444236591,55.3385157164694,47.39974888238673,38.8044562075238,99.99999999994999,69.54565901932142,100.0,87.59068250656128,0.9818661212921143,0.7733234167098999
"他单纯得得到了别人的经验,对自己没有帮助。","他单纯得得到了别人的经验,对自己没有帮助。",42.94155960430207,32.79715789102869,25.28557067361726,0.0,59.02600196588192,47.4472815366542,38.36949893535277,27.813701926231836,48.50746268654467,55.753679240499274,83.17604660987854,82.9719066619873,0.5638492703437805,0.5285199880599976
"互相伤害的时候,是过去的经验,给了我们很多宝贵的经验和教训。","互相伤害的时候,是过去的经验,给了我们很多宝贵的经验和教训。",22.22222222222222,0.0,0.0,0.0,36.666666666666664,25.143267648537194,20.824846022838337,17.798185213207656,22.222222222172224,28.621700879701006,73.7818956375122,68.1443989276886,0.3981112837791443,0.5008097290992737
老师组织班会请同学们交流学习的经验。,老师组织班会请同学们交流学习的经验。,47.76875403825263,26.16402413066696,0.0,0.0,63.12209403308054,50.311679473941986,36.325652785828524,22.180836309429854,54.945054945036254,66.34813045166861,83.70819091796875,88.39566707611084,0.5996173024177551,0.8155050873756409
老师组织班会请同学们交流学习的经验。,老师组织班会请同学们交流学习的经验。,62.50000000000002,57.73502691896257,55.03212081491043,52.664038784792666,75.24281999027681,67.05134400600787,57.51761310836638,48.13652380027967,62.49999999994999,81.09719737623391,91.9906497001648,89.66153860092163,0.7217814922332764,0.8063393235206604
"我们应该看困难,但不能歧视他们。","我们应该看困难,但不能歧视他们。",48.40441045780793,36.969479148769494,24.899050999780567,0.0,51.814319886275044,29.310605563323247,0.0,0.0,60.931899641572784,39.424920127764295,85.7414186000824,84.77334380149841,0.7261565327644348,0.6650197505950928
这个决定已经分清楚了。,这个决定已经分清楚了。,46.1210141145937,33.843571825396296,24.883569358266897,18.336673852940624,27.683650425340865,14.517428757873438,0.0,0.0,50.67258717510512,23.33742331285986,88.12843561172485,73.48963618278503,0.501098096370697,0.6903313994407654
他说明你考试成绩很好。,他说明你考试成绩很好。,71.42857142857146,62.01736729460425,54.317337042333705,49.132705481444226,34.60456303167608,22.954070322054577,16.45675936645273,0.0,76.0286225401877,38.89570552144881,92.40026473999023,78.22576761245728,0.7440766096115112,0.39394956827163696
"这个孩子学习很困难,看他很难。","这个孩子学习很困难,看他很难。",,,,,31.183566167720596,20.41443605746337,0.0,0.0,,25.75291125681663,,71.84962034225464,,0.2620928883552551
快递员工作非常辛苦。,快递员工作非常辛苦。,,,,,90.48374180359599,79.79915950229798,71.14576733722333,61.13082296626931,,66.36636636632652,,88.58730792999268,,0.8520074486732483
快递员的工作非常辛苦。,快递员的工作非常辛苦。,,,,,100.00000000000004,83.66600265340763,67.75975712099029,52.809722164707395,,72.72727272722275,,93.97164583206177,,0.8656703233718872
快递还可分为快递和快递两种。,快递还可分为快递和快递两种。,,,,,35.71428571428571,23.440361546924777,16.605391603694542,0.0,,38.89570552140535,,77.41490006446838,,0.6360581517219543
"会上,大家围坐在一起模仿小王模仿星星,笑起来。","会上,大家围坐在一起模仿小王模仿星星,笑起来。",,,,,41.62840730732091,26.91983343988619,18.76539410202481,13.336448006403915,,38.26324496936689,,76.88058018684387,,0.3832052946090698
"互相模仿明星的标志,明星们互相笑了一下。","互相模仿明星的标志,明星们互相笑了一下。",,,,,30.12477917487702,20.23362407005521,15.76111328548853,11.865659854763386,,32.24574800413038,,74.19880032539368,,0.3791196048259735
里面有各种各样的东西。,里面有各种各样的东西。,,,,,60.63657586001311,38.94454598478699,24.130299703042375,0.0,,57.53968253965076,,82.14043378829956,,0.5953196883201599
现在中国女人的避孕率是百分之一。,现在中国女人的避孕率是百分之一。,,,,,7.522613206837536e-05,6.343624450685323e-05,5.243341230871393e-05,4.273930289915391e-05,,3.7471413840592342,,70.36699652671814,,0.5425694584846497
现在中国女职工的避孕率约为百分之九十九。,现在中国女职工的避孕率约为百分之九十九。,,,,,59.999999999999986,43.5285750066007,31.608160102348876,20.76047003130265,,53.357082010313874,,86.5191102027893,,0.651324987411499
"春耕开始了,农民们在争相上班。","春耕开始了,农民们在争相上班。",,,,,66.66666666666669,43.64357804719847,30.830160098190383,0.0,,66.66666666661666,,86.24678254127502,,0.6971625685691833
"春耕开始了,农民们在争相上班。","春耕开始了,农民们在争相上班。",,,,,49.89370586835297,31.625908349108734,19.30767142400464,0.0,,38.62936688524656,,82.95893669128418,,0.645369827747345
"有权利有权利,领导不要傲慢。","有权利有权利,领导不要傲慢。",,,,,57.14285714285717,36.31365196012816,0.0,0.0,,29.54867435736067,,81.82729482650757,,0.5233086347579956
领导不可以傲慢。,领导不可以傲慢。,,,,,40.14460713892426,24.7777894577925,0.0,0.0,,34.40383905499987,,81.02399706840515,,0.7110188007354736
碰巧的车在冬天很冷。,碰巧的车在冬天很冷。,,,,,30.000000000000004,18.25741858350554,0.0,0.0,,33.5526315788805,,79.64977622032166,,0.2379457801580429
"我爱中国,我共产党。","我爱中国,我共产党。",,,,,79.99999999999997,59.628479399994376,35.421952306087036,0.0,,65.07936507929873,,81.25670552253723,,0.7954821586608887
"我爱中国,共产党。","我爱中国,共产党。",,,,,88.8888888888889,66.66666666666669,39.89389870590504,0.0,,70.104754230399,,91.15570783615112,,0.7910532355308533
我是国民党。,我是国民党。,,,,,100.00000000000004,63.245553203367585,46.415888336127786,0.0,,66.66666666661666,,91.57848358154297,,0.8230075240135193
我是国民党。,我是国民党。,,,,,84.64817248906144,75.71162714266755,71.39503373537129,67.31821382417488,,91.23434704826732,,95.17419338226318,,0.8873687386512756
"一个垂头丧气的人,想高考试失败是没有努力的。","一个垂头丧气的人,想高考试失败是没有努力的。",,,,,31.818181818181817,21.320071635561042,0.0,0.0,,32.52297955692984,,72.13122844696045,,0.41026049852371216
"我的信用卡日期过期了,可以再办理续期业务吗?","我的信用卡日期过期了,可以再办理续期业务吗?",,,,,49.99999999999999,40.82482904638629,32.18297948685432,24.33821845902227,,53.09304849482549,,86.24375462532043,,0.7642418146133423
"我的信用卡已经过期了,可以再办理吗?","我的信用卡已经过期了,可以再办理吗?",,,,,55.55555555555555,40.42260417272215,27.335028453192308,19.209534151258666,,33.333333333283335,,80.7555079460144,,0.8646479249000549
"按照估计,我国每年人工流产率约为三千万人次。","按照估计,我国每年人工流产率约为三千万人次。",,,,,66.40732482052816,48.06209311575149,37.49914373509968,26.68177900992529,,47.646289637095556,,89.28737044334412,,0.7846766710281372
"承包商在工程上承包了三千万元,美国拿走了这笔钱。","承包商在工程上承包了三千万元,美国拿走了这笔钱。",,,,,38.33518394288848,24.766763096306324,0.0,0.0,,19.936305732442545,,75.7370114326477,,0.4733743667602539
"承包商既承包了工程款,又获得了施工权。","承包商既承包了工程款,又获得了施工权。",,,,,21.84713132433212,12.959085040683249,0.0,0.0,,21.219562103523913,,69.9247658252716,,0.39453595876693726
"他让姐姐躲避,可以阻拦一些东西。","他让姐姐躲避,可以阻拦一些东西。",,,,,12.500000000000002,9.12870929175277,0.0,0.0,,13.216374268944438,,72.88477420806885,,0.18213482201099396
"避孕时不要戴避孕套,在孕期不戴避孕套是很危险的。","避孕时不要戴避孕套,在孕期不戴避孕套是很危险的。",,,,,33.333333333333336,20.851441405707476,15.811017751824608,11.71291646655074,,32.55102677729172,,81.09264969825745,,0.5357416868209839
避孕套在潜伏期是危险的。,避孕套在潜伏期是危险的。,,,,,46.00222073146616,39.230825655589996,34.89219692736327,30.527785817943403,,47.84713375792024,,81.13116025924683,,0.2977903485298157
"我知道她是我女朋友,但我没有嫉妒她。","我知道她是我女朋友,但我没有嫉妒她。",,,,,47.76875403825263,37.541714488767504,26.653539083568102,0.0,,54.945054945036254,,86.77782416343689,,0.5152969360351562
医生会给你做检查阑尾炎。,医生会给你做检查阑尾炎。,,,,,83.33333333333334,67.41998624632421,51.471424920008936,35.08439695638686,,74.99999999994999,,90.6345546245575,,0.7826157808303833
医生给了你检查阑尾炎。,医生给了你检查阑尾炎。,,,,,68.21614784251477,53.3270158191627,37.489225807851014,27.22179122549562,,65.75963718817684,,86.71554923057556,,0.6959081888198853
我们做人不能私自私自利。,我们做人不能私自私自利。,,,,,74.99999999999997,52.223296786709355,0.0,0.0,,64.10256410249569,,90.09196162223816,,0.4700465202331543
我们做人不能私自私自利。,我们做人不能私自私自利。,,,,,74.99999999999997,52.223296786709355,0.0,0.0,,64.10256410249569,,90.09196162223816,,0.4700465202331543
"因为事情太旧,他拒绝了王经理的请假请求。","因为事情太旧,他拒绝了王经理的请假请求。",,,,,43.03539882125289,27.92505422285114,19.53741595492754,13.93965639237924,,32.24574800413038,,78.90196442604065,,0.32157301902770996
"人失败了,不能再失败了,也不能再回来。","人失败了,不能再失败了,也不能再回来。",,,,,42.10526315789474,21.629522817435003,0.0,0.0,,38.65103635739857,,76.10032558441162,,0.4697490334510803
"一个人失败了,就不能再来复生了。","一个人失败了,就不能再来复生了。",,,,,43.74999999999999,24.152294576982403,0.0,0.0,,38.62936688523374,,79.05980944633484,,0.3851512670516968
这个问题主要是由于储蓄情况而发生了问题。,这个问题主要是由于储蓄情况而发生了问题。,,,,,49.99999999999999,42.91975376394759,34.46412921261349,26.3433347744036,,39.999999999950006,,78.40996384620667,,0.39864832162857056
签证不是随便做出来的。,签证不是随便做出来的。,,,,,63.63636363636361,43.69314487526513,27.68182380588132,0.0,,50.189907759019505,,83.1179141998291,,0.7567052841186523
签证不是随便办理的。,签证不是随便办理的。,,,,,70.00000000000003,48.304589153964805,0.0,0.0,,54.232804232737884,,86.42845153808594,,0.7377581000328064
"看你吃恶心的食物,我叫你叫什么东西?","看你吃恶心的食物,我叫你叫什么东西?",,,,,34.799306765003266,27.068448266530964,23.079391268122446,19.569927238801228,,31.405436668555836,,71.67291641235352,,0.31899917125701904
包装费一共是五元。,包装费一共是五元。,,,,,42.74535922866365,26.176079745548456,0.0,0.0,,34.1763499658126,,78.01985144615173,,0.7552403807640076
"道理常常可以增加知识,但缺少智慧是无法补救的。","道理常常可以增加知识,但缺少智慧是无法补救的。",,,,,36.8463488711899,21.751359685177285,0.0,0.0,,28.40936174267747,,79.09281849861145,,0.6469486355781555
"道理经常可以增长知识,但永远不能缺少。","道理经常可以增长知识,但永远不能缺少。",,,,,33.584307166141315,22.272620663527885,0.0,0.0,,18.035470668483963,,80.20384907722473,,0.5056039094924927
他年北京运动会的幸灾标志是福气娃娃。,他年北京运动会的幸灾标志是福气娃娃。,,,,,55.55555555555555,40.42260417272215,21.695826461089062,0.0,,59.62854349944684,,84.55387949943542,,0.5419358015060425
"为了安慰家人,家里调整了草稿纸,整棵树都变成了草稿纸。","为了安慰家人,家里调整了草稿纸,整棵树都变成了草稿纸。",,,,,11.111111111111109,0.0,0.0,0.0,,12.31261425954044,,67.1770989894867,,0.26423323154449463
"把包落在包里,要提前完成任务,不要到时候处理。","把包落在包里,要提前完成任务,不要到时候处理。",,,,,47.82608695652174,29.488391230979428,16.058104814034937,0.0,,18.426141716604015,,73.96665215492249,,0.366432785987854
"他把包扎起来,以防患未然,提前完成任务,到时处理。","他把包扎起来,以防患未然,提前完成任务,到时处理。",,,,,40.0,22.360679774997894,0.0,0.0,,16.609096142717267,,71.70961499214172,,0.40808892250061035
"一个程序写完了,还得重复一遍。","一个程序写完了,还得重复一遍。",,,,,37.42027940126471,15.812954174554367,0.0,0.0,,38.62936688524656,,78.27689051628113,,0.6655794978141785
这条南腔北调的大桥是沟通南北的主要交通要道。,这条南腔北调的大桥是沟通南北的主要交通要道。,,,,,31.818181818181817,21.320071635561042,0.0,0.0,,35.585831062603916,,70.96126675605774,,0.5058395266532898
长江大桥是沟通南北的主要交通要道。,长江大桥是沟通南北的主要交通要道。,,,,,52.94117647058824,40.67446084099804,28.04534469400917,19.923405658137927,,45.091420534390586,,78.97701263427734,,0.6149899959564209
"否定说好了就不要追求什么,追求什么就把握什么。","否定说好了就不要追求什么,追求什么就把握什么。",,,,,21.739130434782613,9.940534656094302,0.0,0.0,,22.200306815637173,,69.92709040641785,,0.30537426471710205
农民对狗的爱终于结果是狗的收尾。,农民对狗的爱终于结果是狗的收尾。,,,,,43.74999999999999,24.152294576982403,0.0,0.0,,39.649122806956136,,77.81690955162048,,0.34247177839279175
"刚才有好日期适合的事情,现在结婚了。","刚才有好日期适合的事情,现在结婚了。",,,,,44.44444444444444,28.005601680560204,0.0,0.0,,27.77777777772778,,70.32365798950195,,0.3228996992111206
"昨天是晴天,适合办理结婚吗?","昨天是晴天,适合办理结婚吗?",,,,,26.83847475268878,21.573757754104136,14.284402223401672,0.0,,30.317164179081995,,75.15804171562195,,0.4737998843193054
"妈妈把事情办完了,并且把超市的员工卡弄丢了。","妈妈把事情办完了,并且把超市的员工卡弄丢了。",,,,,40.90909090909091,24.1746889207614,14.296528608001413,0.0,,30.33587677380228,,76.82218551635742,,0.4568544030189514
会议室里有多媒体系统。,会议室里有多媒体系统。,,,,,91.31007162822628,81.67021087643552,74.04883998308637,65.6161683993309,,69.30369401761207,,92.2944962978363,,0.7852274179458618
会议室里有多媒体系统。,会议室里有多媒体系统。,,,,,91.31007162822628,81.67021087643552,74.04883998308637,65.6161683993309,,69.30369401761207,,92.2944962978363,,0.7852274179458618
"我的研究后,再告诉你你的病因和结果。","我的研究后,再告诉你你的病因和结果。",,,,,57.80863421096899,40.104504997214214,26.69252270364386,0.0,,48.57773225115727,,81.40107989311218,,0.5829627513885498
"这份病历不但能告诉你你的病历效果,还告诉你疾病的来龙去脉。","这份病历不但能告诉你你的病历效果,还告诉你疾病的来龙去脉。",,,,,27.58620689655173,19.85166667941861,14.291793313803606,10.293704767687334,,30.83948247900303,,74.1809606552124,,0.6015560626983643
"他以为自己可以进入决赛,没想到就开始失败了。","他以为自己可以进入决赛,没想到就开始失败了。",,,,,63.63636363636361,46.056618647183825,31.687777970444237,20.2292806480005,,43.439766950300445,,85.51861047744751,,0.7726473212242126
"去年,已有许多人因艾滋病去世了。","去年,已有许多人因艾滋病去世了。",,,,,49.99999999999999,31.62277660168379,19.258567855541784,0.0,,39.649122806956136,,84.12631154060364,,0.8343525528907776
"昨天,艾滋病病毒肆虐了世界各地。","昨天,艾滋病病毒肆虐了世界各地。",,,,,24.999999999999996,18.25741858350554,13.353145150486627,0.0,,27.014142698170467,,75.29257535934448,,0.6163395047187805
"每个人都有自己的特殊点,不要乱模仿。","每个人都有自己的特殊点,不要乱模仿。",,,,,49.99999999999999,34.29971702850177,24.499865251482237,0.0,,29.81427174969123,,77.70916819572449,,0.7612067461013794
"每个人都有自己的特制,不要乱模仿。","每个人都有自己的特制,不要乱模仿。",,,,,52.94117647058824,36.38034375544995,20.66398664859137,0.0,,54.445554445498736,,81.21697306632996,,0.7614304423332214
"人们排队秩序井然,这是个好习惯。","人们排队秩序井然,这是个好习惯。",,,,,72.54004784078505,63.31814478973631,52.22556184856355,43.660021633575084,,67.58557736190396,,90.42530059814453,,0.820298433303833
"人们排队秩序井然,这是个好习惯。","人们排队秩序井然,这是个好习惯。",,,,,62.177183863530004,41.45145590902001,21.669078470948904,0.0,,50.689183021420156,,83.82906317710876,,0.7876821160316467
"人作弊抓住人的思想空隙,再强调各种理由。","人作弊抓住人的思想空隙,再强调各种理由。",,,,,25.505126064870932,18.50336321612569,13.436168468150525,9.766438527859048,,26.820834233834116,,71.63545489311218,,0.27761560678482056
这件事在某些特殊的场合会发生。,这件事在某些特殊的场合会发生。,,,,,73.33333333333334,45.77377082170636,31.82536122569826,0.0,,68.80209184501629,,90.9146785736084,,0.7972529530525208
这件事在某些特殊的场合会发生。,这件事在某些特殊的场合会发生。,,,,,68.6038455689853,47.87609630591693,36.713078276745435,24.921951546299496,,70.82050595632138,,90.58786034584045,,0.7807773351669312
"因为你,我羞得脸都翻脸了。","因为你,我羞得脸都翻脸了。",,,,,49.85944269612472,27.739233148319126,0.0,0.0,,51.71018012543848,,83.75581502914429,,0.6169997453689575
我因为害羞而翻脸了。,我因为害羞而翻脸了。,,,,,32.92869816564158,20.039767527334305,0.0,0.0,,34.929356357924775,,77.93773412704468,,0.566494345664978
"这个句子太哥哥了,我还是有点害羞。","这个句子太哥哥了,我还是有点害羞。",,,,,47.0652228742646,22.86958754166746,0.0,0.0,,22.086306489938156,,80.29618263244629,,0.5873334407806396
"你句子太害羞了,我还是告诉你吧。","你句子太害羞了,我还是告诉你吧。",,,,,51.814319886275044,33.84497202419124,18.929683641058883,0.0,,45.05705157459222,,82.12238550186157,,0.6723838448524475
"像你这样的眼神空洞,就算眼睛空洞了,也会有点害羞。","像你这样的眼神空洞,就算眼睛空洞了,也会有点害羞。",,,,,36.0,27.386127875258303,18.683338157364798,0.0,,38.55179619056533,,72.81389832496643,,0.5049465894699097
"这个味道很好吃,喝一杯大一点。","这个味道很好吃,喝一杯大一点。",,,,,40.0,23.90457218668787,0.0,0.0,,39.999999999950006,,77.69196629524231,,0.42378586530685425
"他很好吃,喝一杯大一点。","他很好吃,喝一杯大一点。",,,,,25.960026102380166,13.557181477353213,0.0,0.0,,28.92416225747006,,77.42475867271423,,0.3506750464439392
"有些人倒霉,喜欢喝酒,喝酒解决愁眉苦脸。","有些人倒霉,喜欢喝酒,喝酒解决愁眉苦脸。",,,,,40.0,25.131234497501726,15.195618441940141,0.0,,41.87391555806672,,79.90469336509705,,0.7217140793800354
"有的人喜欢喝酒,有的人喜欢喝酒,解决愁眉苦脸。","有的人喜欢喝酒,有的人喜欢喝酒,解决愁眉苦脸。",,,,,21.739130434782613,0.0,0.0,0.0,,23.946135831313047,,72.93442487716675,,0.5621630549430847
他旅游时每到一个地方都会发来一张自己的偶像。,他旅游时每到一个地方都会发来一张自己的偶像。,,,,,72.7272727272727,58.84898863364994,47.01102863208543,35.78835436145691,,72.39961158387557,,88.87739777565002,,0.7181473970413208
"如果您委屈了,就不要给孩子吃药,孩子会得阑尾炎。","如果您委屈了,就不要给孩子吃药,孩子会得阑尾炎。",,,,,41.66666666666667,30.096463271442296,20.193553398275174,0.0,,26.832844574715665,,83.26964378356934,,0.5960700511932373
"如果您怀疑是阑尾炎,最好不要给孩子吃药,孩子会很疼。","如果您怀疑是阑尾炎,最好不要给孩子吃药,孩子会很疼。",,,,,53.846153846153854,38.82901373576603,29.29007539253927,23.92702601822197,,50.48482952761446,,87.71355152130127,,0.7180962562561035
"共产党政府正在蓬勃发展,春回大地,下大地万象更新。","共产党政府正在蓬勃发展,春回大地,下大地万象更新。",,,,,40.0,22.360679774997894,16.321399230336173,11.856660123276004,,33.768507593285776,,71.185702085495,,0.522515594959259
"为了满足顾客的需要,需要经常和客户沟通。","为了满足顾客的需要,需要经常和客户沟通。",,,,,29.632728827268714,18.617676423974235,11.257191016316394,0.0,,25.242414763819788,,74.37045574188232,,0.6672382950782776
你介绍他去学校合作吗?,你介绍他去学校合作吗?,,,,,44.23643180720136,30.373024372693145,19.24285174566594,0.0,,51.46621334464994,,79.21317219734192,,0.41786521673202515
"那你介绍他,我们一起去学校组团吧。","那你介绍他,我们一起去学校组团吧。",,,,,41.1764705882353,22.68713032432575,15.083054172315615,0.0,,37.210424710363895,,74.65563416481018,,0.40057653188705444
二维码包括信息很多。,二维码包括信息很多。,,,,,48.522452777010656,36.16650094813976,27.068773923114172,20.360578738768485,,51.99999999999216,,86.65737509727478,,0.6307362914085388
二维码包括很多信息。,二维码包括很多信息。,,,,,53.62560368285113,39.9701650564394,29.915621727790242,0.0,,63.247863247849345,,89.30490612983704,,0.7227770686149597
"哥哥的错误直接影响了大家的财物,造成了惨烈的损失。","哥哥的错误直接影响了大家的财物,造成了惨烈的损失。",,,,,36.0,27.386127875258303,18.683338157364798,0.0,,35.38239269229242,,78.57555747032166,,0.5389387607574463
卖员热情地对待不顾客的物品。,卖员热情地对待不顾客的物品。,,,,,57.14285714285717,46.880723093849554,33.2107832073891,24.022110864391543,,57.14285714280714,,87.12916970252991,,0.5524227023124695
"服务员热情地向你打招呼,让你看看商品。","服务员热情地向你打招呼,让你看看商品。",,,,,42.10526315789474,37.46343246326776,32.083031701944144,25.34743707366162,,46.40216598972612,,83.46807360649109,,0.6047338247299194
这张表格的文字我完全看不懂。,这张表格的文字我完全看不懂。,,,,,49.99999999999999,27.73500981126145,18.576267965984346,0.0,,36.93584294671505,,82.47094750404358,,0.6101742386817932
坐在网上超过一个小时有的人会取书。,坐在网上超过一个小时有的人会取书。,,,,,45.463551466429095,24.47327625429756,14.103844797307206,0.0,,43.10304449646989,,77.40949988365173,,0.36616936326026917
定坐、导航系统让我们的生活便利了很多。,定坐、导航系统让我们的生活便利了很多。,,,,,73.6842105263158,53.53033790313108,36.97919342947623,28.196524400046997,,64.77030966821371,,85.17950773239136,,0.6722203493118286
决定位置有利于导航系统方便。,决定位置有利于导航系统方便。,,,,,41.878225126996426,28.972725374474805,20.888171005260794,15.242127416198608,,44.37825763215476,,74.65129494667053,,0.5340725183486938
"因为堵车,他这条街的行车流量比较大,因此影响了交通。","因为堵车,他这条街的行车流量比较大,因此影响了交通。",,,,,30.769230769230774,19.215378456610463,0.0,0.0,,25.745920227598035,,70.76965570449829,,0.44569212198257446
"因为堵车,他这条街的行车流量比较大,因此影响交通。","因为堵车,他这条街的行车流量比较大,因此影响交通。",,,,,32.0,20.000000000000007,0.0,0.0,,26.803914608724178,,71.73508405685425,,0.4870281219482422
一个好的想法经常与人交换意见。,一个好的想法经常与人交换意见。,,,,,60.04025522571868,45.89902117347861,34.143545604676255,27.147442805735533,,47.70283479957892,,83.78816246986389,,0.5252887010574341
"考虑好自己,经常与人交流意见。","考虑好自己,经常与人交流意见。",,,,,60.04025522571868,49.576609089341176,39.56129142425009,33.55236388170714,,53.66568914953006,,85.65449714660645,,0.6052460074424744
我银行的存折里有五百元。,我银行的存折里有五百元。,,,,,74.99999999999997,63.96021490668311,58.92007319044871,54.91004867761124,,77.96665576980149,,89.37809467315674,,0.8164743185043335
成功的企业家是不断对强者的学习经验。,成功的企业家是不断对强者的学习经验。,,,,,67.33023363528592,54.77241902827367,38.44225296377049,23.143256587345554,,61.60897827654777,,87.33754754066467,,0.6534246802330017
"成功的企业家是不断对强者的学习,他成功的经验是不可取的。","成功的企业家是不断对强者的学习,他成功的经验是不可取的。",,,,,57.14285714285717,43.64357804719849,28.011059397366758,17.21916742076807,,55.830693924492344,,83.86067748069763,,0.5690202713012695
"做生意的时候,你有权利知足吗?","做生意的时候,你有权利知足吗?",,,,,40.0,33.80617018914066,26.00316410329637,19.56475149792291,,29.82456140344191,,78.82751822471619,,0.5879582762718201
艾滋病的传染手段主要通过做爱来传染。,艾滋病的传染手段主要通过做爱来传染。,,,,,49.99999999999999,34.29971702850177,24.499865251482237,17.694975149532556,,45.63983248016796,,84.06600952148438,,0.6872066259384155
这条街道前有一家超市。,这条街道前有一家超市。,,,,,81.81818181818183,70.06490497453706,60.20134379087916,53.48259312838876,,75.84727584721726,,91.5902853012085,,0.8450632095336914
这条街道有一家超市。,这条街道有一家超市。,,,,,79.99999999999997,78.88106377466153,77.56555904835203,75.98356856515926,,79.99999999995,,92.44949221611023,,0.8321247696876526
爱情是跳动着爱情的脉搏。,爱情是跳动着爱情的脉搏。,,,,,49.37810061861915,33.762940865879074,0.0,0.0,,38.01431127009201,,77.9381275177002,,0.5078279376029968
我们笔记本电脑不见了。,我们笔记本电脑不见了。,,,,,81.81818181818183,70.06490497453706,60.20134379087916,48.326978309062206,,54.54545454540454,,87.1722161769867,,0.766958475112915
我笔记本电脑不见了。,我笔记本电脑不见了。,,,,,81.43536762323636,70.08840502157177,60.572798210054536,48.959148327580515,,56.88545688541703,,87.06185817718506,,0.8173670768737793
"字体没有固定的含义,是人表达自己的表现。","字体没有固定的含义,是人表达自己的表现。",,,,,72.38699344287673,58.71360473843327,51.75534101057799,45.870619031121876,,71.10682110678125,,87.78533935546875,,0.658382773399353
"信件丢了,要开始第二天才能补办手续费。","信件丢了,要开始第二天才能补办手续费。",,,,,29.847916550142035,23.18118032883819,19.73199525251998,16.70121822237505,,32.74466519496724,,78.72179746627808,,0.3949987292289734
"用手机丢了2天之后,开始2天内不再减费。","用手机丢了2天之后,开始2天内不再减费。",,,,,14.816364413634355,0.0,0.0,0.0,,16.828276509206084,,72.23693132400513,,0.34547674655914307
"因为我报复天天担心,我每天担心吃不吃。","因为我报复天天担心,我每天担心吃不吃。",,,,,33.16112307245165,18.211082263934788,0.0,0.0,,34.826302729489214,,74.76413249969482,,0.46644771099090576
"想要成功,就不要怀疑别人,每天距离成功最近的人都做过调查。","想要成功,就不要怀疑别人,每天距离成功最近的人都做过调查。",,,,,36.0479490864525,23.680721126647438,12.18543764976437,0.0,,35.19212279942025,,73.72950911521912,,0.3715408742427826
"要想成功无亏,就不要怀疑每天经过这门实践的取得的成就。","要想成功无亏,就不要怀疑每天经过这门实践的取得的成就。",,,,,29.572135873878647,19.452359187166763,12.628930875938554,8.644471204380054,,32.06089464152639,,74.44422245025635,,0.4277692437171936
"工作是惊讶的,我能拒绝的。","工作是惊讶的,我能拒绝的。",,,,,35.916644808835336,29.554037606818362,24.0456827364089,16.877772000449074,,44.640580562904816,,82.20750093460083,,0.3486563563346863
"全班同学在后,联欢晚会开始了。","全班同学在后,联欢晚会开始了。",,,,,61.27426706917187,48.44156147400832,38.099009201434605,28.986413492880956,,68.71213601717349,,89.40321207046509,,0.6705885529518127
"大家都在学校后,联欢晚会开始了。","大家都在学校后,联欢晚会开始了。",,,,,51.814319886275044,41.451455909020034,34.39751795996578,26.841664057917857,,56.32131446824808,,83.91026854515076,,0.6501737833023071
品质分钟是律师实力强大的公司没有录取的。,品质分钟是律师实力强大的公司没有录取的。,,,,,44.99999999999999,26.655699499159155,0.0,0.0,,34.99999999995,,73.25963377952576,,0.30074793100357056
我没有插嘴对坏人插嘴。,我没有插嘴对坏人插嘴。,,,,,19.24412150909274,10.091702456998997,0.0,0.0,,18.637442412395515,,72.47003316879272,,0.16248732805252075
这部电影的女演员表演得很漂亮。,这部电影的女演员表演得很漂亮。,,,,,73.33333333333334,60.55300708194985,48.320270461957335,37.0304683381906,,66.17084572878795,,87.03885674476624,,0.7700752019882202
现在很少用短信发短信。,现在很少用短信发短信。,,,,,33.67721264091228,23.12299520008486,14.649590475126091,0.0,,37.27488482479255,,79.31200861930847,,0.5144043564796448
"人有对象,就是那个虚伪的对象。","人有对象,就是那个虚伪的对象。",,,,,26.66666666666667,19.51800145897067,14.310092685025484,0.0,,28.92416225742925,,74.02717471122742,,0.42141610383987427
"对我们来说,一个分钟的时间对我们来说太贵了。","对我们来说,一个分钟的时间对我们来说太贵了。",,,,,45.45454545454545,32.89758474798845,25.320547724761752,20.331710659744477,,50.77658303457917,,83.49820375442505,,0.708103597164154
"你冷静下来,我会帮你的。","你冷静下来,我会帮你的。",,,,,66.66666666666669,42.640143271122106,26.29535894329297,0.0,,69.30369401759489,,87.51212954521179,,0.8311634063720703
"洗衣服之前要检查衣服的卫生纸,有餐巾纸吗?","洗衣服之前要检查衣服的卫生纸,有餐巾纸吗?",,,,,44.35670017837745,37.81842676552482,29.98836795331635,23.822405003314277,,43.171114599667334,,79.7945499420166,,0.7004247307777405
"外卖公司不同,他们的外卖员也不一样。","外卖公司不同,他们的外卖员也不一样。",,,,,44.44444444444444,36.15507630310937,29.047802224635298,20.105373454060025,,37.27488482472667,,80.4117202758789,,0.543619692325592
飞机上有超过五百名乘客。,飞机上有超过五百名乘客。,,,,,24.999999999999996,0.0,0.0,0.0,,17.88856304978898,,66.1333680152893,,0.23048588633537292
家里每年的音乐比赛就要开始了。,家里每年的音乐比赛就要开始了。,,,,,58.344887936196514,50.52815513370239,46.89461235471388,44.03651270896854,,62.017374517338006,,88.53753805160522,,0.6276170611381531
一张表格已经复印完了。,一张表格已经复印完了。,,,,,49.80549361539612,36.936742639955355,24.010311086019993,0.0,,34.651847008785644,,79.08819317817688,,0.5350428223609924
玻璃被做成当初是白色的。,玻璃被做成当初是白色的。,,,,,24.999999999999996,15.075567228888186,0.0,0.0,,27.47252747245908,,78.75752449035645,,0.26959407329559326
买彩票和买彩票时不要太低。,买彩票和买彩票时不要太低。,,,,,30.769230769230774,16.012815380508716,0.0,0.0,,33.65655301838707,,74.3774950504303,,0.19639207422733307
冠军真的能拿到吗?,冠军真的能拿到吗?,,,,,20.41892551270785,10.828770520934043,0.0,0.0,,13.968911917101511,,72.01100587844849,,0.5166981816291809
"越是与人接触,我越是亲切,越是上网。","越是与人接触,我越是亲切,越是上网。",,,,,49.99999999999999,34.29971702850177,19.445555936641014,0.0,,38.88888888883889,,78.44629287719727,,0.37590551376342773
上海可以说是一个中国的经济妈妈。,上海可以说是一个中国的经济妈妈。,,,,,62.50000000000002,50.000000000000014,37.697372056457695,25.33654946448646,,33.040935672453216,,82.61024951934814,,0.7645514011383057
"知道她在金融行业工作,是很多人都想知道的。","知道她在金融行业工作,是很多人都想知道的。",,,,,33.333333333333336,12.909944487358057,0.0,0.0,,25.751375758365096,,74.41672086715698,,0.36118507385253906
他在发现河里的河水很旧。,他在发现河里的河水很旧。,,,,,46.00222073146616,27.74038285261487,0.0,0.0,,47.84713375792024,,78.3261775970459,,0.4280601143836975
"越是读书,你越是聪明,你越是聪明。","越是读书,你越是聪明,你越是聪明。",,,,,35.29411764705882,14.852213144650115,0.0,0.0,,25.336293587501917,,72.2703218460083,,0.5158832669258118
老人会迷信很多。,老人会迷信很多。,,,,,51.5466959093229,31.815311433143144,0.0,0.0,,30.11394465543743,,79.54255938529968,,0.5996404886245728
"快马加鞭,要及时把事情固定下来。","快马加鞭,要及时把事情固定下来。",,,,,18.75,0.0,0.0,0.0,,13.888888888829632,,73.17736744880676,,0.3862106204032898
"上网情况外在异国他乡,异想天开,有千丝万缕的想像力。","上网情况外在异国他乡,异想天开,有千丝万缕的想像力。",,,,,7.6923076923076925,0.0,0.0,0.0,,4.207069127239108,,59.41596031188965,,0.06482778489589691
运动会把第一名的成绩拿出来了。,运动会把第一名的成绩拿出来了。,,,,,64.17937672981616,49.063258647852145,36.49737110570295,24.401942159605262,,62.017374517338006,,83.9924156665802,,0.5680735111236572
"这个小程序不熟悉,可以一直运行很方便。","这个小程序不熟悉,可以一直运行很方便。",,,,,49.9331305271809,32.44586361606231,18.044189676390285,0.0,,35.85032640146283,,78.97353768348694,,0.34270548820495605
医生给我的处方是专门用于感冒的药。,医生给我的处方是专门用于感冒的药。,,,,,78.44203812377431,69.24111481859308,55.449573329324856,38.35975099907059,,71.78049609238462,,90.32308459281921,,0.8104702830314636
我无法忍受这种乏味的生活。,我无法忍受这种乏味的生活。,,,,,67.17807104613435,55.77778448033851,48.24207858802615,43.45392953927627,,54.02828539644502,,87.29990124702454,,0.8541012406349182
我发现我及时不承认倒霉。,我发现我及时不承认倒霉。,,,,,51.92005220476034,38.34549982565244,22.539886694324647,0.0,,43.386243386217856,,81.84776306152344,,0.5001575946807861
他在车站里表情很茫然。,他在车站里表情很茫然。,,,,,24.05515188636592,15.956382616417136,0.0,0.0,,31.062404020660207,,77.83262133598328,,0.5594112873077393
"你会说起这么大口诀,但其实做起来却徒劳无益,他感到很茫然。","你会说起这么大口诀,但其实做起来却徒劳无益,他感到很茫然。",,,,,20.68965517241379,8.59602382591879,0.0,0.0,,18.074585964434565,,69.3002700805664,,0.3217502236366272
"按照学校的规定,每个晚饭都要付钱。","按照学校的规定,每个晚饭都要付钱。",,,,,34.51508251153529,19.016884252284257,0.0,0.0,,32.014249206194,,83.7359607219696,,0.46828269958496094
"我长大了,要报名战争,前线是护士。","我长大了,要报名战争,前线是护士。",,,,,45.463551466429095,34.610439194531025,22.388458068041672,0.0,,52.68149882902259,,80.38638234138489,,0.5237932205200195
"我们应该给运动员上课,不接受受伤的办法。","我们应该给运动员上课,不接受受伤的办法。",,,,,59.999999999999986,43.5285750066007,31.608160102348876,20.76047003130265,,52.34239444759824,,82.30050802230835,,0.6390648484230042
"我们老师仔仔细细地挑选了人才,弄巧成拙,弄得同学们心里总是变化无常。","我们老师仔仔细细地挑选了人才,弄巧成拙,弄得同学们心里总是变化无常。",,,,,41.1764705882353,24.977708421782108,12.492568369235178,0.0,,35.428973277006634,,75.96743106842041,,0.3484466075897217
"银行卡和身份证一样是身份证,身份证比身份证更重要。","银行卡和身份证一样是身份证,身份证比身份证更重要。",,,,,15.999999999999998,11.547005383792511,8.338161453378323,0.0,,17.691196346111678,,68.98387670516968,,0.4435977339744568
不签字的生意是经商、出租、买卖。,不签字的生意是经商、出租、买卖。,,,,,46.97065314067378,29.706849422054088,0.0,0.0,,24.19802419798054,,74.48851466178894,,0.5050453543663025
"这种传染病通过空气、水、衣服、衣服等途径传染,你应采取有力措施。","这种传染病通过空气、水、衣服、衣服等途径传染,你应采取有力措施。",,,,,37.5,31.10855084191275,28.2647695390458,26.144021961359403,,41.941100764563636,,83.25611352920532,,0.669529914855957
"两年之后,政府帮助他终于定居下来。","两年之后,政府帮助他终于定居下来。",,,,,65.08668871612336,53.79152832382658,45.057484352283225,40.08565305996452,,61.8033018202074,,87.02366948127747,,0.6825942397117615
"医生没穿衣服,医生没力量。","医生没穿衣服,医生没力量。",,,,,38.46153846153847,17.90287185098582,0.0,0.0,,38.46153846148846,,75.49396753311157,,0.4448252320289612
"一个老是老是老是老是抱怨不够的,就要破坏。","一个老是老是老是老是抱怨不够的,就要破坏。",,,,,28.57142857142857,16.90308509457033,11.456697640675745,0.0,,30.411449016037423,,72.51939177513123,,0.268513560295105
"总是抱怨是不够的,还应当破坏。","总是抱怨是不够的,还应当破坏。",,,,,32.749230123119276,23.969982049620302,19.342876317910285,14.906674059356048,,35.777126099676686,,79.32332754135132,,0.45853912830352783
"银行存折丢了,快去银行补办事情。","银行存折丢了,快去银行补办事情。",,,,,62.50000000000002,54.00617248673218,47.05180144405144,39.375553105513404,,62.49999999994999,,83.22235345840454,,0.752958357334137
躺在担架上昏迷不醒。,躺在担架上昏迷不醒。,,,,,40.21920276213835,24.476627330774733,0.0,0.0,,39.52991452990063,,80.79262375831604,,0.6465227007865906
他在担架上昏迷不醒。,他在担架上昏迷不醒。,,,,,48.522452777010656,25.573578072219327,0.0,0.0,,44.57142857142074,,83.122318983078,,0.5901172161102295
"工人们在技术上孜孜不倦地钻研着,孜孜不倦地钻研着。","工人们在技术上孜孜不倦地钻研着,孜孜不倦地钻研着。",,,,,27.999999999999996,18.70828693386971,11.502177610147303,0.0,,26.842105263091025,,74.87733960151672,,0.6724625825881958
"懂得建设社会主义,别人才不会以为自己是正确的。","懂得建设社会主义,别人才不会以为自己是正确的。",,,,,30.434782608695656,16.63369597826152,0.0,0.0,,31.687511666919537,,75.61672329902649,,0.3304905891418457
我以后想做科学家。,我以后想做科学家。,,,,,49.71329537857609,40.84363993014519,34.93885193825986,28.24099048856542,,52.34239444761888,,87.60481476783752,,0.8161788582801819
我们校园的校园很干净。,我们校园的校园很干净。,,,,,49.80549361539612,36.936742639955355,24.010311086019993,0.0,,51.97777051319886,,86.82133555412292,,0.5650923252105713
我们校园里很干净。,我们校园里很干净。,,,,,35.62113269055303,23.895382239484963,0.0,0.0,,42.720437457268524,,80.22646903991699,,0.5386849045753479
你小猫受了惊吓。,你小猫受了惊吓。,,,,,58.410058730355345,25.49223956939711,0.0,0.0,,43.386243386217856,,80.10815978050232,,0.5225300192832947
"看他受了大委屈,无可奈何地无可奈何地无可奈何地无地自容地否定了自己的委屈。","看他受了大委屈,无可奈何地无可奈何地无可奈何地无地自容地否定了自己的委屈。",,,,,16.216216216216218,11.624763874381925,7.281710555988495,0.0,,12.091156751046771,,66.43624901771545,,0.39231306314468384
"经过老师的批评,小明感到怀疑,诉说了自己的委屈。","经过老师的批评,小明感到怀疑,诉说了自己的委屈。",,,,,49.99999999999999,32.96902366978935,0.0,0.0,,39.649122806956136,,80.47176003456116,,0.7335494160652161
"被老师批评后,小明感觉很委屈,需要找人倾诉。","被老师批评后,小明感觉很委屈,需要找人倾诉。",,,,,62.256867019245156,54.56820496521436,45.65503581411311,36.77670230486631,,43.31480876099226,,86.24967336654663,,0.7889353632926941
"以前有一家店出租,现在找不到了。","以前有一家店出租,现在找不到了。",,,,,67.35861585215751,57.88380804772596,46.2922881266466,37.11661887242387,,73.21770880873189,,92.3933744430542,,0.7990654706954956
"以前有店出租,现在找不到了。","以前有店出租,现在找不到了。",,,,,59.97193177501115,47.533388729492195,34.06257402824728,26.62815842931797,,63.80297823595102,,85.81684231758118,,0.7742800116539001
我自愿参加这个组织。,我自愿参加这个组织。,,,,,70.00000000000003,39.44053188733078,0.0,0.0,,65.07936507929873,,86.84173822402954,,0.7988578081130981
地铁站有自己的特色。,地铁站有自己的特色。,,,,,53.62560368285113,39.9701650564394,29.915621727790242,0.0,,55.34188034186644,,83.03329348564148,,0.6678887605667114
封面设计是艺术设计。,封面设计是艺术设计。,,,,,81.87307530779823,77.19067566232133,71.52271917677635,54.088044192555245,,53.66568914953006,,80.29942512512207,,0.7573828101158142
封面设计是艺术设计。,封面设计是艺术设计。,,,,,81.87307530779823,77.19067566232133,71.52271917677635,54.088044192555245,,53.66568914953006,,83.8190495967865,,0.7992656826972961
"护照要写日期,以防签字不效果。","护照要写日期,以防签字不效果。",,,,,40.0,23.90457218668787,0.0,0.0,,42.42641780324019,,79.90269064903259,,0.6044362187385559
"合同要写日期,以防白内障。","合同要写日期,以防白内障。",,,,,36.653744525105374,24.975316986585536,0.0,0.0,,30.701208120548007,,74.92313981056213,,0.5784971714019775
名片是什么?北京的首都最盛大的会议馆。,名片是什么?北京的首都最盛大的会议馆。,,,,,47.368421052631575,28.097574347450823,16.683848809418855,0.0,,29.404914405428467,,77.2379457950592,,0.573459267616272
北京名片是什么?北京名片是人民大会议室。,北京名片是什么?北京名片是人民大会议室。,,,,,49.99999999999999,36.27381250550059,24.45201383035124,17.12473044894657,,33.5526315788805,,77.8106153011322,,0.6091795563697815
两个对夫妻组团去美国旅游。,两个对夫妻组团去美国旅游。,,,,,79.14497715327147,62.916246918128515,49.788166008818656,38.14156086719433,,56.568557071035166,,85.61230301856995,,0.8065011501312256
两个人对结婚组团去美国旅游。,两个人对结婚组团去美国旅游。,,,,,57.14285714285717,55.470019622522955,53.58322898371246,51.424016050282646,,57.14285714280714,,88.30753564834595,,0.5216515064239502
工厂急招了几位熟练的技术工人。,工厂急招了几位熟练的技术工人。,,,,,86.6666666666667,60.94494002200438,30.571070873287965,0.0,,59.99999999994999,,90.94046354293823,,0.7667014002799988
"为了招待远亲亲戚,妈妈哥哥做了一个大餐。","为了招待远亲亲戚,妈妈哥哥做了一个大餐。",,,,,70.00000000000003,54.2896714030637,36.623602237200515,23.185078121230163,,61.457702402529414,,90.05831480026245,,0.7045981287956238
"为了招待远亲堂兄弟,哥哥在中餐做了局部的钱。","为了招待远亲堂兄弟,哥哥在中餐做了局部的钱。",,,,,49.99999999999999,37.79644730092272,24.264275032025868,16.559113761114784,,53.09304849482549,,84.75471138954163,,0.3701564073562622
王师傅是我们学习的好榜样。,王师傅是我们学习的好榜样。,,,,,71.22777528017816,66.30945011973594,63.75040967498167,61.59539301615259,,73.87168589350162,,88.12480568885803,,0.7258692383766174
"打针后,他变得安静下来。","打针后,他变得安静下来。",,,,,76.67036788577695,71.62536053706349,65.66962887092156,58.33510584342546,,79.74522292989478,,95.36006450653076,,0.8610467910766602
"打针后,他变得安静下来。","打针后,他变得安静下来。",,,,,76.67036788577695,71.62536053706349,65.66962887092156,58.33510584342546,,79.74522292989478,,95.36006450653076,,0.8610467910766602
"按下此键之后,机器会开始运行。","按下此键之后,机器会开始运行。",,,,,19.999999999999996,11.952286093343934,0.0,0.0,,21.213208901589066,,71.19122743606567,,0.6378763318061829
我做梦的时候发现你正在追求我。,我做梦的时候发现你正在追求我。,,,,,66.66666666666669,37.796447300922736,22.232392577061862,0.0,,51.999999999930935,,85.38316488265991,,0.6758811473846436
"我是没有男朋友的,你不要乱说。","我是没有男朋友的,你不要乱说。",,,,,73.33333333333334,51.176631571915884,34.28283112371998,0.0,,55.04167347600174,,84.6938967704773,,0.6325247883796692
"你喜欢吃油腻的食物,还是吃饱饭吧。","你喜欢吃油腻的食物,还是吃饱饭吧。",,,,,23.529411764705884,12.126781251816647,0.0,0.0,,26.231832683383598,,77.3755431175232,,0.3428950607776642
"你喜欢吃油腻的食物,不喜欢吃饱饭。","你喜欢吃油腻的食物,不喜欢吃饱饭。",,,,,47.058823529411775,29.70442628930023,18.051655059781115,0.0,,52.16081915367271,,79.78180050849915,,0.33477458357810974
"你感冒严重,要及时去医院。","你感冒严重,要及时去医院。",,,,,61.538461538461554,45.29108136578384,33.41085299235576,24.71244254525359,,63.796178343891675,,82.74524807929993,,0.8282378315925598
"我国经济飞跃式地发展,劳动者的工资也跟着涨。","我国经济飞跃式地发展,劳动者的工资也跟着涨。",,,,,45.45454545454545,29.424494316824994,16.297813360438468,0.0,,39.740376582414235,,78.81232500076294,,0.760097086429596
"国家经济建设蓬勃发展,工资水平也跟着涨。","国家经济建设蓬勃发展,工资水平也跟着涨。",,,,,44.99999999999999,26.655699499159155,0.0,0.0,,37.34995740720073,,77.1487295627594,,0.7843806147575378
腿关节手术成功了。,腿关节手术成功了。,,,,,55.73021304462805,38.69711355099231,0.0,0.0,,45.78754578752709,,83.26744437217712,,0.6707860827445984
他的腿关节手术成功了。,他的腿关节手术成功了。,,,,,74.70824042309421,52.23644239130947,0.0,0.0,,60.64073226540546,,88.27374577522278,,0.7543681263923645
这个广告公司向观众展示了他们的画画技术。,这个广告公司向观众展示了他们的画画技术。,,,,,33.3368199306773,25.493303364357008,20.02031367665074,13.674732569138339,,33.656553018433485,,77.05710530281067,,0.5295572876930237
核磁共振成像仪是用于确定表面的机器。,核磁共振成像仪是用于确定表面的机器。,,,,,66.66666666666669,56.011203361120415,46.11051180875032,33.813072929712554,,64.26269137786073,,81.42125010490417,,0.6351779103279114
核磁共振成像仪来确定封面机器。,核磁共振成像仪来确定封面机器。,,,,,62.367132335441205,45.64806674681092,31.068919668883257,21.989282626654578,,57.94405032789144,,82.66620635986328,,0.43508875370025635
"发现很多急诊室没有保险,就只好付钱给他们。","发现很多急诊室没有保险,就只好付钱给他们。",,,,,35.78721261630682,22.113433319114076,0.0,0.0,,30.4784546805197,,77.08951830863953,,0.5725973844528198
家属对这次故障表示委屈。,家属对这次故障表示委屈。,,,,,21.392379959691336,9.992367127033098,0.0,0.0,,22.368421052631188,,70.39768099784851,,0.4378226399421692
事故家属对事故家属表示难过。,事故家属对事故家属表示难过。,,,,,32.57195287655277,18.06766865206274,0.0,0.0,,33.28369322411305,,68.7950849533081,,0.34484419226646423
"他爱好电脑,经常在网络上骗取父母的钱。","他爱好电脑,经常在网络上骗取父母的钱。",,,,,26.865740356192866,14.7538491576175,0.0,0.0,,26.31204412024324,,79.55158948898315,,0.45076316595077515
老师在教学工作中取得了丰硕的工作经验。,老师在教学工作中取得了丰硕的工作经验。,,,,,74.89969579077137,62.83114471916325,50.94069779233908,39.159269732992925,,66.57917760275497,,91.2901759147644,,0.8071640133857727
快递员现在积极工作。,快递员现在积极工作。,,,,,79.99999999999997,73.0296743340221,64.36595897370862,52.53819788848316,,79.99999999995,,90.64027667045593,,0.8500913977622986
"他女儿的房间很漂亮,多少钱?","他女儿的房间很漂亮,多少钱?",,,,,49.53587998572469,44.51873915086964,38.54553956724982,30.82331946100713,,52.86549707598783,,84.31017994880676,,0.4279087781906128
"女儿的房间很漂亮,全是粉色的。","女儿的房间很漂亮,全是粉色的。",,,,,81.07727203607357,69.82811492993243,55.981531349276985,40.66844122435749,,64.38227814210641,,87.59949803352356,,0.7928546071052551
提高流量的方法是为了提高效率。,提高流量的方法是为了提高效率。,,,,,56.130419101897054,43.305558510994565,34.33766360666812,28.18720423903185,,57.94405032789144,,85.27359366416931,,0.4621843099594116
"天黑了,晚上我害怕。","天黑了,晚上我害怕。",,,,,70.00000000000003,55.777335102271685,42.68597216624981,0.0,,43.386243386177036,,88.57316374778748,,0.6359453797340393
我害怕在夜间看书。,我害怕在夜间看书。,,,,,44.44444444444444,33.333333333333336,25.1315813709718,0.0,,46.73650282024591,,78.52760553359985,,0.323913037776947
"考试是考验风力,是爱情的考验。","考试是考验风力,是爱情的考验。",,,,,35.75040245523411,18.502591100239048,0.0,0.0,,31.623931623917716,,75.33038854598999,,0.48183196783065796
"创业是艺术,如果没有模仿,就不会有活络的艺术感染力。","创业是艺术,如果没有模仿,就不会有活络的艺术感染力。",,,,,49.99999999999999,31.62277660168379,16.091489743427164,0.0,,39.18556669974443,,79.97960448265076,,0.47939711809158325
"技术是最重要的发明,模仿和再造,有活络的灵感。","技术是最重要的发明,模仿和再造,有活络的灵感。",,,,,27.900081148601764,10.782240733516375,0.0,0.0,,24.91364421412118,,73.72356653213501,,0.3878158926963806
"我的试工资没有工资,坐公交车补贴有吗?","我的试工资没有工资,坐公交车补贴有吗?",,,,,63.15789473684212,45.88314677411236,33.36769761883771,21.951524426618455,,47.368421052581574,,81.3447892665863,,0.4540911912918091
盒子里的八宝粥已经过期了。,盒子里的八宝粥已经过期了。,,,,,76.92307692307693,62.01736729460425,41.199124531714055,28.917849332325716,,61.53846153841154,,86.662358045578,,0.8103113174438477
"到了最后阶段,我们越是这样,越是心灰意冷了。","到了最后阶段,我们越是这样,越是心灰意冷了。",,,,,59.09090909090908,47.44557145911775,35.57463502208147,26.237620039358504,,38.6131261780379,,83.86939764022827,,0.606246829032898
"到了最后阶段,我们越是这样下去,越是心灰意冷了。","到了最后阶段,我们越是这样下去,越是心灰意冷了。",,,,,54.16666666666666,43.405736614121544,32.47709612235543,23.89932131933397,,41.20879120872282,,81.89313411712646,,0.6299428343772888
"人总是迟到,会迟到,会议马上就要开始了。","人总是迟到,会迟到,会议马上就要开始了。",,,,,44.99999999999999,26.655699499159155,0.0,0.0,,30.728851201237266,,70.91069221496582,,0.37613677978515625
"领导迟到了十分钟,会议就要开始了。","领导迟到了十分钟,会议就要开始了。",,,,,66.55575133093234,52.39724548420555,37.270629239302146,24.30000434616019,,45.63983248017933,,84.4563364982605,,0.7074880599975586
我分别介绍了几个同事。,我分别介绍了几个同事。,,,,,68.21614784251477,41.306928834111325,0.0,0.0,,57.53968253965076,,87.49690651893616,,0.778408408164978
"我买了几个介绍人,同时是同事。","我买了几个介绍人,同时是同事。",,,,,46.66666666666667,25.819888974716118,0.0,0.0,,42.42641780324019,,78.81479263305664,,0.4381733536720276
安装、调试、维修都需要天赋。,安装、调试、维修都需要天赋。,,,,,21.42857142857143,12.838814775327391,0.0,0.0,,23.809523809464547,,69.78564262390137,,0.15427066385746002
"人活在世上,用死牛代替活牛,是不可取的。","人活在世上,用死牛代替活牛,是不可取的。",,,,,49.99999999999999,32.4442842261525,18.016397831240866,0.0,,39.1447368420384,,79.16261553764343,,0.4395506978034973
"因为堵车,爸爸勉强忍受不了,勉强自己改变主意。","因为堵车,爸爸勉强忍受不了,勉强自己改变主意。",,,,,34.782608695652165,17.782168978975484,0.0,0.0,,37.42247450850236,,75.7195770740509,,0.5785298943519592
"路上堵车,爸爸经常改行打车。","路上堵车,爸爸经常改行打车。",,,,,43.34389498750908,24.04286705473701,0.0,0.0,,46.25730994148491,,81.63892030715942,,0.6738779544830322
他喜欢是自然的。,他喜欢是自然的。,,,,,42.95557992443578,20.5366952224943,0.0,0.0,,40.15192620725512,,77.36605405807495,,0.27680259943008423
我男朋友买了大长大的娃娃作为生日礼物。,我男朋友买了大长大的娃娃作为生日礼物。,,,,,71.91070868408717,58.40824072777214,49.31830992659223,42.29854623467888,,43.43976695032864,,86.37123703956604,,0.7567448616027832
我男朋友怎么办做高娃娃作为生日礼物?,我男朋友怎么办做高娃娃作为生日礼物?,,,,,53.38249352778721,44.85026551362875,36.92241147290353,29.963847019163097,,29.417475728127336,,77.58028507232666,,0.41763341426849365
"当我们工作在粗心大意的时候,有的人总是想浑水摸鱼,想给自己做个好事。","当我们工作在粗心大意的时候,有的人总是想浑水摸鱼,想给自己做个好事。",,,,,32.35294117647059,19.802950859533492,13.48279544468597,9.42962747162884,,26.231832683383598,,76.74662470817566,,0.5734421014785767
生来就有明知故犯的道理。,生来就有明知故犯的道理。,,,,,23.884377019126312,0.0,0.0,0.0,,20.60439560437691,,68.98951530456543,,0.3784927725791931
这个意见是作弊的行为。,这个意见是作弊的行为。,,,,,55.36730085068171,50.28984840779665,44.06678788590734,39.5348755325422,,62.23312883433224,,83.0613911151886,,0.42773449420928955
"留下来收银台后,会做收银员。","留下来收银台后,会做收银员。",,,,,18.6125445008873,0.0,0.0,0.0,,16.64184661205051,,71.48281931877136,,0.21305951476097107
"留下来收租后,他摔跤了。","留下来收租后,他摔跤了。",,,,,17.113903967753068,0.0,0.0,0.0,,22.368421052631188,,69.74818110466003,,0.16478519141674042
"钥匙坏了,我找不到了。","钥匙坏了,我找不到了。",,,,,63.63636363636361,43.69314487526513,0.0,0.0,,45.454545454495445,,87.12821006774902,,0.7125154137611389
"工人们煞费苦心养护花草,保护好植被。","工人们煞费苦心养护花草,保护好植被。",,,,,44.44444444444444,28.005601680560204,0.0,0.0,,30.701208120493945,,78.18442583084106,,0.6031785607337952
上海的空气建设是上海的标志。,上海的空气建设是上海的标志。,,,,,41.878225126996426,32.39249171537936,25.757329771926912,17.8359360196226,,44.37825763215476,,78.72851490974426,,0.33793210983276367
猫在房间里睡觉。,猫在房间里睡觉。,,,,,49.99999999999999,26.726124191242434,0.0,0.0,,41.91522762944536,,77.13643908500671,,0.5678756833076477
小猫有睡觉吗?,小猫有睡觉吗?,,,,,57.14285714285717,43.64357804719849,0.0,0.0,,31.623931623862493,,74.97702240943909,,0.730591893196106
厨师发现在地上有老鼠。,厨师发现在地上有老鼠。,,,,,51.932979731477616,36.31184576947658,26.49471087384045,19.599511451746867,,34.733738713827776,,83.03524255752563,,0.6891140341758728
厨师发现在厨房里有老鼠。,厨师发现在厨房里有老鼠。,,,,,47.76875403825263,39.44375047601225,32.21842289021414,22.715713055706516,,54.945054945036254,,85.30576229095459,,0.8018865585327148
他今年三岁。,他今年三岁。,,,,,83.33333333333334,57.73502691896257,0.0,0.0,,66.66666666661666,,92.00509786605835,,0.724586546421051
今天星期几号?,今天星期几号?,,,,,71.42857142857146,48.795003647426675,0.0,0.0,,30.411449016037423,,85.35605669021606,,0.7695112228393555
今天我想吃面条。,今天我想吃面条。,,,,,100.00000000000004,84.51542547285173,70.94917059851925,61.47881529512649,,74.99999999994999,,91.5511965751648,,0.8533356189727783
你和小张什么时候认识的?,你和小张什么时候认识的?,,,,,84.33740467435464,70.26955287933683,61.015155993593744,55.2058197664637,,71.77070063690113,,92.51403212547302,,0.8602619767189026
"我要去超市买椅子,你去吗?","我要去超市买椅子,你去吗?",,,,,78.35055280819599,69.5459380028764,58.82625436275439,48.764850158827386,,66.48451730414725,,94.7049081325531,,0.9023223519325256
"我要去超市买椅子,你回来。","我要去超市买椅子,你回来。",,,,,50.89441019480891,39.48343115813072,34.670172502618875,30.962787181906542,,51.53305203936046,,86.86991333961487,,0.6342504024505615
下午你做什么?,下午你做什么?,,,,,53.676949505377586,44.909357997437425,31.179789850805648,0.0,,60.63432835818647,,91.29483699798584,,0.7794778943061829
你们什么时候去买椅子?,你们什么时候去买椅子?,,,,,74.70824042309421,69.10231797107848,62.33669934888453,53.66551979187755,,77.96665576981866,,95.30948400497437,,0.85528963804245
我每天早上出门旅游时起床。,我每天早上出门旅游时起床。,,,,,46.15384615384615,33.968311024337865,21.89030136322373,0.0,,43.00479881868472,,82.53023624420166,,0.561378538608551
"他每天来,我很累。","他每天来,我很累。",,,,,77.77777777777777,54.006172486732154,34.66806371753173,0.0,,66.66666666661666,,86.4992618560791,,0.4871554374694824
他每天来的时候很累。,他每天来的时候很累。,,,,,70.00000000000003,48.304589153964805,30.781912507463893,0.0,,62.81087333712975,,88.61807584762573,,0.7957523465156555
你的手表在哪里?,你的手表在哪里?,,,,,44.12484512922977,33.35524767176619,0.0,0.0,,23.36825141011578,,79.84831929206848,,0.7177352905273438
手表太低了。,手表太低了。,,,,,23.884377019126312,18.500758885923073,0.0,0.0,,27.47252747250878,,71.68954610824585,,0.2186945676803589
你的手表多少钱?,你的手表多少钱?,,,,,25.77334795466146,15.90765571657157,0.0,0.0,,20.075963103619753,,77.24917531013489,,0.5519636869430542
你看见我的杯子了吗?,你看见我的杯子了吗?,,,,,79.99999999999997,66.66666666666661,55.03212081491043,39.281465090051285,,52.34239444759824,,88.82790207862854,,0.7930879592895508
你看见我的杯子了吗?,你看见我的杯子了吗?,,,,,90.0,77.45966692414831,60.822019955733964,42.341975792369325,,59.99999999994999,,90.6412124633789,,0.86603844165802
交流是什么?交流什么?,交流是什么?交流什么?,,,,,6.920912606335218,0.0,0.0,0.0,,7.779141104270902,,65.71266651153564,,0.09911186993122101
"左边那个房间是爸爸妈妈的,这个房间太大了。","左边那个房间是爸爸妈妈的,这个房间太大了。",,,,,61.90476190476193,46.54746681256313,32.46284552986226,24.830148193808903,,43.85029836041114,,85.85566878318787,,0.7037680149078369
"左边那个房间是爸爸妈妈的,那个房间太大了。","左边那个房间是爸爸妈妈的,那个房间太大了。",,,,,61.90476190476193,46.54746681256313,32.46284552986226,24.830148193808903,,43.85029836041114,,85.67598462104797,,0.7014601230621338
微信是谁发的?,微信是谁发的?,,,,,64.41233940645306,63.51142315744463,62.359579701611274,60.80253214198355,,72.76119402982826,,84.57679748535156,,0.8140218257904053
微信是谁发的?,微信是谁发的?,,,,,85.7142857142857,75.59289460184542,61.14214174657596,48.892302243490086,,57.14285714280714,,85.9889566898346,,0.7883202433586121
他什么时候开始踢足球?,他什么时候开始踢足球?,,,,,75.79571982501638,66.51047421812703,58.954231640141984,50.30989330530425,,49.31972789112471,,90.73204398155212,,0.8260823488235474
他什么时候开始踢足球?,他什么时候开始踢足球?,,,,,75.79571982501638,66.51047421812703,58.954231640141984,50.30989330530425,,49.31972789112471,,90.73204398155212,,0.8260823488235474
苹果是你买的吗?,苹果是你买的吗?,,,,,74.99999999999997,56.69467095138407,37.697372056457695,0.0,,52.86549707596199,,90.06613492965698,,0.7776607871055603
苹果是你买的吗?,苹果是你买的吗?,,,,,74.99999999999997,56.69467095138407,37.697372056457695,0.0,,52.86549707596199,,90.06613492965698,,0.7776607871055603
我们晚上饭店怎么样?,我们晚上饭店怎么样?,,,,,59.26545765453741,49.38788137878115,40.768797822443275,29.10042507378281,,67.31310603688829,,90.56590795516968,,0.6641615033149719
看保险怎么样?,看保险怎么样?,,,,,18.223231847084033,13.918223224332083,10.73050958132859,0.0,,29.47821409360765,,75.86221098899841,,0.20133209228515625
今天天气有点冷。,今天天气有点冷。,,,,,88.24969025845958,66.71049534353241,40.30108668995049,0.0,,70.10475423042197,,90.39647579193115,,0.7975457906723022
我昨天有点累。,我昨天有点累。,,,,,100.00000000000004,81.64965809277267,64.36595897370867,50.81327481546149,,85.7142857142357,,95.80766558647156,,0.8985004425048828
下个月我每天游泳。,下个月我每天游泳。,,,,,88.8888888888889,66.66666666666669,39.89389870590504,0.0,,66.66666666661666,,90.69382548332214,,0.6366276741027832
每个月我都会去上班。,每个月我都会去上班。,,,,,49.99999999999999,23.570226039551585,0.0,0.0,,31.40543666853519,,82.68653154373169,,0.2543315291404724
"不一样,他去见了同学。","不一样,他去见了同学。",,,,,63.63636363636361,43.69314487526513,27.68182380588132,0.0,,58.834951456245335,,80.8100700378418,,0.6533892750740051
"不是,他去见同学了。","不是,他去见同学了。",,,,,79.99999999999997,51.639777949432215,0.0,0.0,,73.27935222666127,,87.74974346160889,,0.682517409324646
能不远吗?离这里最近的饭店吗?走几分钟就到。,能不远吗?离这里最近的饭店吗?走几分钟就到。,,,,,54.54545454545453,42.640143271122085,33.1300762471962,27.526990943873297,,46.46139936706595,,79.45606112480164,,0.5942567586898804
"可以,离这个附近不远的饭店走几分钟就到。","可以,离这个附近不远的饭店走几分钟就到。",,,,,66.58605971505001,48.30660491167578,36.67430825552227,30.165522388171823,,63.33931985396121,,86.27548217773438,,0.757097601890564
"这家公司太远了,他为什么不打车呢?","这家公司太远了,他为什么不打车呢?",,,,,58.82352941176469,46.96682183138621,38.891111873282036,33.50704079514751,,36.2970362969806,,85.56783199310303,,0.5633058547973633
"这家公司离公司远,为什么不打车?","这家公司离公司远,为什么不打车?",,,,,68.75000000000001,56.642151559888106,48.57063902709546,40.325042950627804,,38.62936688523374,,85.67560911178589,,0.4015577435493469
那件红色的衣服怎么样?怎么样?新吗?,那件红色的衣服怎么样?怎么样?新吗?,,,,,55.55555555555555,40.42260417272215,27.335028453192308,0.0,,45.63983248016796,,81.21204972267151,,0.754294216632843
那件红色的衣服怎么样?是不是新?,那件红色的衣服怎么样?是不是新?,,,,,68.75000000000001,52.44044240850757,33.99472648478799,0.0,,45.067594699448705,,84.24928784370422,,0.7660501003265381
那个看电话的女生是你女朋友吗?,那个看电话的女生是你女朋友吗?,,,,,60.04025522571868,45.89902117347861,37.57983453531897,32.283932138710135,,59.62854349948119,,90.91367721557617,,0.7681783437728882
看手机上的女生是你女朋友吗?,看手机上的女生是你女朋友吗?,,,,,69.18152117189051,62.17461153409047,56.670879220662286,50.8333248980831,,76.00888076267208,,89.92663621902466,,0.7725824117660522
你比我早上起床一个小时。,你比我早上起床一个小时。,,,,,83.33333333333334,67.41998624632421,56.65163349427046,44.833867003844574,,77.96665576980149,,88.9765739440918,,0.7226042151451111
你比我早起床一个小时。,你比我早起床一个小时。,,,,,90.90909090909088,73.85489458759959,62.35319077637435,49.616830003403614,,81.8181818181318,,90.88109135627747,,0.8055230379104614
"下雪了,今天很冷。","下雪了,今天很冷。",,,,,77.77777777777777,54.006172486732154,34.66806371753173,0.0,,44.44444444439444,,89.49841856956482,,0.8409959077835083
"下雪了,今天很冷。","下雪了,今天很冷。",,,,,77.77777777777777,54.006172486732154,34.66806371753173,0.0,,44.44444444439444,,89.49841856956482,,0.8409959077835083
我还不认识那个男生。,我还不认识那个男生。,,,,,90.0,70.71067811865471,57.23571212766658,40.45533557851105,,52.34239444759824,,90.66545367240906,,0.8171590566635132
"时间过得很快,新的一年开始了,新的一年开始了。","时间过得很快,新的一年开始了,新的一年开始了。",,,,,39.1304347826087,23.09971510527055,17.192590380534398,12.6254971485354,,29.173093689155422,,80.77942132949829,,0.748041033744812
"时间过的太快,快到了。","时间过的太快,快到了。",,,,,55.36730085068171,35.56029283399651,22.033393942953655,0.0,,38.89570552144881,,82.01476335525513,,0.6048898696899414
你不能一直上网。,你不能一直上网。,,,,,77.21847897615213,69.76750600527647,65.91376346774338,62.401954419369176,,81.78887993549853,,89.0777587890625,,0.7143016457557678
你不能一直上网。,你不能一直上网。,,,,,77.21847897615213,54.04167777297231,0.0,0.0,,58.42062852534542,,88.36440443992615,,0.7151246666908264
"水果、面包和茶我们都准备好了,我们还带什么?","水果、面包和茶我们都准备好了,我们还带什么?",,,,,77.2727272727273,66.44986392449891,56.106872507608756,46.43186698761531,,71.10682110676252,,94.27197575569153,,0.8879314661026001
"面包、水果和茶我们都准备好了,我们还带什么?","面包、水果和茶我们都准备好了,我们还带什么?",,,,,77.2727272727273,66.44986392449891,56.106872507608756,46.43186698761531,,52.145002144943554,,91.99705719947815,,0.8175038695335388
你们昨天下午都准备好了吗?,你们昨天下午都准备好了吗?,,,,,61.538461538461554,55.470019622522905,48.18678837182909,38.67706276352344,,61.53846153841154,,85.94109416007996,,0.8011580109596252
我昨天下午都准备好了。,我昨天下午都准备好了。,,,,,63.194902581716235,55.45330196192749,49.15326266284853,41.946020351348416,,73.52316192093554,,89.16946649551392,,0.8173791766166687
"你看见我越来越胖了,怎么办?","你看见我越来越胖了,怎么办?",,,,,49.99999999999999,33.968311024337865,21.264518514149504,0.0,,36.93584294671505,,82.47334957122803,,0.8381207585334778
"看,我越来越胖了,怎么办?","看,我越来越胖了,怎么办?",,,,,46.15384615384615,27.73500981126145,19.12293963810262,0.0,,23.076923076873076,,81.7686378955841,,0.8139638900756836
"你虽然瘦了,但是还不太瘦,你做什么运动?","你虽然瘦了,但是还不太瘦,你做什么运动?",,,,,49.99999999999999,36.27381250550059,24.45201383035124,17.12473044894657,,32.01424920616302,,82.86102414131165,,0.7159925699234009
"你虽然很瘦,但是还很瘦,你做什么运动?","你虽然很瘦,但是还很瘦,你做什么运动?",,,,,52.63157894736842,41.88539082916955,34.56039823003058,29.660903203497252,,33.129459734904515,,83.685702085495,,0.6690049171447754
"天阴了,电视说明天天气怎么样,明天有什么好事?","天阴了,电视说明天天气怎么样,明天有什么好事?",,,,,52.173913043478265,30.79962014036073,16.530670725864674,0.0,,37.91321740089954,,77.32595801353455,,0.6236898899078369
"阴天电视说明天天气怎么样,你明天有什么事情?","阴天电视说明天天气怎么样,你明天有什么事情?",,,,,49.99999999999999,34.50327796711772,18.123006216714867,0.0,,38.6131261780379,,80.22936582565308,,0.37846750020980835
"我不去爬山,我有点事。","我不去爬山,我有点事。",,,,,81.81818181818183,63.96021490668311,51.471424920008936,42.969435238201484,,56.88545688539829,,91.2141501903534,,0.6923757195472717
"不要去爬山了,我有点事。","不要去爬山了,我有点事。",,,,,66.66666666666669,42.640143271122106,26.29535894329297,0.0,,44.72140762456904,,85.69372296333313,,0.6159132719039917
"记得,你有一条裤子吗?","记得,你有一条裤子吗?",,,,,40.39231756892701,27.73363031036472,17.570661712280952,0.0,,48.627234199363066,,82.7399492263794,,0.6063993573188782
我记得你有一条裤子和一条裤子。,我记得你有一条裤子和一条裤子。,,,,,56.130419101897054,38.73366905367134,27.84648081490733,20.255556775654846,,57.94405032789144,,85.76284646987915,,0.570807933807373
这条裤子怎么样?,这条裤子怎么样?,,,,,87.50000000000003,70.71067811865478,43.67902323681496,0.0,,62.49999999994999,,92.67693161964417,,0.8516557216644287
这条裤子怎么样?,这条裤子怎么样?,,,,,87.50000000000003,79.05694150420955,67.86044041487273,50.000000000000014,,49.99999999995,,92.75971055030823,,0.8567093014717102
"桌子上有饮料,你想喝什么?","桌子上有饮料,你想喝什么?",,,,,71.22777528017816,57.42566831466844,43.669458430507284,35.24025452531097,,73.87168589350162,,93.53365302085876,,0.8912010192871094
"房间里找了半天,才发现刚才不是桌子下面。","房间里找了半天,才发现刚才不是桌子下面。",,,,,49.99999999999999,32.4442842261525,0.0,0.0,,30.728851201237266,,74.56654906272888,,0.3835436701774597
"学校太大了,太累了。","学校太大了,太累了。",,,,,59.999999999999986,44.72135954999579,36.840314986403875,29.071536848410968,,62.81087333712975,,86.69514656066895,,0.8425683379173279
我喝什么咖啡?,我喝什么咖啡?,,,,,61.91984998215586,29.910129138631728,0.0,0.0,,52.86549707598783,,88.0200445652008,,0.8058456778526306
我喝什么咖啡?,我喝什么咖啡?,,,,,61.91984998215586,29.910129138631728,0.0,0.0,,52.86549707598783,,88.0200445652008,,0.8058456778526306
你今天为什么没去考试?,你今天为什么没去考试?,,,,,45.45454545454545,30.15113445777636,21.616643908267584,0.0,,37.92363792357934,,82.46346116065979,,0.6840144395828247
你今天为什么不去?,你今天为什么不去?,,,,,59.655954454291326,44.7419658407185,29.46856901286969,0.0,,62.81087333715041,,89.2346441745758,,0.823589026927948
你请假几天还好吗?,你请假几天还好吗?,,,,,55.55555555555555,45.64354645876385,39.044833280954016,31.55984539112946,,60.63432835814155,,89.82821106910706,,0.8198509216308594
小张是你公司最了解的女生吗?,小张是你公司最了解的女生吗?,,,,,48.40441045780793,32.42437815703229,0.0,0.0,,35.54360812424901,,79.89358901977539,,0.63556307554245
小张是你公司留下的吗?,小张是你公司留下的吗?,,,,,29.301114293027844,18.818981395399586,0.0,0.0,,42.44712990937153,,80.35063743591309,,0.3715909421443939
"不用去医院,我去问医生,我很久没运动了。","不用去医院,我去问医生,我很久没运动了。",,,,,64.99999999999999,52.31483637805969,45.0169598912662,38.27673535697133,,31.40543666853519,,85.37492752075195,,0.6391619443893433
请你为什么选择我们公司工作?,请你为什么选择我们公司工作?,,,,,41.878225126996426,35.484196812624965,30.12595565684507,26.400139100294528,,49.9255398361756,,80.9363305568695,,0.7061258554458618
"我只要你相信你妻子会同意我,她就会同意我。","我只要你相信你妻子会同意我,她就会同意我。",,,,,76.19047619047622,51.63977794943224,30.3912368838803,19.87207215766376,,55.75432319612092,,87.58142590522766,,0.7520979046821594
"我只要你同意我,我信我妻子会批准我。","我只要你同意我,我信我妻子会批准我。",,,,,66.66666666666669,39.605901719066985,21.402603672366553,0.0,,55.555555555505556,,84.36407446861267,,0.6890603303909302
"好,你明天来工作,关于这个工作还有什么问题吗?","好,你明天来工作,关于这个工作还有什么问题吗?",,,,,17.391304347826082,8.89108448948774,0.0,0.0,,18.426141716604015,,70.93798518180847,,0.2317495048046112
"好,你明天来工作,关于这个工作还有什么问题吗?","好,你明天来工作,关于这个工作还有什么问题吗?",,,,,17.391304347826082,8.89108448948774,0.0,0.0,,18.426141716604015,,70.93798518180847,,0.2317495048046112
"先把茶喝了,再去冰箱拿西瓜。","先把茶喝了,再去冰箱拿西瓜。",,,,,41.878225126996426,28.972725374474805,16.578952313721327,0.0,,49.9255398361756,,85.66402196884155,,0.7327728867530823
"先把茶放在桌上,进冰箱拿西瓜。","先把茶放在桌上,进冰箱拿西瓜。",,,,,47.76875403825263,34.96314791294346,18.88734696412768,0.0,,54.945054945036254,,85.06849408149719,,0.6825752258300781
"我把这件衣服穿得太少了,送给弟弟。","我把这件衣服穿得太少了,送给弟弟。",,,,,64.70588235294115,40.219983326992185,22.093482189977408,0.0,,52.94117647053823,,83.76781940460205,,0.5925902128219604
上海明天要下雪。,上海明天要下雪。,,,,,100.00000000000004,100.00000000000004,100.00000000000004,100.00000000000004,,99.99999999994999,,100.00002384185791,,0.967337429523468
吃完午饭要多吃点水果。,吃完午饭要多吃点水果。,,,,,100.00000000000004,89.44271909999159,76.31428283688884,68.65890479690394,,81.8181818181318,,96.65564894676208,,0.8991824984550476
"我早上吃早饭,吃面包和牛奶。","我早上吃早饭,吃面包和牛奶。",,,,,71.42857142857146,57.416925176321456,47.898237810429386,41.60751652217844,,76.0286225401877,,88.50473761558533,,0.8437450528144836
我早上吃面包和牛奶。,我早上吃面包和牛奶。,,,,,73.68576777701837,44.84373019840031,0.0,0.0,,53.66568914953006,,89.82898592948914,,0.8688499331474304
你们吃什么?我请你。,你们吃什么?我请你。,,,,,72.38699344287673,53.95407934170131,32.051107866432694,0.0,,75.84727584723602,,88.36929202079773,,0.7926263213157654
你们吃什么?我请你们吃饭。,你们吃什么?我请你们吃饭。,,,,,61.538461538461554,45.29108136578384,26.518211593610204,0.0,,49.31972789109294,,84.43388938903809,,0.7351257801055908
"我想去试衣服,在哪儿?","我想去试衣服,在哪儿?",,,,,60.63657586001311,44.96928821556907,26.558831371156522,0.0,,49.31972789112471,,86.50460839271545,,0.7808472514152527
"我想试穿一条裤子,在哪儿?","我想试穿一条裤子,在哪儿?",,,,,46.15384615384615,39.223227027636796,30.355774498248472,0.0,,46.15384615379616,,85.61739325523376,,0.6642160415649414
"天气预报明天下雪,多穿衣服。","天气预报明天下雪,多穿衣服。",,,,,92.85714285714283,80.1783725737273,64.46159946946487,51.988579400544076,,78.57142857137856,,92.6137626171112,,0.8402607440948486
"天气预报明天下雪,多穿衣服。","天气预报明天下雪,多穿衣服。",,,,,92.85714285714283,80.1783725737273,64.46159946946487,51.988579400544076,,78.57142857137856,,92.6137626171112,,0.8402607440948486
医院旁边有一家超市。,医院旁边有一家超市。,,,,,70.00000000000003,55.777335102271685,33.87987856049511,0.0,,73.27935222666127,,92.92062520980835,,0.8263477087020874
我预定你生生日蛋糕。,我预定你生生日蛋糕。,,,,,59.26545765453741,44.1738640110603,37.84639934649394,32.72874319918699,,58.89896778227458,,87.60403394699097,,0.7655914425849915
我预订了一份生日蛋糕。,我预订了一份生日蛋糕。,,,,,75.79571982501638,66.51047421812703,58.954231640141984,50.30989330530425,,82.19954648522899,,94.65733766555786,,0.8504214286804199
"我喜欢下雪,它很漂亮。","我喜欢下雪,它很漂亮。",,,,,49.80549361539612,36.936742639955355,24.010311086019993,0.0,,51.97777051319886,,80.99803924560547,,0.6780924201011658
"我喜欢下雪,因为它很漂亮。","我喜欢下雪,因为它很漂亮。",,,,,46.15384615384615,33.968311024337865,21.89030136322373,0.0,,31.898089171917164,,78.14542055130005,,0.6715551018714905
"上海太热了,要买空调。","上海太热了,要买空调。",,,,,63.194902581716235,59.28207340195763,54.61057485221063,48.77741105153686,,73.52316192093554,,90.7850444316864,,0.865394651889801
"上海太热了,要买空调。","上海太热了,要买空调。",,,,,63.194902581716235,59.28207340195763,54.61057485221063,48.77741105153686,,73.52316192093554,,90.7850444316864,,0.865394651889801
我们坐公交车去学校。,我们坐公交车去学校。,,,,,72.38699344287673,60.322494535730584,43.50004591201424,0.0,,75.84727584723602,,95.79901099205017,,0.8594367504119873
我们坐公交车去学校。,我们坐公交车去学校。,,,,,81.43536762323636,57.22694306279104,33.33449549192915,0.0,,66.36636636632652,,92.12417006492615,,0.8362511396408081
"我们飞机延误了,现在在酒店住宿。","我们飞机延误了,现在在酒店住宿。",,,,,74.99999999999997,54.77225575051659,34.99514023876007,0.0,,57.944050327878635,,90.1617705821991,,0.80866539478302
"我们飞机延误了,今天喝点酒睡觉。","我们飞机延误了,今天喝点酒睡觉。",,,,,43.74999999999999,29.580398915498076,18.420157493201934,0.0,,32.191139071018775,,84.11059975624084,,0.32253026962280273
"跑步完很渴,我想喝一杯水。","跑步完很渴,我想喝一杯水。",,,,,69.23076923076921,48.03844614152614,27.580051476068,0.0,,63.796178343891675,,88.49338889122009,,0.8469404578208923
"跑步完我很渴,想喝一杯水。","跑步完我很渴,想喝一杯水。",,,,,69.23076923076921,48.03844614152614,27.580051476068,0.0,,63.796178343891675,,89.66718316078186,,0.8500625491142273
晚上你有时间多久有时间?我想去跑步。,晚上你有时间多久有时间?我想去跑步。,,,,,66.66666666666669,59.408852578600495,50.96177337655968,43.34366012758324,,70.104754230399,,89.80848789215088,,0.5793448090553284
"公交车站太远了,我们打车回家。","公交车站太远了,我们打车回家。",,,,,70.95666526675846,53.895456204468395,38.00211521222142,24.736929544091932,,41.73998044962781,,89.28537368774414,,0.7462742924690247
"女儿每天写作很晚,每天晚上。","女儿每天写作很晚,每天晚上。",,,,,73.1549326910304,60.56038593913457,48.46315232250213,37.257423107540355,,48.16146429150816,,85.81296801567078,,0.48402178287506104
他女儿每天晚上写作业。,他女儿每天晚上写作业。,,,,,83.37529180751808,79.09674680788022,74.02925524235233,67.80814773941113,,90.41950113375509,,97.2847580909729,,0.8413930535316467
"生日那天,你的生日快乐了,美丽多了。","生日那天,你的生日快乐了,美丽多了。",,,,,33.333333333333336,24.253562503633297,19.445555936641014,14.879641171245488,,30.701208120493945,,78.75919342041016,,0.5775430202484131
学校附近有什么好吃的饭店?,学校附近有什么好吃的饭店?,,,,,76.92307692307693,62.01736729460425,47.16122463218143,38.058030016749456,,61.53846153841154,,88.71623277664185,,0.7527687549591064
学校附近有什么好吃的饭店?,学校附近有什么好吃的饭店?,,,,,71.22777528017816,57.42566831466844,43.669458430507284,35.24025452531097,,59.09734871479285,,89.15331959724426,,0.7663381695747375
今天晚上吃面条和饺子。,今天晚上吃面条和饺子。,,,,,81.81818181818183,49.54336943068622,0.0,0.0,,45.454545454495445,,88.5221004486084,,0.8162432312965393
今天晚上吃面条和饺子。,今天晚上吃面条和饺子。,,,,,81.81818181818183,49.54336943068622,0.0,0.0,,45.454545454495445,,88.5221004486084,,0.8162432312965393
靠近窗户的位置不能选择手机。,靠近窗户的位置不能选择手机。,,,,,85.7142857142857,72.62730392025632,64.12931728234616,55.6492465767063,,81.25885448284133,,91.87934994697571,,0.8020827770233154
玻璃窗的位置不能选择手机。,玻璃窗的位置不能选择手机。,,,,,67.17807104613435,47.140831872888334,25.218930520077315,0.0,,33.76767837276793,,84.70834493637085,,0.42231667041778564
请问我的行李怎么拿?,请问我的行李怎么拿?,,,,,19.999999999999996,14.907119849998592,0.0,0.0,,21.693121693055346,,79.64544296264648,,0.5706381797790527
请问我的行李怎么拿?,请问我的行李怎么拿?,,,,,40.0,29.814239699997188,0.0,0.0,,19.999999999950003,,82.150799036026,,0.6158932447433472
"上海的火车很多,我不知道哪里有地铁。","上海的火车很多,我不知道哪里有地铁。",,,,,72.22222222222223,50.48781642974013,31.702564616533525,21.468316165048364,,55.555555555505556,,88.79871368408203,,0.6779683828353882
"上海的火车很多,我不知道哪里有地铁。","上海的火车很多,我不知道哪里有地铁。",,,,,68.31929497659974,47.75942801613924,29.989341187638466,20.308156957811676,,53.97525805684634,,88.20872902870178,,0.6657087802886963
"机场离我家远,可以打车去机场。","机场离我家远,可以打车去机场。",,,,,79.99999999999997,63.245553203367585,49.742263463943225,41.882168504198276,,61.92188266050902,,87.58618831634521,,0.6566826701164246
"机场离我家远,打车去机场。","机场离我家远,打车去机场。",,,,,85.47333033621375,67.9469670694788,53.76917794624825,45.58569120719875,,66.48451730414725,,90.41595458984375,,0.6626991033554077
乘坐高铁从合肥到北京乘坐舒服的高铁。,乘坐高铁从合肥到北京乘坐舒服的高铁。,,,,,72.22222222222223,65.1794907395869,59.66651102417381,56.11121564750131,,72.22222222217222,,85.90181469917297,,0.6736953258514404
乘坐高铁从合肥到北京乘坐舒服的高铁。,乘坐高铁从合肥到北京乘坐舒服的高铁。,,,,,72.22222222222223,65.1794907395869,59.66651102417381,56.11121564750131,,72.22222222217222,,85.90181469917297,,0.6736953258514404
附近有很多好吃的饭店。,附近有很多好吃的饭店。,,,,,91.31007162822628,81.67021087643552,74.04883998308637,69.38065088252932,,77.96665576981866,,94.27028298377991,,0.8546758890151978
"服务员,杯子拿去,餐巾纸拿去。","服务员,杯子拿去,餐巾纸拿去。",,,,,53.33333333333335,39.03600291794134,28.620185370050958,0.0,,53.33333333328333,,83.67757201194763,,0.6406756043434143
"我喜欢喝茶,喜欢吃甜食。","我喜欢喝茶,喜欢吃甜食。",,,,,49.37810061861915,27.56732577905525,18.598116100429973,0.0,,38.01431127009201,,82.10601210594177,,0.618248701095581
"今天的水果很新鲜,买一个西瓜回家。","今天的水果很新鲜,买一个西瓜回家。",,,,,94.11764705882351,90.74852129730301,87.01411359578226,82.82477531331043,,94.11764705877353,,99.42285418510437,,0.9627542495727539
"喝酒少吃点菜,吃饱饭就回家。","喝酒少吃点菜,吃饱饭就回家。",,,,,71.42857142857146,46.880723093849554,26.35941610004862,0.0,,49.99999999995,,86.10584735870361,,0.6720877289772034
"我妻子最近喝酸饮料喜欢,好儿子是。","我妻子最近喝酸饮料喜欢,好儿子是。",,,,,66.55575133093234,48.51042304199408,24.547694524676203,0.0,,39.9348534201514,,81.49515986442566,,0.4631556272506714
我吃完饭后身体不舒服。,我吃完饭后身体不舒服。,,,,,54.54545454545453,40.45199174779453,33.1300762471962,25.965358893403383,,49.029126213526894,,82.84869194030762,,0.726317822933197
我开车去高铁站接受儿子。,我开车去高铁站接受儿子。,,,,,91.66666666666667,70.71067811865471,53.13292845913055,35.93041119630842,,69.30369401759489,,91.20444059371948,,0.8050602078437805
你们夫妻今年准备去哪里旅游?,你们夫妻今年准备去哪里旅游?,,,,,61.91984998215586,49.77346350696288,41.521923794839765,36.068636536567034,,52.86549707598783,,88.84515762329102,,0.8403540849685669
"你喜欢裙子,我给你拿一条试裙子,可以吗?","你喜欢裙子,我给你拿一条试裙子,可以吗?",,,,,70.00000000000003,47.01623459816274,23.07142369081295,0.0,,35.85032640145262,,80.2403211593628,,0.687515914440155
我给儿子买了一条打折的裤子。,我给儿子买了一条打折的裤子。,,,,,79.80538111748766,63.25326016834167,45.32748273584199,35.4344152174539,,55.04167347601542,,88.11513185501099,,0.8060362339019775
"我拿一条裤子,怎么付钱?","我拿一条裤子,怎么付钱?",,,,,35.82656552868946,26.459672205570914,0.0,0.0,,27.47252747250878,,82.14268088340759,,0.6113812923431396
你男朋友的左边那个男生是谁最漂亮?,你男朋友的左边那个男生是谁最漂亮?,,,,,50.66024564777082,43.449155455142545,34.674065192495384,25.062378014431076,,41.54880717296014,,84.73508954048157,,0.6269053816795349
"弟弟喜欢踢足球,身体健康。","弟弟喜欢踢足球,身体健康。",,,,,71.22777528017816,57.42566831466844,43.669458430507284,35.24025452531097,,59.09734871479285,,85.58236956596375,,0.7680324912071228
"听人到你们学校学习手语,要多少钱?","听人到你们学校学习手语,要多少钱?",,,,,88.23529411764704,77.88566280509036,68.64958603041043,61.02169202557915,,76.4705882352441,,93.06216835975647,,0.8057346940040588
找聋人朋友学习手语。,找聋人朋友学习手语。,,,,,74.08182206817182,60.48755442755847,51.36546655540457,41.154215810165745,,50.48482952766089,,85.98565459251404,,0.7320697903633118
可以用手机学习手语。,可以用手机学习手语。,,,,,90.0,70.71067811865471,39.68502629920498,0.0,,62.81087333712975,,89.20378088951111,,0.7465943098068237
"朋友在银行工作,他想去贷款。","朋友在银行工作,他想去贷款。",,,,,66.5044842645731,57.742062383239585,46.947675923290205,36.380163164158446,,55.04167347601542,,87.25391030311584,,0.585868775844574
"妈妈,我新买的手表了,我想买手表。","妈妈,我新买的手表了,我想买手表。",,,,,61.009438720021286,32.84171165152474,0.0,0.0,,34.229874360123496,,81.04304671287537,,0.45855647325515747
"爷爷年龄大,喜欢去爬山。","爷爷年龄大,喜欢去爬山。",,,,,83.33333333333334,61.54574548966636,33.58396931069925,0.0,,60.64073226538829,,91.55503511428833,,0.802625834941864
我介绍他是我的乒乓球老师。,我介绍他是我的乒乓球老师。,,,,,79.14497715327147,71.3403183303866,65.24095380052769,61.47866169105672,,70.71069633880256,,90.25151133537292,,0.688834011554718
"工作很累,喝咖啡吧。","工作很累,喝咖啡吧。",,,,,57.31115271545876,32.29117637391049,0.0,0.0,,44.721407624603366,,81.32632970809937,,0.7812656164169312
晚上乘坐公交车从学校回家的人很多。,晚上乘坐公交车从学校回家的人很多。,,,,,82.35294117647057,71.7430053979439,59.048160709195415,45.83034067124107,,55.81563706557624,,88.70136737823486,,0.7810766696929932
"蛋糕太甜了,对身体不好。","蛋糕太甜了,对身体不好。",,,,,77.59415811497296,69.11494341909903,62.36930675040936,54.96509142160034,,76.02862254021723,,92.11779236793518,,0.7874040007591248
警察要检查你的身份证。,警察要检查你的身份证。,,,,,91.31007162822628,76.39548695130017,61.87148276228836,48.22059513526159,,51.97777051319886,,89.83902931213379,,0.866951048374176
"儿子很瘦,叫他在学校吃多。","儿子很瘦,叫他在学校吃多。",,,,,56.54934466089882,37.225335888568615,26.458293503685816,19.209413468550956,,38.64978902951517,,84.35792922973633,,0.64797443151474
"今天天气很好,爸爸和爷爷去跑步。","今天天气很好,爸爸和爷爷去跑步。",,,,,82.19864299617916,64.17412935699333,47.9920727298456,35.55191016625008,,66.5445665445229,,92.88580417633057,,0.818607747554779
"他姐姐是老师,平时开车去学校。","他姐姐是老师,平时开车去学校。",,,,,81.07727203607357,65.8345781125718,49.967842241685254,37.345810814534794,,70.82050595632138,,94.54715251922607,,0.7846836447715759
我忘记把护照带回家。,我忘记把护照带回家。,,,,,60.32880414320754,42.394762134830835,24.6948016376537,0.0,,63.247863247849345,,87.4331533908844,,0.7569711208343506
"我爷爷要求年龄大,不能和飞机打架。","我爷爷要求年龄大,不能和飞机打架。",,,,,52.94117647058824,31.506301890630215,18.774477834581877,0.0,,52.94117647053823,,82.11979866027832,,0.3630451560020447
"买一张去一票,就不能去汽车站来两个票。","买一张去一票,就不能去汽车站来两个票。",,,,,42.10526315789474,26.490647141300876,0.0,0.0,,35.11484098933006,,76.11303925514221,,0.49414128065109253
"开车时,我闯红绿灯,过后才行。","开车时,我闯红绿灯,过后才行。",,,,,40.0,23.90457218668787,16.380966908806922,0.0,,28.284278535472772,,77.98221707344055,,0.46502524614334106
"因为天气不好,飞机取消了。","因为天气不好,飞机取消了。",,,,,61.538461538461554,55.470019622522905,48.18678837182909,38.67706276352344,,61.53846153841154,,94.33658719062805,,0.8564128279685974
火车卧铺票我买不起。,火车卧铺票我买不起。,,,,,72.38699344287673,60.322494535730584,54.80662351594018,50.26587270045526,,75.84727584723602,,91.1375343799591,,0.8125432133674622
"我在家吃早饭,我在学校午饭。","我在家吃早饭,我在学校午饭。",,,,,29.358759007975323,24.876220987260854,20.670327206172693,16.947817429024994,,35.56170278162925,,81.29221796989441,,0.6795894503593445
我们公司中午饭店的午饭味道怎么样?,我们公司中午饭店的午饭味道怎么样?,,,,,58.82352941176469,46.96682183138621,35.33492013153965,28.175950490399515,,51.53305203931324,,87.91618943214417,,0.7314493060112
你公司午饭味道怎么样?,你公司午饭味道怎么样?,,,,,49.80549361539612,30.158724076130884,0.0,0.0,,51.97777051319886,,85.76983213424683,,0.8685417175292969
"今天菜真咸,我想喝饮料。","今天菜真咸,我想喝饮料。",,,,,70.5401437408845,57.069786249889994,47.954572438100946,41.99973984488548,,76.02862254021723,,90.6502902507782,,0.8391435742378235
"今天菜真咸,我想喝饮料。","今天菜真咸,我想喝饮料。",,,,,70.5401437408845,57.069786249889994,47.954572438100946,41.99973984488548,,76.02862254021723,,90.6502902507782,,0.8391435742378235
"这个菜太辣了,多喝点水。","这个菜太辣了,多喝点水。",,,,,63.48612936679603,54.14115303858348,46.29963063228818,36.964463979752836,,68.42576028619216,,89.0777587890625,,0.7798435091972351
"这个菜太辣了,你要喝点水。","这个菜太辣了,你要喝点水。",,,,,59.358732864953616,41.18835199212229,23.647244226227418,0.0,,63.63962670491886,,90.91297388076782,,0.7954329252243042
"今天妹妹的生日,我做鱼。","今天妹妹的生日,我做鱼。",,,,,77.59415811497296,64.65110964513372,52.11265278949999,40.39323667732871,,68.42576028619216,,90.10571837425232,,0.7896974682807922
"今天妹妹生日,我做鱼。","今天妹妹生日,我做鱼。",,,,,69.20912606335213,51.32686160042453,28.14066267688062,0.0,,77.7914110429212,,90.1185929775238,,0.8152121901512146
"服务员,您不在哪儿?","服务员,您不在哪儿?",,,,,45.24187090179797,36.93983290609162,24.897561053603276,0.0,,28.442728442688605,,80.30354976654053,,0.3847729563713074
"服务员,洗手间在哪里?","服务员,洗手间在哪里?",,,,,48.446388244346494,42.943133388521986,36.03634631295454,25.832835579056727,,31.11656441715434,,83.32409858703613,,0.5882107615470886
"我妻子感冒了,我开车送她去医院。","我妻子感冒了,我开车送她去医院。",,,,,72.54004784078505,52.97576069986919,36.804913579675855,0.0,,39.424920127764295,,89.01655673980713,,0.8355563879013062
"你去超市买伞,我在钱袋里等你。","你去超市买伞,我在钱袋里等你。",,,,,73.33333333333334,56.0611910581388,28.915259628768926,0.0,,59.99999999994999,,91.53001308441162,,0.6111274361610413
"你去超市买伞,我在这儿等你。","你去超市买伞,我在这儿等你。",,,,,73.1549326910304,56.068022552433774,29.000761345841166,0.0,,61.9218826605227,,90.42003750801086,,0.7494682669639587
我下班之后去超市买点水果和果汁回家。,我下班之后去超市买点水果和果汁回家。,,,,,72.22222222222223,54.53307445166033,38.20384543252682,24.692069728555516,,68.45974872027963,,88.5574996471405,,0.8038303256034851
"这个商店的水果便宜,我想买香蕉。","这个商店的水果便宜,我想买香蕉。",,,,,77.21847897615213,67.40181427763304,61.18891769865432,55.26941281008063,,81.78887993549853,,95.8652913570404,,0.8189356923103333
"这个商店的水果便宜,我想买香蕉。","这个商店的水果便宜,我想买香蕉。",,,,,56.494246062440574,44.10619108280651,32.984437054179466,24.43444669780345,,33.78835393222735,,88.65723013877869,,0.6441922187805176
巧克力吃多了对身体不好。,巧克力吃多了对身体不好。,,,,,71.39007178154544,59.481892328593254,51.64821448992712,43.48783281197403,,65.07936507933955,,85.67789196968079,,0.6455155611038208
巧克力吃多了对身体不好。,巧克力吃多了对身体不好。,,,,,65.68203680259735,50.66641486392103,41.90300524205341,32.89951859693162,,61.81318681316811,,83.79580974578857,,0.6407260298728943
"爸爸妈妈过生日,你应该起床做早饭。","爸爸妈妈过生日,你应该起床做早饭。",,,,,70.58823529411764,55.57189302262111,39.52878442048272,0.0,,58.8235294117147,,90.54888486862183,,0.706544816493988
"天气太冷了,我们去打篮球吧。","天气太冷了,我们去打篮球吧。",,,,,80.49580497680256,73.26455453039866,64.74717891043286,57.18728129629848,,85.90643274850247,,96.81252241134644,,0.920514702796936
"天气太冷了,我们去打篮球吧。","天气太冷了,我们去打篮球吧。",,,,,92.85714285714283,84.51542547285166,78.089666561908,71.38957847176475,,57.14285714280714,,94.17386054992676,,0.9250098466873169
"我的爷爷会打手语,他和聋人朋友很多。","我的爷爷会打手语,他和聋人朋友很多。",,,,,77.77777777777777,60.499014198202,45.062180373596036,33.23485859915788,,52.57856567278418,,89.60338234901428,,0.6480123996734619
"病人做手术不能出院,护士会照顾他们。","病人做手术不能出院,护士会照顾他们。",,,,,79.54127260572176,64.70596755689154,51.98623099530312,42.79023746462418,,68.04511278191617,,90.27810096740723,,0.7485697865486145
"护士会照顾病人做手术不能出院,护士会照顾他们。","护士会照顾病人做手术不能出院,护士会照顾他们。",,,,,69.56521739130434,56.23215571155334,44.87114383241678,36.66340989897011,,59.88496057910214,,84.31409001350403,,0.6132413744926453
"我今天去爬山,晚上回家吃饭。","我今天去爬山,晚上回家吃饭。",,,,,86.45582954394496,70.38173057386742,53.57052029930213,40.165064373431115,,82.56251021404451,,94.50706243515015,,0.8566248416900635
"我有两件红色的衣服,一件红色的、一件黄色的。","我有两件红色的衣服,一件红色的、一件黄色的。",,,,,77.2727272727273,63.62090102803519,46.59935225242371,27.014473619573895,,69.69209905062614,,92.38722920417786,,0.7702304720878601
"我有两件红色的衣服,一件红色的、一件黄色的。","我有两件红色的衣服,一件红色的、一件黄色的。",,,,,77.2727272727273,63.62090102803519,46.59935225242371,27.014473619573895,,69.69209905062614,,92.38722920417786,,0.7702304720878601
穿黑鞋子的那个男生是我的男朋友。,穿黑鞋子的那个男生是我的男朋友。,,,,,87.50000000000003,68.31300510639734,51.08729549290355,37.844811375918724,,51.50582251366368,,88.65104913711548,,0.7658158540725708
这双黑色鞋子黑色的男生是我的男朋友。,这双黑色鞋子黑色的男生是我的男朋友。,,,,,77.77777777777777,64.1688947919748,53.64881439677033,41.92061018624392,,47.7028347995446,,85.19501090049744,,0.584823489189148
"我女儿没有手机,我只能用手机给朋友发短信。","我女儿没有手机,我只能用手机给朋友发短信。",,,,,63.56646365556513,49.23837102306056,36.50993148388468,22.533049189948738,,37.169119493651145,,86.26161217689514,,0.7759367823600769
"我女儿没有手机,我只能用手机给朋友发短信。","我女儿没有手机,我只能用手机给朋友发短信。",,,,,57.79185998334546,47.48085802958767,39.518237401062606,33.02056718540979,,35.243664717313365,,86.91567778587341,,0.753180980682373
"过年回家多吃蔬菜,不胖。","过年回家多吃蔬菜,不胖。",,,,,39.36387939508456,34.39863370523789,32.248109387730686,30.62879083852164,,53.23505323505553,,87.43294477462769,,0.5536103844642639
"过年回家多吃菜,少吃晚饭,不胖。","过年回家多吃菜,少吃晚饭,不胖。",,,,,64.58464806842647,49.26323661826979,40.23569228076943,34.47205967189252,,60.49506049501683,,89.40627574920654,,0.5470709204673767
"明天考试要带什么,不带手机。","明天考试要带什么,不带手机。",,,,,73.1549326910304,56.068022552433774,36.53866968260288,25.349016762360495,,55.04167347601542,,87.01716661453247,,0.6040951013565063
"明天考试要带什么,不带手机。","明天考试要带什么,不带手机。",,,,,73.1549326910304,56.068022552433774,36.53866968260288,25.349016762360495,,55.04167347601542,,87.01716661453247,,0.6040951013565063
午饭在哪里吃饭?在学校饭店吃饭。,午饭在哪里吃饭?在学校饭店吃饭。,,,,,55.156056411537236,44.12484512922978,33.267814075402995,22.35942642459069,,52.578565672807144,,82.22218155860901,,0.6517710089683533
午饭在哪里吃饭?在学校的饭店。,午饭在哪里吃饭?在学校的饭店。,,,,,54.58205020519881,43.76299957190318,33.0758532431689,22.290676886720046,,53.66568914953006,,80.80757856369019,,0.6518221497535706
牛奶和咖啡可以和咖啡一起喝。,牛奶和咖啡可以和咖啡一起喝。,,,,,78.5714285714286,69.53534953651159,62.29603841549825,57.57575636202256,,70.01226993858324,,89.54918384552002,,0.6108207106590271
老板对我的生日作了充分的高兴。,老板对我的生日作了充分的高兴。,,,,,53.33333333333335,43.64357804719847,30.830160098190383,22.229849552064017,,34.40104592247994,,78.985995054245,,0.5110129117965698
老板对我的处方很满意。,老板对我的处方很满意。,,,,,51.932979731477616,44.472746876928795,34.71789275733511,24.00440113230769,,48.627234199363066,,84.29950475692749,,0.7016003727912903
"上班的时候不能喝酒,老板也不能。","上班的时候不能喝酒,老板也不能。",,,,,81.24999999999997,69.82120021884465,59.33796001378432,50.353378875558576,,64.3822781420936,,90.04945755004883,,0.8650161027908325
"上班的时候不能喝酒,老板也不能。","上班的时候不能喝酒,老板也不能。",,,,,74.99999999999997,59.16079783099615,46.415888336127786,35.218565358232354,,77.25873377052352,,91.88271760940552,,0.8135393261909485
"明天是新年,你要穿一件新的衣服。","明天是新年,你要穿一件新的衣服。",,,,,56.24999999999999,38.72983346207417,22.04555691541846,0.0,,41.20879120872282,,84.13823246955872,,0.7487857937812805
"我不想穿暖衣,我不想买。","我不想穿暖衣,我不想买。",,,,,61.33629430862157,39.23082565559002,24.192898126449922,0.0,,39.872611464926614,,82.87860751152039,,0.5320553183555603
"衣服没给我,我不想买。","衣服没给我,我不想买。",,,,,41.52547563801129,30.79611696025472,20.018666931862025,0.0,,46.6748466257433,,80.47739267349243,,0.3746304512023926
"明天考试完了,放假快乐。","明天考试完了,放假快乐。",,,,,56.43211499270762,41.67787904141721,24.498694123811124,0.0,,45.617173524117035,,81.913822889328,,0.7670827507972717
"明天考试完了,放假很高兴。","明天考试完了,放假很高兴。",,,,,78.35055280819599,65.05426816214626,47.45598196359709,31.54034258618915,,66.48451730414725,,88.3182942867279,,0.8013132214546204
"你很有礼貌,我应该请你吃饭。","你很有礼貌,我应该请你吃饭。",,,,,53.20358741165847,51.64607065998291,49.889350123092484,47.878987327320445,,55.04167347601542,,84.5432698726654,,0.5887675285339355
"你是我的客户,我应该请你吃饭。","你是我的客户,我应该请你吃饭。",,,,,79.99999999999997,75.59289460184542,70.58344672919598,64.75445426291287,,79.99999999995,,92.77281761169434,,0.8412370085716248
"跳舞是另一种运动,对身体好。","跳舞是另一种运动,对身体好。",,,,,85.7142857142857,72.62730392025632,60.34799807023057,44.71018619258421,,59.097348714778185,,90.14533162117004,,0.7946693301200867
"跳舞是种运动,对身体好。","跳舞是种运动,对身体好。",,,,,84.33740467435464,70.26955287933683,56.6414533482013,36.918356747098294,,55.82165605091388,,90.25745987892151,,0.8195326328277588
"老板给我发邮件,让我预定去公司飞机。","老板给我发邮件,让我预定去公司飞机。",,,,,61.1111111111111,46.44203640128239,29.985468634200238,20.590188178457883,,58.42062852532245,,87.76065707206726,,0.7835066318511963
"我儿子出差了,你有什么事,给他发手机。","我儿子出差了,你有什么事,给他发手机。",,,,,57.89473684210525,31.063037209869776,0.0,0.0,,55.2157662248807,,85.42647957801819,,0.7162255048751831
"路口有一只小狗,我有点小。","路口有一只小狗,我有点小。",,,,,65.95414762772627,53.17393377440626,44.50581760125778,35.0644032993456,,70.71069633880256,,88.27620148658752,,0.33453822135925293
"其实,不管她多大,我害怕她。","其实,不管她多大,我害怕她。",,,,,28.57142857142857,14.82498633322202,0.0,0.0,,28.571428571378572,,76.52440667152405,,0.4905070662498474
"下午我吃了很多水果,不想吃晚饭。","下午我吃了很多水果,不想吃晚饭。",,,,,87.50000000000003,76.3762615825974,62.996052494743665,52.66403878479269,,77.25873377052352,,93.80179047584534,,0.8376282453536987
"老板没有给我发邮件,我看没有,他什么时候回复的。","老板没有给我发邮件,我看没有,他什么时候回复的。",,,,,62.50000000000002,40.378642654362416,24.564254155341462,16.299446731288942,,58.13782991195905,,83.33870768547058,,0.5309813618659973
"老板的邮件我没有看到,他什么时候回复的。","老板的邮件我没有看到,他什么时候回复的。",,,,,74.99999999999997,59.603956067926944,42.898873304984015,31.044143558888084,,56.33622720231405,,86.92454695701599,,0.7041586637496948
"我女儿穿了一件裙子,她跳舞是我女儿的。","我女儿穿了一件裙子,她跳舞是我女儿的。",,,,,57.89473684210525,35.868505789931355,0.0,0.0,,45.05705157455965,,80.25462627410889,,0.4233521819114685
穿蓝色裙子的女生是我的女儿。,穿蓝色裙子的女生是我的女儿。,,,,,74.30381997858699,70.39030713782921,65.91194551167206,60.659974333376745,,79.29824561399953,,90.31712412834167,,0.6532161831855774
"今天是阴天,大概会下雨。","今天是阴天,大概会下雨。",,,,,66.66666666666669,55.04818825631805,39.28004879363248,28.646290158800984,,69.30369401759489,,90.65392017364502,,0.8484060168266296
"不用在家看电视,你可以去踢足球。","不用在家看电视,你可以去踢足球。",,,,,68.75000000000001,52.44044240850757,38.91424757884177,25.947507140745756,,45.067594699448705,,84.29563641548157,,0.6764198541641235
"不用在家看电视,我去踢足球。","不用在家看电视,我去踢足球。",,,,,73.1549326910304,56.068022552433774,41.82633558962715,28.05329853308474,,44.33851377821339,,84.73932147026062,,0.6218844056129456
"桌子上有一件衣服,是谁的?","桌子上有一件衣服,是谁的?",,,,,71.22777528017816,62.02681096335704,50.59873369073485,39.355951621009716,,59.09734871479285,,89.90345001220703,,0.7806010246276855
"桌子上有一件衣服,是谁的?","桌子上有一件衣服,是谁的?",,,,,71.22777528017816,62.02681096335704,50.59873369073485,39.355951621009716,,59.09734871479285,,89.90345001220703,,0.7806010246276855
"合肥气温低,骑自行车上课一定要冷。","合肥气温低,骑自行车上课一定要冷。",,,,,77.64837655275439,64.17325768182688,46.95805032142414,34.36539571206492,,68.459748720291,,89.19627666473389,,0.8221505284309387
"合肥气温低,骑自行车上课应该冷。","合肥气温低,骑自行车上课应该冷。",,,,,66.18726769384463,55.814004804221135,46.133227924362785,37.60392305513499,,64.2626913778837,,88.96068334579468,,0.8006250262260437
我丈夫在美国喜欢吃中国菜。,我丈夫在美国喜欢吃中国菜。,,,,,92.30769230769226,83.20502943378438,72.28018255774361,62.34181304540137,,92.30769230764233,,94.4154143333435,,0.8675541281700134
"我丈夫在美国,喜欢吃中国菜。","我丈夫在美国,喜欢吃中国菜。",,,,,69.18152117189051,58.61878591119297,48.70794023873008,39.93614954790575,,76.00888076267208,,92.80567765235901,,0.7942407727241516
"帽子太远了,我服务你。","帽子太远了,我服务你。",,,,,41.52547563801129,25.144924203898324,0.0,0.0,,38.89570552144881,,76.231449842453,,0.17369358241558075
黑帽子在与我们服务员打交道。,黑帽子在与我们服务员打交道。,,,,,57.14285714285717,36.31365196012816,22.232392577061862,0.0,,49.99999999995,,79.03305292129517,,0.3461102545261383
我明天去超市买点面包给爷爷。,我明天去超市买点面包给爷爷。,,,,,92.85714285714283,75.59289460184542,61.97980942410931,50.480055043434,,85.7142857142357,,93.92642378807068,,0.8576614260673523
人对癌症的患病率大致会增加。,人对癌症的患病率大致会增加。,,,,,26.601793705829223,0.0,0.0,0.0,,20.640627553479067,,75.92570781707764,,0.6103417277336121
人对癌症的患病率大致不会增加。,人对癌症的患病率大致不会增加。,,,,,24.94685293417648,0.0,0.0,0.0,,12.876455628386699,,77.56597399711609,,0.42323219776153564
"小女孩艾滋病被奇迹般地治愈了,效果是做手术。","小女孩艾滋病被奇迹般地治愈了,效果是做手术。",,,,,27.272727272727277,11.396057645963799,0.0,0.0,,27.87683962021779,,72.51585721969604,,0.4492626190185547
治疗白内障的最佳效果主要是手术切除白内障。,治疗白内障的最佳效果主要是手术切除白内障。,,,,,52.38095238095239,39.64124835860459,32.102117388600234,24.62292439135324,,48.72255373379623,,85.21102666854858,,0.7550984025001526
"忙忙碌了一天,晚上就睡觉了,前还要看书、看文章。","忙忙碌了一天,晚上就睡觉了,前还要看书、看文章。",,,,,23.884377019126312,12.199039152381264,0.0,0.0,,24.038461538442846,,72.94875383377075,,0.5032144784927368
"忙忙碌了一天,晚上就睡觉了,之前写的小说也做完了。","忙忙碌了一天,晚上就睡觉了,之前写的小说也做完了。",,,,,30.231349658229018,13.798660126365109,0.0,0.0,,27.260140929450305,,72.04636931419373,,0.568913459777832
"行人通过斑马线时要小心行人,防止行车。","行人通过斑马线时要小心行人,防止行车。",,,,,15.931211137222776,11.57375656589396,9.263895236679081,7.075840205551629,,20.970550382315313,,70.20469307899475,,0.2577936351299286
过街走斑马线是一种很安全的行为。,过街走斑马线是一种很安全的行为。,,,,,43.74999999999999,29.580398915498076,18.420157493201934,0.0,,27.78699097100133,,74.60208535194397,,0.4576449990272522
"过街走斑马线是条相互平行的道路,十分安全。","过街走斑马线是条相互平行的道路,十分安全。",,,,,33.333333333333336,22.360679774997894,13.806135595834629,0.0,,21.22356495462129,,73.42649698257446,,0.43520867824554443
大多数笔记本电脑都有蓝牙功能。,大多数笔记本电脑都有蓝牙功能。,,,,,57.32250484590312,51.38512331289965,46.704087237385956,41.7611211349966,,65.93406593404724,,91.23313426971436,,0.8118555545806885
大多数笔记本电脑都有蓝牙功能。,大多数笔记本电脑都有蓝牙功能。,,,,,60.04025522571868,49.576609089341176,42.61610931343265,35.477305389018234,,41.73998044962781,,85.06239652633667,,0.8157349824905396
老师讲了蓝牙技术常见的贷款和试用过程。,老师讲了蓝牙技术常见的贷款和试用过程。,,,,,34.54502923530738,25.096381906393837,16.942629859182183,0.0,,41.0669881696808,,81.31916522979736,,0.3656926155090332
探讨蓝牙技术原来的痛和实践过程。,探讨蓝牙技术原来的痛和实践过程。,,,,,30.1084553541932,20.73058598521241,11.800136287043589,0.0,,34.40383905499987,,77.90720462799072,,0.36216336488723755
这家公司在蓝牙设计秘诀中改变了蓝牙的使用。,这家公司在蓝牙设计秘诀中改变了蓝牙的使用。,,,,,42.85714285714285,35.856858280031815,30.025041747854356,23.41812326184748,,43.85029836041114,,79.72754836082458,,0.3176965117454529
这家公司在蓝牙设计上秘密维修身体。,这家公司在蓝牙设计上秘密维修身体。,,,,,44.37653465768823,34.094286178096276,26.910245869560285,21.97878540279269,,48.021373809307136,,79.77163195610046,,0.3410337269306183
"这个程序不用关掉,可以帮我节约流量。","这个程序不用关掉,可以帮我节约流量。",,,,,53.38249352778721,35.4572481715921,23.259661713795545,0.0,,49.029126213564226,,82.40985870361328,,0.6124050617218018
"这个过程不用排队,可以帮助我们节约流量。","这个过程不用排队,可以帮助我们节约流量。",,,,,54.29024508215756,42.542048319574505,33.138405687484486,24.94805048948416,,47.40454740450756,,82.78632164001465,,0.4980488419532776
"医生对症下药,检查身体。","医生对症下药,检查身体。",,,,,26.65664362298983,17.04964654817294,0.0,0.0,,33.90428211587513,,76.86992287635803,,0.35640883445739746
医生对病人的体温和脉搏进行了检查。,医生对病人的体温和脉搏进行了检查。,,,,,49.59660159974084,39.045841377140064,30.568863972749284,25.608708576873774,,43.10304449646989,,82.8791856765747,,0.7784984707832336
上海公司的人拍照的身份证复印不好。,上海公司的人拍照的身份证复印不好。,,,,,46.76330367486537,34.084321771522816,24.87543723560814,16.42817227606757,,50.78187543362086,,79.94436621665955,,0.26379653811454773
上海公司可以表示身份证复印不好。,上海公司可以表示身份证复印不好。,,,,,37.908166232039605,30.32653298563168,22.86461194283588,15.367394061536741,,46.428571428563586,,75.63342452049255,,0.16812361776828766
每个人都在生活中会遇到感动的事情。,每个人都在生活中会遇到感动的事情。,,,,,83.82234324230002,75.55643914741376,65.97073721908514,54.14569648466923,,69.364206613458,,93.9051866531372,,0.8074816465377808
每个人都在生活中会遇到感动的事情。,每个人都在生活中会遇到感动的事情。,,,,,83.82234324230002,75.55643914741376,65.97073721908514,54.14569648466923,,69.364206613458,,93.9051866531372,,0.8074816465377808
"困难运动员是运动员,努力学习、刻苦训练,不是我们的榜样。","困难运动员是运动员,努力学习、刻苦训练,不是我们的榜样。",,,,,46.42857142857143,37.08990935094579,27.660884445541463,17.057467191272078,,39.246467817828,,80.44021725654602,,0.46312499046325684
困难运动员不是我们学习的榜样。,困难运动员不是我们学习的榜样。,,,,,58.09440398975543,50.03403070564166,42.62591313673959,36.26982915013052,,36.89458689457299,,83.65618586540222,,0.52390056848526
"你不要给别人做榜样,不好。","你不要给别人做榜样,不好。",,,,,32.977073813863136,21.708167560640014,0.0,0.0,,28.284278535500345,,76.79705619812012,,0.6770849823951721
做起事情时要做好最保险的准备。,做起事情时要做好最保险的准备。,,,,,40.0,29.277002188455995,23.62544248544665,18.20705281109213,,36.76158096040717,,75.18948912620544,,0.6644569635391235
这种情况是比较保险的。,这种情况是比较保险的。,,,,,54.54545454545453,40.45199174779453,33.1300762471962,25.965358893403383,,56.88545688539829,,82.1284294128418,,0.695854663848877
"看到病床上缠着绷带的儿子,父亲心里暖洋洋的。","看到病床上缠着绷带的儿子,父亲心里暖洋洋的。",,,,,59.09090909090908,55.634864026418654,53.68933466474012,52.03412353479889,,60.399819177202076,,83.26370120048523,,0.6786510944366455
"看到病床上缠着儿子的绷带,家属们感动不已。","看到病床上缠着儿子的绷带,家属们感动不已。",,,,,66.66666666666669,51.63977794943224,41.24725439385678,35.338096752781205,,52.38095238090238,,86.6113007068634,,0.6955828666687012
"他是妈妈做的笔记本电脑,我还没打开。","他是妈妈做的笔记本电脑,我还没打开。",,,,,42.3240862445307,32.46109233451163,28.1467302944017,24.78750753642975,,45.617173524117035,,76.90902948379517,,0.2108641266822815
他把笔记本电脑在笔记本电脑上做启动了。,他把笔记本电脑在笔记本电脑上做启动了。,,,,,47.368421052631575,28.097574347450823,16.683848809418855,0.0,,42.10526315784474,,73.38311672210693,,0.19933821260929108
他对自己的标志非常严格。,他对自己的标志非常严格。,,,,,53.669257520043864,29.963038023726117,20.214367703023306,0.0,,55.82165605091388,,83.12289714813232,,0.6819174885749817
"你没有标准的午饭标准,你还要接受锻炼。","你没有标准的午饭标准,你还要接受锻炼。",,,,,36.84210526315789,14.306584587982533,0.0,0.0,,38.65103635739857,,79.78757619857788,,0.29961925745010376
"抱怨是没有标准的,你再锻炼也徒劳无益。","抱怨是没有标准的,你再锻炼也徒劳无益。",,,,,26.31578947368421,12.091270835166858,0.0,0.0,,15.789473684160527,,74.46656227111816,,0.46369361877441406
王老师工作以产品的标准升高。,王老师工作以产品的标准升高。,,,,,37.57386465376429,20.84223009638325,0.0,0.0,,30.317164179081995,,75.71815252304077,,0.35700905323028564
"他是我找的结婚标准,他适合我吗?","他是我找的结婚标准,他适合我吗?",,,,,37.5,15.811388300841893,0.0,0.0,,41.20879120872282,,76.21111273765564,,0.3615770936012268
他是我找的最适合他的妻子的标准。,他是我找的最适合他的妻子的标准。,,,,,43.74999999999999,17.07825127659933,0.0,0.0,,34.34065934059094,,76.34472250938416,,0.3224050998687744
"伤员们现在没有受伤,伤员们没有受伤。","伤员们现在没有受伤,伤员们没有受伤。",,,,,22.22222222222222,11.433239009500591,0.0,0.0,,24.560966496381344,,74.91304278373718,,0.35441291332244873
"伤员被诊断为无伤,没有受伤。","伤员被诊断为无伤,没有受伤。",,,,,14.285714285714283,0.0,0.0,0.0,,14.285714285664286,,73.50691556930542,,0.37252533435821533
"祖国到处都是变化,变化无常。","祖国到处都是变化,变化无常。",,,,,30.959924991077912,24.886731753481435,20.760961897419904,16.295846120958622,,33.04093567247908,,74.43941831588745,,0.42817527055740356
文化交流是沟通不同国家的文化的一种桥梁。,文化交流是沟通不同国家的文化的一种桥梁。,,,,,59.999999999999986,39.7359707119513,25.984142030594477,17.92334464048543,,35.85032640145262,,81.63427114486694,,0.774899423122406
文化交流是沟通不同国家的文化的一种桥梁。,文化交流是沟通不同国家的文化的一种桥梁。,,,,,59.999999999999986,47.01623459816272,36.623602237200494,27.57185986366082,,56.33622720231405,,85.03268361091614,,0.788600742816925
"请我休息好,一会儿天气再变化,我估计会下雨。","请我休息好,一会儿天气再变化,我估计会下雨。",,,,,51.55831276046594,32.72756663192539,0.0,0.0,,37.989571042478936,,81.01487755775452,,0.6312065720558167
"让我好好休息一下,可以随时随机应变,估计明天会下雨。","让我好好休息一下,可以随时随机应变,估计明天会下雨。",,,,,49.99999999999999,37.41657386773941,28.575396274377987,23.48781140011496,,43.10412336972424,,79.90005016326904,,0.6190482974052429
表演书的预报上不变化。,表演书的预报上不变化。,,,,,21.075573773993074,11.052124127213364,0.0,0.0,,26.265214606016286,,77.42671966552734,,0.36526450514793396
"跳舞的书是书,应该从这个阶段处理,不要变来变去。","跳舞的书是书,应该从这个阶段处理,不要变来变去。",,,,,20.833333333333332,0.0,0.0,0.0,,23.082670651582625,,69.96366381645203,,0.14274704456329346
"我上课的教室没有固定,现在变多了,明天去看一下。","我上课的教室没有固定,现在变多了,明天去看一下。",,,,,57.50277591433272,40.126742391514576,27.234854426114698,17.24809630093877,,43.85987261142344,,80.05680441856384,,0.49758023023605347
"我上课的教室没有固定,现在改成了固定的,明天是固定的。","我上课的教室没有固定,现在改成了固定的,明天是固定的。",,,,,51.85185185185186,39.94297930101854,29.44423652357998,18.05915447393609,,41.47991089395855,,81.82784914970398,,0.6184830665588379
我的交通卡在局部挂失了。,我的交通卡在局部挂失了。,,,,,25.3515621629129,17.334471829427404,13.771451537525126,10.597322331771384,,35.520361990954655,,78.96347045898438,,0.5849241018295288
我交通卡早挂失了。,我交通卡早挂失了。,,,,,28.612845424445513,11.470656904178307,0.0,0.0,,24.691358024698765,,78.39710712432861,,0.465689480304718
"请你看下这张挂失要求填表,并核对一下挂失请求。","请你看下这张挂失要求填表,并核对一下挂失请求。",,,,,43.478260869565226,19.881069312188604,0.0,0.0,,36.21429904791636,,78.39396595954895,,0.6985292434692383
"请看下每一项挂失请求的填表,并核对一下。","请看下每一项挂失请求的填表,并核对一下。",,,,,50.62205089964131,28.80953529332411,15.313535165165353,0.0,,34.70899470896918,,80.09651899337769,,0.6846744418144226
"我喜欢听紧张的程序,害怕害怕,喜欢有的时候会感动。","我喜欢听紧张的程序,害怕害怕,喜欢有的时候会感动。",,,,,40.0,25.819888974716118,17.96402428624494,12.740810460323607,,29.98473037042548,,77.43712663650513,,0.29022690653800964
"我喜欢听朋友的紧张故事,我喜欢有的时候会害怕。","我喜欢听朋友的紧张故事,我喜欢有的时候会害怕。",,,,,52.173913043478265,37.72167680771589,27.291536056118634,17.855149299161596,,54.32144857190367,,82.43885040283203,,0.4438493847846985
"我害怕走办公室,害怕进办公室,害怕老板不会。","我害怕走办公室,害怕进办公室,害怕老板不会。",,,,,44.98593194117889,28.555629660424284,18.378631811987717,12.558434228389816,,42.78527607359606,,77.6719868183136,,0.33435285091400146
"我害怕走办公室,害怕进办公室,害怕老板哭。","我害怕走办公室,害怕进办公室,害怕老板哭。",,,,,45.407889986914284,31.37000809050881,20.785215379634163,14.42073025647924,,48.460038986319226,,78.66178154945374,,0.44443243741989136
"在这个阶段,我集中好时间复习段考试。","在这个阶段,我集中好时间复习段考试。",,,,,59.655954454291326,39.62415095686675,20.630749442451506,0.0,,52.34239444761888,,83.68030190467834,,0.6160647869110107
请帮我集中好时间复习考试。,请帮我集中好时间复习考试。,,,,,43.63706676438829,30.27926606662024,17.38407013238199,0.0,,40.96731448762249,,80.57635426521301,,0.6497436761856079
