text_ids,original_i2t,reordered_i2t
"He is old, four years.",80.48476600646973,78.64014434814453
What is today’s day?,70.26960563659668,66.27498817443848
I want to eat noodles today.,89.9697494506836,90.84958267211914
When did you know and Xiao Zhang?,79.10655689239502,78.98887729644775
I want to buy a chair at the supermarket; are you going too?,81.14472770690918,81.25913619995117
I want to buy a chair at the supermarket; are you going too?,81.14472770690918,81.25913619995117
"In the afternoon, what do they do?",77.45565128326416,79.03864479064941
When do they want chairs to buy?,84.1512451171875,83.55181884765625
I get up at 6 o'clock every day.,76.59175968170166,75.35930824279785
He is tired of returning each day.,84.58714962005615,75.149169921875
He is tired of returning each day.,84.58714962005615,75.149169921875
Is this your watch?,70.51447772979736,71.2739143371582
Is this your watch?,70.51447772979736,71.2739143371582
What is the cost to purchase this watch?,73.88224506378174,61.27719688415527
Can you see my cup?,77.74482345581055,75.21448516845703
Can you see my cup?,77.74482345581055,75.21448516845703
Here are a few cups; which one is yours?,57.74092102050781,61.996665954589844
"The room on the left belongs to my father and mother, and it is large.",77.5212869644165,68.47892379760742
"The room on the left belongs to my father and mother, and it is large.",77.5212869644165,68.47892379760742
Who sent the WeChat.,73.53755760192871,74.72783184051514
Who sent the WeChat.,73.53755760192871,74.72783184051514
He started playing football when?,79.76470947265625,75.29177665710449
He started playing football when?,79.76470947265625,75.29177665710449
Did you purchase Apple?,73.03355407714844,73.70174026489258
Did you purchase Apple?,73.03355407714844,73.70174026489258
How about we go to a restaurant at night?,86.00669479370117,86.84638023376465
How about this dress? Look at me.,73.4710807800293,73.09185981750488
Today's weather is a bit cold.,83.0640640258789,86.0833387374878
"Yesterday, I was a little tired.",80.11515808105469,80.03199863433838
"This month, I swim every day.",77.75677299499512,77.18435668945312
"This month, I swim every day.",77.75677299499512,77.18435668945312
"He went to see his classmate, no.",76.32479095458984,72.01058006286621
"He went to see his classmate, no.",76.32479095458984,72.01058006286621
"Yes, there is a restaurant not far from here, and it will take a few minutes to arrive.",77.14425563812256,73.99179363250732
"Yes, there is a restaurant not far from here, and it will take a few minutes to arrive.",77.14425563812256,73.99179363250732
"Why doesn't she take a taxi, since the company is far away from home?",79.62063407897949,67.19193840026855
"Why doesn't she take a taxi, since the company is far away from home?",79.62063407897949,67.19193840026855
How about these new red clothes?,76.87499713897705,80.96910285949707
How about these new red clothes?,76.87499713897705,80.96910285949707
Is the girl with the mobile phone on the left your girlfriend?,74.95497989654541,71.5460901260376
Is the girl with the mobile phone on the left your girlfriend?,74.95497989654541,71.5460901260376
I get up later than you.,66.44718170166016,51.437225341796875
I get up later than you.,66.44718170166016,51.437225341796875
"It's really cold today, it's snowing.",83.2452564239502,78.97579956054688
"It's really cold today, it's snowing.",83.2452564239502,78.97579956054688
"That boy, I don't know.",63.7671537399292,68.81403160095215
The New Year is coming so fast that time is.,77.09115695953369,73.59213161468506
The New Year is coming so fast that time is.,77.09115695953369,73.59213161468506
"All the time, that can't go online.",69.71147537231445,67.91533279418945
"All the time, that can't go online.",69.71147537231445,67.91533279418945
"The bread, fruit, and tea are ready. What else should we bring?",84.4471263885498,83.87997722625732
"The bread, fruit, and tea are ready. What else should we bring?",84.4471263885498,83.87997722625732
"Yesterday afternoon, I was ready.",63.35100936889648,60.528388023376465
"Yesterday afternoon, I was ready.",63.35100936889648,60.528388023376465
"I am so fat, you see, what should I do?",75.57621574401855,68.12873554229736
"I am so fat, you see, what should I do?",75.57621574401855,68.12873554229736
What exercise did you do? You are not thin at all.,65.43703842163086,59.619842529296875
What exercise did you do? You are not thin at all.,65.43703842163086,59.619842529296875
"What happens tomorrow? On a cloudy day, what's wrong with the TV that it is showing cloudy weather?",69.72033405303955,68.31283187866211
"What happens tomorrow? On a cloudy day, what's wrong with the TV that it is showing cloudy weather?",69.72033405303955,68.31283187866211
"I have something to do, so I don't go to climb the mountain.",79.03118801116943,68.23855781555176
"I have something to do, so I don't go to climb the mountain.",79.03118801116943,68.23855781555176
"You already have two such pants, I remember.",81.94174194335938,74.75448799133301
"You already have two such pants, I remember.",81.94174194335938,74.75448799133301
How about these pants?,91.17180633544922,91.01664924621582
How about these pants?,91.17180633544922,91.01664924621582
"On the table, there are a lot of drinks; what do you drink?",79.18424224853516,78.5427188873291
Did you just go to the room to find what you put on the table just now?,77.89333152770996,77.04050827026367
The school is big and too tired.,83.66650772094727,85.36987113952637
Why don't I drink coffee anymore?,77.30722332000732,71.90788078308105
Why don't I drink coffee anymore?,77.30722332000732,71.90788078308105
Why don't you go now then?,77.82335662841797,80.73288917541504
Why don't you go now then?,77.82335662841797,80.73288917541504
Would you like to take a few days off?,57.5028247833252,54.00098896026611
"Is that girl from your company, Xiao Zhang? Do you know her?",82.95155143737793,83.74731063842773
"Is that girl from your company, Xiao Zhang? Do you know her?",82.95155143737793,83.74731063842773
There's no need to go to the hospital. I asked you how long you haven't exercised.,75.51971244812012,77.28742980957031
Explain your reasons for choosing to work at our company.,79.67681694030762,69.01603889465332
I believe my wife will agree as long as I agree.,74.29304218292236,75.31011486053467
I believe my wife will agree as long as I agree.,74.29304218292236,75.31011486053467
"Thank you for giving me this opportunity; I will work hard, no.",56.20888996124268,53.332682609558105
"Thank you for giving me this opportunity; I will work hard, no.",56.20888996124268,53.332682609558105
"First, put the tea and cups, and then take out the watermelon from the refrigerator.",68.46407699584961,70.7602310180664
"First, put the tea and cups, and then take out the watermelon from the refrigerator.",68.46407699584961,70.7602310180664
I wore a dress small and gave it to my brother.,79.69261169433594,78.30268669128418
Shanghai will be snowing tomorrow.,70.14183902740479,72.58042621612549
"After lunch, eat more fruits.",68.46358299255371,71.2238597869873
"For breakfast, I eat bread and milk.",79.74595737457275,83.43180274963379
"For breakfast, I eat bread and milk.",79.74595737457275,83.43180274963379
I treat you to what you eat.,66.36547756195068,58.39981460571289
I treat you to what you eat.,66.36547756195068,58.39981460571289
Where is this dress? I want to try it.,76.90539169311523,70.23699474334717
Where is this dress? I want to try it.,76.90539169311523,70.23699474334717
"The weather forecast predicts snowing tomorrow, so wear more clothes.",88.36140823364258,87.22654914855957
"The weather forecast predicts snowing tomorrow, so wear more clothes.",88.36140823364258,87.22654914855957
The hospital is next to the supermarket.,67.70914649963379,78.19572162628174
"For you, I booked a birthday cake.",70.22975826263428,69.54036331176758
"For you, I booked a birthday cake.",70.22975826263428,69.54036331176758
"Winter is so beautiful, and I like it.",66.40167999267578,60.73758506774902
"Winter is so beautiful, and I like it.",66.40167999267578,60.73758506774902
"In Shanghai, the summer is too hot not to buy air conditioners.",81.81191921234131,81.24197959899902
"In Shanghai, the summer is too hot not to buy air conditioners.",81.81191921234131,81.24197959899902
The bus takes us back to school.,86.8521614074707,88.04764938354492
The bus takes us back to school.,86.8521614074707,88.04764938354492
The hotel is now where our delayed flight lives.,70.06163024902344,67.05018615722656
The hotel is now where our delayed flight lives.,70.06163024902344,67.05018615722656
I want to drink drinks after running.,69.71367168426514,60.18351364135742
I want to drink drinks after running.,69.71367168426514,60.18351364135742
Can you run with me at night? I want to join you.,84.3203010559082,72.8008918762207
"The platform for the bus is too far, so let's take a taxi home.",78.21241760253906,76.39535331726074
"Every night, his daughter wrote my homework very late.",78.08977127075195,68.57986068725586
"Every night, his daughter wrote my homework very late.",78.08977127075195,68.57986068725586
I wish you a more beautiful and happy birthday.,75.57417964935303,73.79730987548828
"Near the school, where is a delicious restaurant?",82.2790060043335,87.1997127532959
"Near the school, where is a delicious restaurant?",82.2790060043335,87.1997127532959
Dinner today includes noodles and dumplings.,82.92564964294434,78.12769603729248
Dinner today includes noodles and dumplings.,82.92564964294434,78.12769603729248
The position near the window cannot be chosen by the mobile phone.,78.89380836486816,83.49920082092285
The position near the window cannot be chosen by the mobile phone.,78.89380836486816,83.49920082092285
Where can I collect the suitcase?,64.20381927490234,64.52368640899658
Where can I collect the suitcase?,64.20381927490234,64.52368640899658
"There are many subways in Shanghai, and I don't know which one to take.",80.57563591003418,74.61823654174805
"There are many subways in Shanghai, and I don't know which one to take.",80.57563591003418,74.61823654174805
"The airport is distant from my house, so I take a taxi there.",80.20498657226562,68.79694843292236
"The airport is distant from my house, so I take a taxi there.",80.20498657226562,68.79694843292236
"It is recommended to take the high-speed rail from Hefei to Beijing, and the seats are comfortable.",76.29887580871582,78.36473083496094
"It is recommended to take the high-speed rail from Hefei to Beijing, and the seats are comfortable.",76.29887580871582,78.36473083496094
"Nearby, there are many delicious restaurants.",76.98396492004395,73.31141090393066
"The waiter, holding a tissue paper, sprinkles the drink.",67.3209867477417,70.28151512145996
"I like sweet milk tea, and I like to drink it.",83.46118927001953,81.21191883087158
"Buy a very fresh watermelon home today, the fruit is.",91.85487937927246,86.07027435302734
"Consume more vegetables, drink less, and then head home.",80.82972717285156,68.07161140441895
"Recently, my wife likes to drink acid. Do you have a son?",86.48392868041992,83.89866924285889
"With noodles, I was uncomfortable.",85.14676856994629,88.00951766967773
I went to the high-speed rail station to pick up my son by driving.,82.66716575622559,80.14077281951904
"This year, where are you going to travel with your wife?",78.20819854736328,78.7295389175415
"If you like this skirt, I can take one for you.",79.29042625427246,75.75105953216553
"These pants are discounted, and I buy one for my son.",79.00487899780273,79.0234375
Where can I check out after taking a pair of pants?,68.26730346679688,65.2260856628418
Who is that very beautiful boyfriend of yours on the right?,87.62357425689697,85.07097244262695
"My brother enjoys playing football, and his physique is excellent.",72.77699279785156,54.921470642089844
What is the cost to listen to your school?,69.76421356201172,60.634138107299805
I want to find friends who are deaf to learn sign language.,74.8746509552002,73.471755027771
Sign language can be learned by mobile phones.,77.18985748291016,76.324951171875
"A friend of mine works in a bank, and he knows how to loan.",89.3570384979248,90.33346939086914
"Mom, I want to buy the new watch my classmate bought too.",77.39339351654053,79.325927734375
"Old and likes to climb mountains, Grandpa is.",88.34108066558838,85.57147789001465
"He is my table tennis teacher, introduce.",78.45463943481445,74.36040687561035
"When you are tired, drink a cup of coffee.",72.25198078155518,80.02595710754395
"At night, there are many people on the bus going home from school.",76.25998306274414,79.20561122894287
"Eating too much of the cake, which is too sweet, is not good for your body.",79.88666152954102,83.4738998413086
Your ID card is checked by police.,68.71940994262695,78.73212242126465
"Let him eat more at school, as the son is getting thinner and thinner.",81.89370346069336,74.51025009155273
"Dad and Grandpa will go out to run today, as the weather is good.",90.05983829498291,81.83597183227539
Her sister is usually a teacher and drives to school.,86.26827621459961,85.9343032836914
I forgot to bring my passport; I need to go home.,85.46753025054932,83.91907691955566
My grandpa is not suitable for flying and is very old.,69.05069923400879,62.51048278808594
You can't use a single ticket to ride a car twice.,64.83371353149414,65.23396301269531
"I got off at the intersection in front of the traffic light, Driver.",66.76337051391602,58.80103874206543
The aircraft was canceled because the weather was not good.,66.12227439880371,65.35128211975098
I didn't purchase a sleeper train ticket.,78.16543388366699,79.31049346923828
I have breakfast at home and lunch both at school and home.,75.50786972045898,74.50986289978027
How is the lunch at your company?,66.47365760803223,72.88639450073242
How is the lunch at your company?,66.47365760803223,72.88639450073242
"Today's vegetables are so salty, I want to drink beverages.",80.40720748901367,79.99550914764404
"Today's vegetables are so salty, I want to drink beverages.",80.40720748901367,79.99550914764404
"This dish is excessively spicy, so I need some water to drink.",85.13286972045898,75.91460800170898
"This dish is excessively spicy, so I need some water to drink.",85.13286972045898,75.91460800170898
"Today is my sister's birthday, and I will make fish.",75.96037673950195,76.04629325866699
"Today is my sister's birthday, and I will make fish.",75.96037673950195,76.04629325866699
"Where is the bathroom, waiting.",74.05459213256836,67.14731788635254
"Where is the bathroom, waiting.",74.05459213256836,67.14731788635254
"Because my wife had a cold, I took her to the hospital.",87.12342262268066,85.29515647888184
"You go to buy an umbrella at the supermarket, and I am waiting for you at the cashier.",83.27535057067871,82.63032913208008
"You go to buy an umbrella at the supermarket, and I am waiting for you at the cashier.",83.27535057067871,82.63032913208008
"After I get off work, I have to go to the supermarket to buy some juice to bring home.",79.81795501708984,77.38229846954346
I want to buy some bananas as the fruit in this store is cheap.,81.4154748916626,71.83622360229492
I want to buy some bananas as the fruit in this store is cheap.,81.4154748916626,71.83622360229492
Don't eat too much chocolate; it's bad for your body.,79.96490097045898,78.33027744293213
Don't eat too much chocolate; it's bad for your body.,79.96490097045898,78.33027744293213
"If your parents have a birthday, you should get up early for breakfast.",87.02868747711182,87.29979515075684
Let's play basketball since the weather is too cold.,90.11192893981934,82.49996566772461
Let's play basketball since the weather is too cold.,90.11192893981934,82.49996566772461
"My grandfather can sign in sign language, and he has many deaf friends.",78.78515434265137,79.56550598144531
"The patient could not be discharged after the operation, and he would be taken care of by the nurse.",68.83332443237305,72.10429382324219
"The patient could not be discharged after the operation, and he would be taken care of by the nurse.",68.83332443237305,72.10429382324219
"Today, I went to climb the mountain and returned home for dinner at night.",82.41597175598145,79.38851928710938
I have two clothes; one is yellow and the other is red.,76.57686614990234,77.95705127716064
I have two clothes; one is yellow and the other is red.,76.57686614990234,77.95705127716064
My boyfriend is the boy wearing black shoes.,84.12137794494629,70.97522926330566
My boyfriend is the boy wearing black shoes.,84.12137794494629,70.97522926330566
I can only call my daughter's friends because she has no mobile phone.,86.08968734741211,84.06109619140625
I can only call my daughter's friends because she has no mobile phone.,86.08968734741211,84.06109619140625
"Go home to eat more vegetables, consume less meat, and avoid getting fat.",74.22035026550293,74.3282299041748
"Go home to eat more vegetables, consume less meat, and avoid getting fat.",74.22035026550293,74.3282299041748
"Bring a pen and take the exam tomorrow, but do not bring your mobile phone.",78.49660301208496,77.70710563659668
"Bring a pen and take the exam tomorrow, but do not bring your mobile phone.",78.49660301208496,77.70710563659668
"Where to eat at school, or go to a restaurant at noon?",85.2351016998291,82.99310779571533
"Where to eat at school, or go to a restaurant at noon?",85.2351016998291,82.99310779571533
You can drink milk with coffee.,78.66758155822754,78.54737854003906
"I am very happy, and my boss is satisfied with me.",82.45360946655273,80.26657676696777
"I am very happy, and my boss is satisfied with me.",82.45360946655273,80.26657676696777
You and the boss can't drink during work hours.,85.3562126159668,81.9467420578003
You and the boss can't drink during work hours.,85.3562126159668,81.9467420578003
"The Spring Festival is tomorrow, wearing new clothes.",90.8715591430664,90.60885620117188
"I don't want to purchase this dress, nor do I want to purchase it.",68.6168041229248,68.3858642578125
"I don't want to purchase this dress, nor do I want to purchase it.",68.6168041229248,68.3858642578125
I am very happy after the exam is completed.,71.10630702972412,66.25016784667969
I am very happy after the exam is completed.,71.10630702972412,66.25016784667969
"Since you are my client, I should invite you to dinner.",78.23678398132324,78.04735374450684
"Since you are my client, I should invite you to dinner.",78.23678398132324,78.04735374450684
A sport that is good for your health is dancing.,79.18708610534668,74.1698350906372
A sport that is good for your health is dancing.,79.18708610534668,74.1698350906372
The boss sent an email to inform me to book a flight back to the company.,77.44601821899414,79.85894393920898
"You had something to call my son, who was on a business trip.",73.34309387207031,69.00399589538574
"At the intersection, there are dogs, and I am a little scared.",62.009843826293945,60.37148189544678
"At the intersection, there are dogs, and I am a little scared.",62.009843826293945,60.37148189544678
"In the afternoon, I eat a lot of fruits and don't want to eat dinner.",83.88327503204346,85.94287490844727
When did the boss send the email? I didn't see it.,82.81672191619873,82.61465454101562
When did the boss send the email? I didn't see it.,82.81672191619873,82.61465454101562
My daughter was wearing a blue skirt.,62.67172145843506,62.559749603271484
My daughter was wearing a blue skirt.,62.67172145843506,62.559749603271484
"A cloudy day is today, and it may rain.",80.08649921417236,82.95882797241211
Go out to play football and don't watch TV at home.,86.32307052612305,79.4440279006958
Go out to play football and don't watch TV at home.,86.32307052612305,79.4440279006958
"There is a dress on the chair, whose is it?",77.0511360168457,70.93945407867432
"There is a dress on the chair, whose is it?",77.0511360168457,70.93945407867432
"You must go to school on a bicycle, and Hefei has a low temperature.",68.11373519897461,63.92724418640137
"You must go to school on a bicycle, and Hefei has a low temperature.",68.11373519897461,63.92724418640137
"My husband is in the United States, and he enjoys Chinese food.",82.70326805114746,82.30045509338379
"My husband is in the United States, and he enjoys Chinese food.",82.70326805114746,82.30045509338379
The waiter mentioned that the hat in black is very suitable for me.,51.85176420211792,58.05961990356445
The waiter mentioned that the hat in black is very suitable for me.,51.85176420211792,58.05961990356445
"Tomorrow, I will go to the supermarket to buy bread for grandpa.",87.87829303741455,86.60178184509277
The human body's many organs may be cancerous.,68.78937149047852,67.12191009521484
The human body's many organs may be cancerous.,68.78937149047852,67.12191009521484
A more effective method for treating cataracts is surgical treatment.,53.48033618927002,47.21805667877197
A more effective method for treating cataracts is surgical treatment.,53.48033618927002,47.21805667877197
"Since I was very busy during the day, I was mostly done in bed most of the time when I went to bed at night.",59.35952949523926,63.204010009765625
"Since I was very busy during the day, I was mostly done in bed most of the time when I went to bed at night.",59.35952949523926,63.204010009765625
A driver waiting impatiently pressed the speaker as an old man was slowly passing through the zebra crossing.,73.1724624633789,68.52676200866699
A living line for pedestrians is a zebra crossing.,64.86199855804443,69.40484619140625
A living line for pedestrians is a zebra crossing.,64.86199855804443,69.40484619140625
Many laptops are currently built with a Bluetooth function.,72.81054496765137,74.57806873321533
Many laptops are currently built with a Bluetooth function.,72.81054496765137,74.57806873321533
The teacher introduced the principle of design and the process of implementation for developing the Bluetooth data terminal finally.,58.80828857421875,62.35097312927246
The teacher introduced the principle of design and the process of implementation for developing the Bluetooth data terminal finally.,58.80828857421875,62.35097312927246
The company is gradually enhancing the security and confidentiality of Bluetooth.,65.23013114929199,66.84321212768555
The company is gradually enhancing the security and confidentiality of Bluetooth.,65.23013114929199,66.84321212768555
Closing some of the unnecessary procedures can help us save traffic.,75.17555236816406,77.6561164855957
Closing some of the unnecessary procedures can help us save traffic.,75.17555236816406,77.6561164855957
The doctor checked my body and measured my pulse and body temperature.,87.42054557800293,77.6486930847168
The doctor checked my body and measured my pulse and body temperature.,87.42054557800293,77.6486930847168
"Photos, 6 resumes, and a copy of the legal person identity of the Shanghai company.",73.80010032653809,67.63822364807129
"Photos, 6 resumes, and a copy of the legal person identity of the Shanghai company.",73.80010032653809,67.63822364807129
"In life, everyone will encounter moving things.",73.46907806396484,72.10856628417969
"In life, everyone will encounter moving things.",73.46907806396484,72.10856628417969
"A role model for our stubborn and hard-working athletes, isn't it?",74.0168342590332,74.40272426605225
"A role model for our stubborn and hard-working athletes, isn't it?",74.0168342590332,74.40272426605225
Be a good example for your brother!,62.42690944671631,43.272512435913086
This is the most secure way of doing it.,83.89051818847656,72.48970985412598
This is the most secure way of doing it.,83.89051818847656,72.48970985412598
He felt anxious seeing his bandaged son on the bed.,67.10578155517578,59.662800788879395
He felt anxious seeing his bandaged son on the bed.,67.10578155517578,59.662800788879395
"His computer has a virus in his laptop, and he can't open it at all.",63.26279640197754,65.83509826660156
"His computer has a virus in his laptop, and he can't open it at all.",63.26279640197754,65.83509826660156
He has consistently maintained high standards for himself.,72.84040546417236,71.16648864746094
You need to practice more because your pronunciation is not standard enough.,56.70603084564209,55.70827102661133
You need to practice more because your pronunciation is not standard enough.,56.70603084564209,55.70827102661133
Each product crafted by Master Wang exceeds the standard line.,68.86633586883545,67.40055465698242
He is highly compatible with the criteria I have for mate selection.,73.46525955200195,73.53180313110352
He is highly compatible with the criteria I have for mate selection.,73.46525955200195,73.53180313110352
The wound hasn't healed; avoid getting infected.,75.16265487670898,69.83951568603516
The wound hasn't healed; avoid getting infected.,75.16265487670898,69.83951568603516
The scene of Vientiane updates is shown everywhere in the motherland.,76.17742443084717,74.1588134765625
A bridge to communicate with each other are cultural exchanges.,74.69261074066162,68.25417900085449
A bridge to communicate with each other are cultural exchanges.,74.69261074066162,68.25417900085449
Allow me to take a proper rest. The weather's impermanence is evident. Rain is expected.,81.2258710861206,67.97833824157715
Allow me to take a proper rest. The weather's impermanence is evident. Rain is expected.,81.2258710861206,67.97833824157715
The arrangement of the plot and script of the drama is not fixed.,58.9057674407959,62.37600040435791
The arrangement of the plot and script of the drama is not fixed.,58.9057674407959,62.37600040435791
We have not had a fixed classroom; here today will become there tomorrow.,82.20869064331055,78.78373908996582
We have not had a fixed classroom; here today will become there tomorrow.,82.20869064331055,78.78373908996582
I picked up a card that had been lost by others.,61.11238670349121,56.76702690124512
I picked up a card that had been lost by others.,61.11238670349121,56.76702690124512
"Please fill in this application form for loss one by one, and we will check it carefully.",75.73610591888428,73.74653434753418
"Please fill in this application form for loss one by one, and we will check it carefully.",75.73610591888428,73.74653434753418
"I like to listen to thrilling stories, but sometimes the more they listen to. 

Reordered sentence: I like to listen to thrilling stories, but sometimes the more you listen to them.",68.84525394439697,69.48666381835938
"I like to listen to thrilling stories, but sometimes the more they listen to. 

Reordered sentence: I like to listen to thrilling stories, but sometimes the more you listen to them.",68.84525394439697,69.48666381835938
"With a disturbing mood, I walked into the office, afraid of being blamed by the boss.",71.48375225067139,68.82945251464844
"With a disturbing mood, I walked into the office, afraid of being blamed by the boss.",71.48375225067139,68.82945251464844
I have to focus on preparing for the final exam during this time.,73.82952690124512,67.39939308166504
I have to focus on preparing for the final exam during this time.,73.82952690124512,67.39939308166504
"The Chinese People's Liberation Army, under the disparate situation, adopted tactics such as concentrating forces to destroy the enemy and ultimately won the war.",62.676347732543945,70.83891105651855
"The Chinese People's Liberation Army, under the disparate situation, adopted tactics such as concentrating forces to destroy the enemy and ultimately won the war.",62.676347732543945,70.83891105651855
"The reform of government agencies must not only reduce overlap between institutions, but also streamline extra personnel.",72.03887844085693,72.38644981384277
"The reform of government agencies must not only reduce overlap between institutions, but also streamline extra personnel.",72.03887844085693,72.38644981384277
"This year, my country's imports have decreased.",69.69066047668457,66.71044540405273
"The conditions at home are good, and grandma still maintains a habit of diligence and thrift.",86.67717742919922,81.8866138458252
"The conditions at home are good, and grandma still maintains a habit of diligence and thrift.",86.67717742919922,81.8866138458252
"Precious are water resources, we must save water.",89.3630199432373,89.66018295288086
"Precious are water resources, we must save water.",89.3630199432373,89.66018295288086
He grew up with a frugal mother who raised them.,62.168739318847656,56.617143630981445
"The Shunfeng ship should have smooth sailing, but the wind is too strong, and the boat can't help but toss.",66.14008522033691,68.42157936096191
"The Shunfeng ship should have smooth sailing, but the wind is too strong, and the boat can't help but toss.",66.14008522033691,68.42157936096191
"The reordered sentence is: ""Words must be believed, and actions must be taken; it is the basic criterion for our school teachers and students.""",78.25117683410645,72.94713687896729
The army lacks discipline and strict order prohibition.,64.38037872314453,59.413482666015625
The army lacks discipline and strict order prohibition.,64.38037872314453,59.413482666015625
Smoking is prohibited in public places.,59.23860549926758,62.76960754394531
Smoking is prohibited in public places.,59.23860549926758,62.76960754394531
We cannot reject good-looking criticism from others.,65.90631484985352,66.39221382141113
We cannot reject good-looking criticism from others.,65.90631484985352,66.39221382141113
"Otherwise, she will not refuse you if she really loves another person.",68.97416877746582,61.05996227264404
The flood prevention work begins as the rainy season is coming.,85.97697448730469,75.31376647949219
The flood prevention work begins as the rainy season is coming.,85.97697448730469,75.31376647949219
He joined the army and started his military career after graduating.,71.90296745300293,70.06247138977051
He joined the army and started his military career after graduating.,71.90296745300293,70.06247138977051
"Despite their divorce, they still sense the mood, and it seems that remarriage is a possibility.",63.120737075805664,56.96586990356445
"Despite their divorce, they still sense the mood, and it seems that remarriage is a possibility.",63.120737075805664,56.96586990356445
How can people learn to silently respect each other if they do not understand each other?,86.73165130615234,81.45859336853027
How can people learn to silently respect each other if they do not understand each other?,86.73165130615234,81.45859336853027
"Tolerance helps us love, trust, and understand each other.",65.61255645751953,64.98545265197754
"Tolerance helps us love, trust, and understand each other.",65.61255645751953,64.98545265197754
"They are still in touch, but they have divorced.",67.44871997833252,63.884018898010254
Notice the link between the above and the following.,70.99971580505371,45.082093238830566
Notice the link between the above and the following.,70.99971580505371,45.082093238830566
"He studied from classical works to popular novels, thirsty.",57.97274208068848,57.63816833496094
"He studied from classical works to popular novels, thirsty.",57.97274208068848,57.63816833496094
"Bring popular, extraordinary information to readers' home life.",53.14088582992554,52.71788215637207
"Bring popular, extraordinary information to readers' home life.",53.14088582992554,52.71788215637207
"As soon as he heard the news of his admission, his emotions became suddenly excited.",72.25280857086182,72.61315059661865
"As soon as he heard the news of his admission, his emotions became suddenly excited.",72.25280857086182,72.61315059661865
It is not difficult to imagine how excited my brother was when he received an admission notice from Tsinghua University.,63.471739768981934,71.23833274841309
It is not difficult to imagine how excited my brother was when he received an admission notice from Tsinghua University.,63.471739768981934,71.23833274841309
Their attempts to escape have not succeeded for criminals.,74.24029731750488,68.60732460021973
Their attempts to escape have not succeeded for criminals.,74.24029731750488,68.60732460021973
He did not manually perform a foolish task for half an hour.,59.45395088195801,57.57853412628174
He did not manually perform a foolish task for half an hour.,59.45395088195801,57.57853412628174
The mother went home as soon as she did it without rest.,80.13193416595459,80.92334079742432
The mother went home as soon as she did it without rest.,80.13193416595459,80.92334079742432
"She likes to sing by imitating the singer, and it is very good.",72.58095359802246,64.11377048492432
"She likes to sing by imitating the singer, and it is very good.",72.58095359802246,64.11377048492432
Children like to always imitate the actions of adults.,84.04572868347168,81.96783065795898
Children like to always imitate the actions of adults.,84.04572868347168,81.96783065795898
"If you don't put in the effort to study, you will be disadvantaged in competition.",71.51767826080322,63.75203323364258
"If you don't put in the effort to study, you will be disadvantaged in competition.",71.51767826080322,63.75203323364258
"The manager emphasized my brother, so his work was harder.",69.49642372131348,66.73464488983154
"The manager emphasized my brother, so his work was harder.",69.49642372131348,66.73464488983154
This project is what everyone strives to achieve artificially.,59.95293426513672,66.80925941467285
This project is what everyone strives to achieve artificially.,59.95293426513672,66.80925941467285
They won the championship in the men's table tennis doubles due to the tacit understanding.,65.47040367126465,64.61502361297607
They won the championship in the men's table tennis doubles due to the tacit understanding.,65.47040367126465,64.61502361297607
The cadres in our class can cooperate with each other at work and are very interested.,75.17618656158447,70.67973518371582
The cadres in our class can cooperate with each other at work and are very interested.,75.17618656158447,70.67973518371582
"My mother and dad cooperate well in life, and our family always has a warm and harmonious atmosphere.",75.21375751495361,72.41014194488525
"My mother and dad cooperate well in life, and our family always has a warm and harmonious atmosphere.",75.21375751495361,72.41014194488525
Young students should not be bullied by senior students.,76.19833278656006,77.85470581054688
Young students should not be bullied by senior students.,76.19833278656006,77.85470581054688
The declaration's content should be concise and signed by the applicant or their entrusted agent.,67.39179611206055,67.44552898406982
The declaration's content should be concise and signed by the applicant or their entrusted agent.,67.39179611206055,67.44552898406982
He took the test paper home and asked his father to sign it.,73.28645706176758,72.19245338439941
He took the test paper home and asked his father to sign it.,73.28645706176758,72.19245338439941
"While we do not exclude foreign aid, we have always emphasized self-reliance.",69.84158515930176,61.23878479003906
"While we do not exclude foreign aid, we have always emphasized self-reliance.",69.84158515930176,61.23878479003906
"Both the market and the organization of operations are emphasized, making it almost invincible.",76.24270629882812,74.6908950805664
"Both the market and the organization of operations are emphasized, making it almost invincible.",76.24270629882812,74.6908950805664
We must work together and understand each other. Everyone should emphasize consistency and require the same difference.,73.56531524658203,73.2463493347168
We must work together and understand each other. Everyone should emphasize consistency and require the same difference.,73.56531524658203,73.2463493347168
"If your child is sick, parents should check whether the company allows you to take a paid leave.",83.07013893127441,80.6125259399414
"If your child is sick, parents should check whether the company allows you to take a paid leave.",83.07013893127441,80.6125259399414
The young man gave people a feeling of twilight and lacked vitality.,69.7575044631958,69.87864875793457
The young man gave people a feeling of twilight and lacked vitality.,69.7575044631958,69.87864875793457
"Our friends will know us when you are happy. When our friends are in trouble, we will know them.",83.38813018798828,78.03759384155273
To know yourself is the most difficult thing in life.,81.48560333251953,79.59155464172363
To know yourself is the most difficult thing in life.,81.48560333251953,79.59155464172363
"In adversity, it is very important to understand and improve yourself correctly.",65.73971557617188,65.04877185821533
"In adversity, it is very important to understand and improve yourself correctly.",65.73971557617188,65.04877185821533
We must summarize experience from success and also learn lessons from failure.,81.62320327758789,84.34798526763916
We must summarize experience from success and also learn lessons from failure.,81.62320327758789,84.34798526763916
The biggest failure as a teacher is making students always feel indifferent in the classroom.,72.75668525695801,74.00808906555176
"The experiment was finally successful after several failures. Ecstatic, everyone rushed to tell each other.",63.038679122924805,64.02985000610352
"The experiment was finally successful after several failures. Ecstatic, everyone rushed to tell each other.",63.038679122924805,64.02985000610352
Analyze the hidden dangers of infusion pump accidents in clinical applications and countermeasures.,69.10790348052979,68.44080543518066
Analyze the hidden dangers of infusion pump accidents in clinical applications and countermeasures.,69.10790348052979,68.44080543518066
Some children kept crying because they are afraid of infusion.,75.31411361694336,71.91849517822266
Some children kept crying because they are afraid of infusion.,75.31411361694336,71.91849517822266
The purpose of production development is to improve people's lives.,79.85280895233154,81.32236862182617
We can preview strange words in advance through the dictionary.,65.14151763916016,58.625380516052246
The factory completed this year’s production plan in advance today.,82.00110244750977,84.54141426086426
"To finish the construction ahead of time, people worked tirelessly day and night.",75.2403736114502,71.62894248962402
"To finish the construction ahead of time, people worked tirelessly day and night.",75.2403736114502,71.62894248962402
I like the black and white old-fashioned movie.,74.1475715637207,72.28894424438477
I like the black and white old-fashioned movie.,74.1475715637207,72.28894424438477
I bought a ticket to go home earlier.,63.053218841552734,59.96750068664551
Can I use SMS because I am not convenient to answer the phone now?,68.30908012390137,67.2479476928711
Can I use SMS because I am not convenient to answer the phone now?,68.30908012390137,67.2479476928711
"Every day, don't let me introduce the object.",71.6345567703247,68.63788604736328
"To receive cash red envelopes, scan this QR code.",80.07379531860352,77.34756469726562
"To receive cash red envelopes, scan this QR code.",80.07379531860352,77.34756469726562
A variety of patterns can also become the QR code.,68.61247825622559,60.40370559692383
A variety of patterns can also become the QR code.,68.61247825622559,60.40370559692383
"A great invention, the QR code really is!",67.98053455352783,68.13898944854736
Loopholes will also exist in laws.,66.99193382263184,64.87659168243408
You will be contacted by text message.,73.96746063232422,57.39308261871338
You will be contacted by text message.,73.96746063232422,57.39308261871338
I informed him of the good news in writing.,69.65810966491699,68.02609634399414
We will utilize spot checks for inspection.,74.2463788986206,70.90791130065918
We will utilize spot checks for inspection.,74.2463788986206,70.90791130065918
The direction the car is turning is returned.,61.46387672424317,58.54575252532959
You must grasp the direction of your life.,59.05830097198486,59.27859306335449
"Ten minutes in advance, the teacher took a class to get out.",52.7391242980957,46.8540096282959
"Ten minutes in advance, the teacher took a class to get out.",52.7391242980957,46.8540096282959
"Until the last minute of life, I will work.",68.84174919128418,60.27649974822998
"Until the last minute of life, I will work.",68.84174919128418,60.27649974822998
"For a few minutes, he could only calm down.",70.46906280517578,62.38232231140137
I need to know all the information about him within two minutes.,68.84019374847412,68.16643333435059
Babao porridge will have a shelf life that does not exceed one month.,62.795769691467285,61.79824352264404
There was a confused expression on everyone's faces after listening to his speech.,63.18985748291016,54.607611656188965
There was a confused expression on everyone's faces after listening to his speech.,63.18985748291016,54.607611656188965
"At this time, Xiao Wang, who was always careless, showed a shy expression as well.",74.25884914398193,73.72708129882812
"At this time, Xiao Wang, who was always careless, showed a shy expression as well.",74.25884914398193,73.72708129882812
I found a nearby hotel because I only stayed for one night.,65.72836685180664,62.03788185119629
It's advisable not to leave your valuable items in the hotel.,73.76386451721191,67.95429229736328
The information for hospitalization can generally be stored by the hospital for thirty years.,67.17175769805908,63.91375923156738
The information for hospitalization can generally be stored by the hospital for thirty years.,67.17175769805908,63.91375923156738
The modified medical records are prohibited.,70.44266033172607,69.83448219299316
The government has strengthened subsidies for the poor this year.,74.15826606750488,75.97515678405762
The government has strengthened subsidies for the poor this year.,74.15826606750488,75.97515678405762
"When danger arises, life takes precedence over property.",72.98291206359863,64.0805253982544
He escaped with his family property and left his family.,70.33394622802734,71.00493621826172
He escaped with his family property and left his family.,70.33394622802734,71.00493621826172
Many beautiful patterns will be printed on napkins.,64.10519886016846,63.328091621398926
Many beautiful patterns will be printed on napkins.,64.10519886016846,63.328091621398926
"No way, have you forgotten the key again? Wait for me to go back.",72.06226348876953,68.40746688842773
"No way, have you forgotten the key again? Wait for me to go back.",72.06226348876953,68.40746688842773
"If you have a way, just say it; don't hide.",52.98752784729004,55.40228605270386
What else can I do in addition to doing this?,60.04977226257324,59.419837951660156
What else can I do in addition to doing this?,60.04977226257324,59.419837951660156
This is an unfair game!,66.50158882141113,62.87814140319824
This is an unfair game!,66.50158882141113,62.87814140319824
"Before tonight, this form must be filled in.",75.10238647460938,79.86013221740723
This workshop has a hundred years of glass history.,65.48786735534668,64.07812881469727
This workshop has a hundred years of glass history.,65.48786735534668,64.07812881469727
"When we were young, we loved to play with beads of glass.",76.87620544433594,75.09100437164307
"The part is not isolated, but is connected to the whole.",63.925214767456055,62.49960136413574
The lottery is something we are used to.,66.6234073638916,70.21956443786621
The lottery is something we are used to.,66.6234073638916,70.21956443786621
Some writers have never drafted or written novels.,63.41110420227051,59.772850036621094
Some writers have never drafted or written novels.,63.41110420227051,59.772850036621094
This person is lying really without draft.,70.15764045715332,70.0880126953125
This person is lying really without draft.,70.15764045715332,70.0880126953125
"In public, pay attention to your own deeds and words.",57.99660778045654,58.32499313354492
"Before submitting the answer, he checked it several times repeatedly.",76.50706481933594,69.80879402160645
Different people will have different answers for what life is.,79.8910140991211,78.98192119598389
"The solution to this question is straightforward, yet the reality behind it is profound.",78.98490524291992,67.52573108673096
The heavy rain ruined my mood.,67.07026672363281,56.84305000305176
I coincidentally live near this too.,65.74907493591309,70.07195091247559
Didn't you locate a tailor shop? It ought to be close by.,65.53063201904297,68.68073081970215
I hope that our best service can be enjoyed by every customer.,65.87405776977539,59.06529712677002
Customers have not welcomed the new dishes we recently launched.,79.55125999450684,77.83672142028809
The supermarket offers various products for customers to choose from.,70.14080429077148,66.36660575866699
This store's products can always meet the needs of customers when launched.,65.47061729431152,67.23702621459961
"Having come into contact with various people, he is able to create excellent works.",78.32132530212402,79.45730590820312
To build a financial empire was his dream.,66.37910270690918,72.24559211730957
"From the financial market, he made a lot of wealth.",73.73676109313965,73.95127868652344
"Be careful of financial fraud, and do not be fooled by greed, as everyone should.",69.77748489379883,71.22863960266113
What a truly wonderful final this is!,73.02048301696777,63.6423978805542
"In the final, he made a major mistake.",76.5396957397461,76.56022357940674
This KFC has been open for ten years.,72.58254909515381,70.73295402526855
The business downstairs at KFC is particularly good.,43.28480911254883,51.427592277526855
The teaching level of the teacher is very high.,79.27043914794922,77.00635528564453
Students who are studying seriously are liked by teachers.,64.68897724151611,70.77311515808105
"Every Friday afternoon, teachers meet.",66.94418907165527,64.68925094604492
Having this heart is enough; you don't need to give me any gift.,66.87199783325195,65.94304466247559
He authored numerous papers.,65.00781631469727,52.910202980041504
The teacher highly praised this paper.,63.145503997802734,59.832624435424805
The boss discovered him at work.,68.21131420135498,72.43249893188477
He found himself in the hospital when he woke up.,73.54386615753174,72.09217739105225
The economy of my country has been rapidly developing.,64.94270133972168,66.72101974487305
"I don't object to you playing games, but you must manage the time.",70.46710014343262,65.65878582000732
You should learn to listen to those in opposition.,79.61795711517334,81.83702659606934
My proposal was rejected.,57.45450592041016,28.6889009475708
Great courage is needed to practice self-denial.,74.88507175445557,68.49920463562012
"It is normal for someone to sing without tuning, and everyone supports it.",53.93562698364258,53.89766550064087
You know only that singing anti-tuning and never put forward any good opinions.,76.68477249145508,77.13275337219238
This game has an anti-addiction system.,74.53548431396484,75.33862686157227
His academic performance has plummeted since he was obsessed with the game.,62.61591911315918,64.24580955505371
"The scenery, beautiful and addicting, captivated me.",72.09139633178711,65.16218566894531
"Finally, the teacher admits that I am correct.",68.11362838745117,68.4313793182373
I couldn't eat anything for a while because my hand was injured.,55.57577133178711,50.44102764129639
Being late when you meet for the first time will leave a bad impression.,66.04699897766113,66.96082496643066
"You are three minutes late, so you have to make three cups of alcohol.",69.8197021484375,72.8875560760498
"After dressing up, he was like a different person compared to before.",55.54117107391357,56.95438098907471
He hasn't understood that he has upset many individuals.,73.60886764526367,57.955331802368164
"To avoid heavy rain, he ran into the supermarket.",72.30886459350586,73.34847450256348
"Since difficulties are difficult to avoid, solve them.",77.59149551391602,83.82007598876953
"To avoid the dazzling sun, I lowered my head.",56.15011692047119,49.15910243988037
"Be careful of me, don't worry me, and turn your face!",72.82651329040527,68.67745971679688
No wonder you look so familiar; it turns out that you are his son.,62.67458534240723,59.075377464294434
This can of eight treasure porridge has expired.,75.66254615783691,79.46002960205078
The fire extinguishers in the corridor have both expired.,70.57388496398926,68.40619850158691
"Every day, Grandpa reads the newspaper to understand the major events in the world.",73.29082298278809,74.64694213867188
Inhalation of this substance long-term can easily cause abortion in pregnant women.,63.49239444732666,60.754127502441406
"Now, when I see you, I feel disgusting!",72.63735008239746,77.66938781738281
"Now, when I see you, I feel disgusting!",72.63735008239746,77.66938781738281
Remove your disgusting look away.,47.35491561889648,47.923279762268066
"Fast and convenient, online payment is loved by young people.",56.3467903137207,54.31944417953491
"Fast and convenient, online payment is loved by young people.",56.3467903137207,54.31944417953491
The advantage of tablet computers is their easy portability.,61.6541748046875,56.26005268096924
The advantage of tablet computers is their easy portability.,61.6541748046875,56.26005268096924
He always prioritizes the convenience of others and takes on difficulties himself.,71.60519027709961,67.3065938949585
He always prioritizes the convenience of others and takes on difficulties himself.,71.60519027709961,67.3065938949585
You both won the first and second prizes.,62.26331424713135,63.09392738342285
"The nature of these two things is different, so treat them separately.",60.18769264221192,60.25639247894287
"The nature of these two things is different, so treat them separately.",60.18769264221192,60.25639247894287
What are the advantages and drawbacks of this issue?,49.9606294631958,51.721397399902344
There is no difference between low and high and low and low.,56.93628978729248,57.58073043823242
Seeing my mother's expectation made me feel ashamed.,65.29321670532227,75.14248085021973
Seeing my mother's expectation made me feel ashamed.,65.29321670532227,75.14248085021973
His actions caused shame in all of us.,70.31066131591797,40.76261854171753
"I failed thoroughly this time, and I failed.",73.8424243927002,72.39496803283691
"I have only a rough plan, and the details have not been determined.",71.63571166992188,70.60909271240234
"I have only a rough plan, and the details have not been determined.",71.63571166992188,70.60909271240234
His thoughts are very simple and he has little social experience.,61.99886894226074,56.050354957580566
His thoughts are very simple and he has little social experience.,61.99886894226074,56.050354957580566
He wrote his phone number on the napkin paper for me.,71.08141994476318,70.81027221679688
"Upon arriving at the station, I discovered that I had left the ticket at home.",82.6046142578125,78.46378517150879
His accumulation results in excellent grades.,63.9474983215332,53.18262577056885
How can you achieve good results if you don't work hard?,84.11271286010742,73.5022029876709
My mother's expression suddenly became serious while looking at my transcript.,66.75511264801025,70.25068664550781
His achievements in his work were fully affirmed by the leader.,63.35468101501465,56.402265548706055
You must strictly work in accordance with the production procedures.,77.61058807373047,78.54853343963623
Our company maintains a set of strict procedures.,81.28522491455078,76.44096183776855
More and more products are exported to foreign countries.,59.08617210388184,50.29006290435791
Where is the museum's exit?,62.67321014404297,65.95814514160156
My country has many agricultural products.,70.72022342681885,66.91970252990723
Why cannot I locate the prescription the doctor gave to me?,47.506407737731934,47.444987773895264
"To learn knowledge, reading is essential, and you cannot just start with interest.",63.04405975341797,60.746310234069824
He is reluctant to continue living this repetitive life.,63.2071008682251,44.49229335784912
"Wang, a person named, just called you.",59.97300148010254,58.63399887084961
His recent words are contradictory and make people feel strange.,72.48813438415527,71.54700469970703
You should learn to overcome your mood of shyness.,55.56990337371826,50.899372577667236
He seized the opportunity and succeeded in time.,48.57563781738281,48.581368923187256
"Despite knowing it was illegal, he was fortunate and ended up making a significant error.",63.051536560058594,58.227240562438965
"Your success cannot be explained solely by luck, so don't be humble.",80.05356121063232,63.8498592376709
"Before the huge gap, there is no fluke.",47.596309661865234,48.098180294036865
"Noticing that everyone was confused, the teacher had to speak more simply.",73.53766441345215,65.76228618621826
"Just now, I suddenly figured out this problem that I had been confused about.",57.335411071777344,51.01126766204834
"The boss fired me, and my good friend comforted me.",57.98403739929199,58.984514236450195
"For a long time, the teacher comforted her before she stopped crying.",81.54820823669434,79.68358612060547
"Once the equipment is installed, it can be used.",71.77656936645508,71.26848030090332
We can have a full grasp of success only by understanding each other.,71.15636157989502,65.77978324890137
They have argued many times about moving.,67.52847480773926,54.73607921600342
His neighbors wanted him to move because he was noisy.,61.98016357421875,60.59158706665039
We must help his classmates with poor learning.,81.89135360717773,82.15113925933838
The education system in my country includes vocational education and basic education.,76.04561233520508,77.62442016601562
"These days, who doesn't like to pack themselves?",55.68604755401611,49.28179883956909
The form for registration can be collected at each college registration center.,72.46594429016113,71.35479068756104
We want to not graduate.,87.55011463165283,89.0925464630127
"After graduating, my sister went to the mountains to work.",75.75564575195312,74.99441337585449
Some people claim that using contraceptives for an extended period can disrupt the endocrine balance in women.,70.8890323638916,64.49566841125488
Some people claim that using contraceptives for an extended period can disrupt the endocrine balance in women.,70.8890323638916,64.49566841125488
"In 50 years, there have been tremendous changes in China.",76.6456527709961,77.41543674468994
"The activity changes, but personality is neither sturdy nor unchanged.",58.59481239318848,60.12168312072754
"The activity changes, but personality is neither sturdy nor unchanged.",58.59481239318848,60.12168312072754
We cannot avoid competition in the face of.,68.5907154083252,64.66935729980469
We can't comprehend what he stated.,72.06567478179932,67.04946517944336
I don't like him looking at my eyes.,76.77036190032959,75.70403575897217
This child is too late to travel all day long; it is really worrying.,73.06213283538818,73.74336338043213
This child is too late to travel all day long; it is really worrying.,73.06213283538818,73.74336338043213
Candidates can check the final results of admission at the college office.,64.01184558868408,64.27699184417725
The first player fell and was overtaken by the players behind.,53.27748775482178,54.210012435913086
The first player fell and was overtaken by the players behind.,53.27748775482178,54.210012435913086
Dongdong was unanimously praised by teachers and students as a good student.,78.38304901123047,74.19711875915527
Dongdong was unanimously praised by teachers and students as a good student.,78.38304901123047,74.19711875915527
"I have seen a lot of colorful flowers in the park, which are praised.",73.6509780883789,75.42223358154297
Her spirit of dedication to education was praised by everyone.,61.14276123046875,59.03850078582764
Her spirit of dedication to education was praised by everyone.,61.14276123046875,59.03850078582764
"To ensure the smooth completion of maintenance work, we must coordinate and cooperate with contract contractors.",73.30500221252441,62.70999336242676
He worshiped and imitated blindly.,83.6870288848877,82.90388679504395
He worshiped and imitated blindly.,83.6870288848877,82.90388679504395
"Two days later, the patient took the report after going to the hospital on an empty stomach to draw blood.",73.16522598266602,67.95395851135254
I fainted as soon as I saw the blood and couldn't get any at all.,68.70636558532715,61.95711898803711
I fainted as soon as I saw the blood and couldn't get any at all.,68.70636558532715,61.95711898803711
"While our moms were on a business trip, we looked after my grandmother.",71.34059143066406,78.01484298706055
"While our moms were on a business trip, we looked after my grandmother.",71.34059143066406,78.01484298706055
There were a lot of gains in the south on this business trip.,60.354719161987305,54.540417194366455
There is no way better except to admit fate.,57.657033920288086,57.53237819671631
There is no way better except to admit fate.,57.657033920288086,57.53237819671631
The most common disease in summer is insect.,60.294076919555664,61.73461723327637
The most common disease in summer is insect.,60.294076919555664,61.73461723327637
Handling the opinions of the masses properly is conducive to social stability.,60.414039611816406,61.43145942687988
The issue of waste management affects each of our lives.,69.75589561462402,66.26056861877441
The issue of waste management affects each of our lives.,69.75589561462402,66.26056861877441
Resigned because he couldn't afford the pressure.,72.07139587402344,60.15510845184326
I'm considering whether to continue to work or resign.,69.21019554138184,67.00668716430664
I'm considering whether to continue to work or resign.,69.21019554138184,67.00668716430664
"I believe it's time for me to go, and here is my resignation letter.",70.31649589538574,59.87178421020508
Production by machines gradually replaces bulky physical labor.,59.288933753967285,58.12894058227539
Production by machines gradually replaces bulky physical labor.,59.288933753967285,58.12894058227539
Parents cannot replace the homework of elementary school students.,71.83507537841797,67.32845687866211
"Action cannot replace language, and language is the louder action.",87.50209617614746,81.82657241821289
"From the national loan, he contracted the deserted mountain.",59.60291290283203,63.602463722229004
"From the national loan, he contracted the deserted mountain.",59.60291290283203,63.602463722229004
The company offers loans without interest for its staff.,63.25698184967041,61.22006607055664
"Concerned for our safety, the teacher escorted us across the road every day.",71.91706657409668,70.63537502288818
"Concerned for our safety, the teacher escorted us across the road every day.",71.91706657409668,70.63537502288818
The ancients were worried that disaster would occur when they saw comets.,72.29384422302246,71.89410209655762
It navigates using stars.,70.88151550292969,67.71960067749023
It navigates using stars.,70.88151550292969,67.71960067749023
"At most, each meter account can register only five users.",68.81048011779785,67.43954753875732
The registration form must be filled in for registration.,82.76897048950195,81.80401515960693
The registration form must be filled in for registration.,82.76897048950195,81.80401515960693
"The early settlers' lives were very difficult, and often they could not get what they could eat.",66.1505126953125,62.505008697509766
"The early settlers' lives were very difficult, and often they could not get what they could eat.",66.1505126953125,62.505008697509766
What do you believe is the optimal method to navigate the traffic jam?,66.8967113494873,60.398765563964844
"Keep quiet, please!",73.75623416900635,76.22793960571289
The road was so quiet that she could hear the breathing of the people around her.,73.94561767578125,73.42981147766113
The road was so quiet that she could hear the breathing of the people around her.,73.94561767578125,73.42981147766113
"I'm sorry, this meal hasn't made me full. Can you give me another serving?",69.57197284698486,72.29702186584473
Each child of school age must be admitted on time and receive nine years of compulsory education.,78.95299530029297,81.79964256286621
Each child of school age must be admitted on time and receive nine years of compulsory education.,78.95299530029297,81.79964256286621
"The red light is for stopping, and the green light is for moving. This is the rule that everyone must follow.",60.24624538421631,60.661441802978516
Why didn't I take the exam this time? Is it because I wasn't careful enough or serious enough before the exam?,68.95662498474121,72.77086448669434
Why didn't I take the exam this time? Is it because I wasn't careful enough or serious enough before the exam?,68.95662498474121,72.77086448669434
"Often, others make you angry because your own cultivation is not enough.",76.37874412536621,75.60498809814453
"Often, others make you angry because your own cultivation is not enough.",76.37874412536621,75.60498809814453
He is almost one meter eight in height.,60.2095890045166,55.78991508483887
He is almost one meter eight in height.,60.2095890045166,55.78991508483887
This building is nearly one hundred meters tall.,58.82929039001465,55.93996858596802
"The materials are different, although these two things look similar.",81.80245971679688,77.87479972839355
"The materials are different, although these two things look similar.",81.80245971679688,77.87479972839355
He almost died in the plane accident he had.,64.09939098358154,62.410160064697266
"At night, he often recalls the past.",64.68979835510254,62.581953048706055
Uncle Wang often went to my house to chat on the rest.,73.28392028808594,69.91035842895508
Uncle Wang often went to my house to chat on the rest.,73.28392028808594,69.91035842895508
I will help you get the medicine; give me the prescription list.,80.74752235412598,78.65578556060791
Electronic prescriptions are now used by many hospitals.,57.8259162902832,61.73716068267822
Electronic prescriptions are now used by many hospitals.,57.8259162902832,61.73716068267822
"If you make a mistake, it doesn't matter; just correct it in time.",73.15804290771484,69.97285652160645
I hope you won't repeat the same mistakes in the future.,84.19573879241943,81.32200145721436
I hope you won't repeat the same mistakes in the future.,84.19573879241943,81.32200145721436
This wrong point of view was opposed by everyone.,72.97990798950195,73.39508438110352
"The password of the passbook is not okay, but you know that you can also take the money.",65.01242923736572,65.73066329956055
"The password of the passbook is not okay, but you know that you can also take the money.",65.01242923736572,65.73066329956055
You must make the worst plan.,63.4781551361084,61.59438705444336
You must make the worst plan.,63.4781551361084,61.59438705444336
What gift do you plan to give him for his birthday tomorrow?,78.65601921081543,79.64576148986816
My dad was nearly accepted into college.,60.52384185791016,52.525654792785645
My dad was nearly accepted into college.,60.52384185791016,52.525654792785645
He graduated from an esteemed university.,69.04409694671631,58.27755546569824
I saw someone being rescued and then sent to the stretcher.,69.54861450195312,70.63442039489746
This child's maturity is developed through life's exercises.,74.54977035522461,52.8325777053833
A period of maturity is adolescence.,68.9757308959961,64.0511589050293
A period of maturity is adolescence.,68.9757308959961,64.0511589050293
Said the teacher repeatedly.,68.06179809570312,69.47180366516113
"I went over the problem several times, and he finally understood.",70.35086917877197,53.79495286941528
"I went over the problem several times, and he finally understood.",70.35086917877197,53.79495286941528
He repeated the expression I couldn't believe and saw it again.,57.221229553222656,57.030290603637695
He repeated the expression I couldn't believe and saw it again.,57.221229553222656,57.030290603637695
"To write a good composition, it is best to avoid repeating words.",82.38383483886719,68.82961940765381
People in powerful positions will find fun in repeated lives.,70.53272914886475,69.32137298583984
People in powerful positions will find fun in repeated lives.,70.53272914886475,69.32137298583984
He feigned intelligence.,67.58441734313965,49.705843925476074
"They said he was smart, honest, and very good.",64.6265926361084,66.44493198394775
"In the stock market, many smart people fail.",76.45835876464844,71.84512233734131
"In the stock market, many smart people fail.",76.45835876464844,71.84512233734131
Are they probably polite to you?,67.89180755615234,68.60595607757568
Are they probably polite to you?,67.89180755615234,68.60595607757568
"Next month, I will probably come here.",72.58019256591797,68.87985420227051
"Next month, I will probably come here.",72.58019256591797,68.87985420227051
"Although he was lying to me, I forgive him because I knew.",70.68853378295898,66.24804496765137
I told him not to lie.,56.24232864379883,63.350375175476074
I must thank this generous individual face-to-face!,70.14762687683105,56.302083015441895
I must thank this generous individual face-to-face!,70.14762687683105,56.302083015441895
It is best not to talk behind if you have something to say in person.,52.264994621276855,62.32696723937988
"Today, it's too unlucky to forget to bring a mobile phone when going out.",73.92934226989746,72.96061515808105
"Today, it's too unlucky to forget to bring a mobile phone when going out.",73.92934226989746,72.96061515808105
"Recently, I'm really unlucky!",64.4819564819336,59.768911361694336
"Unlucky, really! You are about to break the record.",59.18019962310791,57.87527656555176
You can also communicate in body language in addition to communicating with deaf people.,83.36222171783447,76.27942276000977
You can also communicate in body language in addition to communicating with deaf people.,83.36222171783447,76.27942276000977
You will be hungry if you don't eat.,70.1345624923706,65.41263198852539
You will be hungry if you don't eat.,70.1345624923706,65.41263198852539
You can apply for a house that meets your conditions at an affordable price.,77.90154933929443,73.93637180328369
"She is not only very greedy, but she also complains that she is fat.",62.28021717071533,61.74998474121094
Her friends complained that her mother was very nagging.,74.86659336090088,72.77286720275879
Her friends complained that her mother was very nagging.,74.86659336090088,72.77286720275879
"From a drop of water, I thought of the vast sea.",64.48334503173828,69.10600090026855
I associate a lot of future career development.,76.48899364471436,77.59950637817383
I associate a lot of future career development.,76.48899364471436,77.59950637817383
A brand called Lenovo is a computer company.,55.13206958770752,53.85557174682617
People like the cute doll.,83.7790937423706,76.08788299560547
"To live well is a blessing, and you should cherish it.",72.1733341217041,69.81715202331543
"To live well is a blessing, and you should cherish it.",72.1733341217041,69.81715202331543
"Luck is long, and beauty is a blessing; beauty is not long.",77.40911483764648,76.30038452148438
"Those who lack ideals sleep well, and people without blessings are delicious.",76.85129165649414,62.91976451873779
"Optimistic about driving, he is focused on driving carefully and looking ahead.",62.91039848327637,56.67790603637695
Do you enjoy watching barrage?,83.29148578643799,76.91739463806152
"Today, I am sick, and the leader cordially cares about me, asking if I am okay.",79.94076156616211,79.51214027404785
"Today, I am sick, and the leader cordially cares about me, asking if I am okay.",79.94076156616211,79.51214027404785
"Teacher Wang, very kind and careful, taught me in a way that I will always remember.",78.12621402740479,72.60000610351562
Everyone has a kind of intimacy to return home because the owner is enthusiastic tonight.,65.4331865310669,61.94745922088623
"The teacher always looks at everyone with a gentle look during class, making us feel kind.",77.51532554626465,76.45088195800781
"The teacher always looks at everyone with a gentle look during class, making us feel kind.",77.51532554626465,76.45088195800781
"His words were full of gentleness, kindness, and pleasure.",59.26828575134277,57.325984954833984
"His words were full of gentleness, kindness, and pleasure.",59.26828575134277,57.325984954833984
"A smile is a silent and kind language, reflecting a friend's attitude towards you.",66.52258396148682,63.46678638458252
"This show is not suitable for me, I think.",56.26195526123047,46.93892478942871
"This show is not suitable for me, I think.",56.26195526123047,46.93892478942871
"From where does human success come? Knowledge, talent, or hard work.",65.06542778015137,68.11660575866699
"From where does human success come? Knowledge, talent, or hard work.",65.06542778015137,68.11660575866699
"No matter your intelligence, do not disregard or undervalue your talent; by nurturing it, you will achieve success.",67.1767578125,67.9789924621582
"The fact is not to deny you, but in front of you.",64.80757808685303,59.10231399536133
"The fact is not to deny you, but in front of you.",64.80757808685303,59.10231399536133
"It has been proven that it is also based on it, and he is still firmly denied.",55.46466064453125,55.46466064453125
"In China today, the people are strong and rich, and even the enemy cannot deny this.",84.90325832366943,85.28044319152832
"The amusement park is full of scary ghosts everywhere, causing scaredness.",47.79015922546387,44.50999736785889
"The amusement park is full of scary ghosts everywhere, causing scaredness.",47.79015922546387,44.50999736785889
"When women understand, they are not cold.",52.4227819442749,53.53523063659668
"When women understand, they are not cold.",52.4227819442749,53.53523063659668
"I'm hard to get along with, so don't make me angry.",71.66205406188965,73.79285049438477
The friendship is very convenient.,72.50019073486328,73.5225772857666
The friendship is very convenient.,72.50019073486328,73.5225772857666
Students should live and love in harmony and unite.,68.34536266326904,67.75586986541748
"The school is a place for talents, not a place to touch fish.",75.58293151855469,70.32301807403564
"The school is a place for talents, not a place to touch fish.",75.58293151855469,70.32301807403564
Who is the person you admire?,78.9206314086914,73.89016914367676
"Who is my idol, guess.",60.35425853729248,65.84676742553711
"Who is my idol, guess.",60.35425853729248,65.84676742553711
"For this, I admire him.",73.91466903686523,78.9573745727539
The ability to eat it doesn't imply that I am eating; it merely indicates that I can raise it.,68.59466743469238,62.09272289276123
"He had this one, what he did.",57.06891632080078,61.59825897216797
"He had this one, what he did.",57.06891632080078,61.59825897216797
Let's break up; I'm abandoning you too.,60.11981391906738,55.527031898498535
"If the heart can accommodate grievances and dissatisfaction, harm and pain will be there.",61.859506607055664,63.023685455322266
"If the heart can accommodate grievances and dissatisfaction, harm and pain will be there.",61.859506607055664,63.023685455322266
"People who have forgotten grace must forget, and those who remember must remember their revenge.",76.1646671295166,74.39593505859375
Every profession deserves respect.,72.6867036819458,73.07363510131836
Everyone he meets he respects.,70.2718620300293,75.23546028137207
Everyone he meets he respects.,70.2718620300293,75.23546028137207
Objective laws deserve respect.,52.46054649353027,58.39408016204834
Objective laws deserve respect.,52.46054649353027,58.39408016204834
"Feeling nervous, he cheated for the first time, but the teacher discovered him.",74.66304397583008,68.12420272827148
He put in his efforts on this work.,62.39260959625244,63.07600975036621
Your work cannot move people and lacks creativity.,55.4474573135376,55.14653921127319
Your work cannot move people and lacks creativity.,55.4474573135376,55.14653921127319
"There are many projects, but very few exclusive shops exist.",71.52618980407715,58.12477493286133
He took part in the library's summer activities.,86.28447151184082,88.94104099273682
He took part in the library's summer activities.,86.28447151184082,88.94104099273682
The companies jointly became a large organization.,78.02862167358398,77.61620903015137
The companies jointly became a large organization.,78.02862167358398,77.61620903015137
Knowledge consists of many aspects of a person.,79.12672424316406,75.43737411499023
His parents finally gave up blocking because of his persistence.,69.03533840179443,68.95012283325195
His parents finally gave up blocking because of his persistence.,69.03533840179443,68.95012283325195
Don't stop him from starting a business; people have various ideas.,69.31180000305176,56.76181983947754
He provided a summary of his earlier speech.,71.85272598266602,68.07767295837402
He provided a summary of his earlier speech.,71.85272598266602,68.07767295837402
"When I went to Japan, I rented a car.",48.95194149017334,51.658889293670654
"When traveling abroad, it is more convenient to rent a portable wireless.",73.79919910430908,73.64655876159668
"When traveling abroad, it is more convenient to rent a portable wireless.",73.79919910430908,73.64655876159668
"Due to the high rent, you can't rent it out.",69.75635623931885,68.53610801696777
He does not need to watch subtitles when watching movies because he has a high level of English.,72.45044326782227,69.35406398773193
He does not need to watch subtitles when watching movies because he has a high level of English.,72.45044326782227,69.35406398773193
Many subtitle groups translate foreign videos on the Internet.,80.07343482971191,78.09229469299316
His selfie does not resemble him.,65.14261245727539,66.46365737915039
His selfie does not resemble him.,65.14261245727539,66.46365737915039
He made WeChat avatars using a selfie.,65.11847305297852,60.109853744506836
Students like you make teachers proud.,79.3208875656128,73.17341709136963
Students like you make teachers proud.,79.3208875656128,73.17341709136963
I have a sense of national pride looking at the development of the motherland.,63.27335739135742,60.295759201049805
The national football performance is superior to the fans.,63.24935150146485,42.775611877441406
The national football performance is superior to the fans.,63.24935150146485,42.775611877441406
He attempted to overcome inferiority.,45.50783729553223,45.01474189758301
He attempted to overcome inferiority.,45.50783729553223,45.01474189758301
Could you tell me about the preparations you have made for this interview?,70.93032836914062,67.23221969604492
Could you tell me about the preparations you have made for this interview?,70.93032836914062,67.23221969604492
He strives to win the affection of the girl he likes.,79.63044738769531,70.14176559448242
Your health is very good currently.,78.96040534973145,75.67864799499512
"You do only small trading, and you don't make much money.",53.37851142883301,53.257734298706055
"You do only small trading, and you don't make much money.",53.37851142883301,53.257734298706055
"I don't earn a lot, but it is sufficient.",79.86548614501953,60.82472324371338
"I don't earn a lot, but it is sufficient.",79.86548614501953,60.82472324371338
Our company made a net profit of one million last month.,70.76627922058105,67.38650894165039
Large companies spent tens of thousands buying a set of electronic personnel management systems.,71.39336967468262,70.94540214538574
Large companies spent tens of thousands buying a set of electronic personnel management systems.,71.39336967468262,70.94540214538574
I regret most that I did not go with Grandpa.,57.03095817565918,55.087355613708496
"Mom said that to be perfect, life must always have a little regret.",77.17278099060059,77.95090961456299
"In the world, there is no medicine for regret.",69.55619812011719,68.74282169342041
"In the world, there is no medicine for regret.",69.55619812011719,68.74282169342041
My favorite long-term things suddenly got off the shelves. I regret not buying them yesterday.,65.42604351043701,64.74891185760498
My favorite long-term things suddenly got off the shelves. I regret not buying them yesterday.,65.42604351043701,64.74891185760498
Regret is useless; consider how to remedy it.,75.67723274230957,65.36296463012695
"I apologized, and I was to blame.",66.26610279083252,64.20247077941895
"I apologized, and I was to blame.",66.26610279083252,64.20247077941895
"An active apology is not weak, but requires courage.",78.05832862854004,80.12545871734619
"An active apology is not weak, but requires courage.",78.05832862854004,80.12545871734619
"Why do you apologize to me when it is not your mistake, as it turns out?",69.78227806091309,67.55685329437256
These things have their existence.,60.53868865966797,59.50300407409668
These things have their existence.,60.53868865966797,59.50300407409668
"On the subway, my mobile phone was stolen.",79.49586486816406,78.23328590393066
Electronic maps have gradually replaced the traditional map book.,78.07997131347656,71.6028470993042
Electronic maps have gradually replaced the traditional map book.,78.07997131347656,71.6028470993042
Where can I purchase the map of the city?,73.21243000030518,73.14362335205078
"The skin of the book is the cover, and the quality is good.",78.1286506652832,76.77269172668457
"The skin of the book is the cover, and the quality is good.",78.1286506652832,76.77269172668457
The book cover's content is rich.,63.37925434112549,63.630868911743164
It is easy to catch a cold in winter and spring.,77.63116264343262,76.76787185668945
Studying abroad is not the only choice in life necessarily.,64.32326126098633,65.27547264099121
"It is not easy to choose so many dates, so pick your favorite number, 7.",70.84991264343262,66.85146999359131
"It is not easy to choose so many dates, so pick your favorite number, 7.",70.84991264343262,66.85146999359131
This business card doesn't look good; you have to redo it.,76.94218826293945,56.7287483215332
"During the conversation, both sides' bosses swap their business cards.",77.13978958129883,79.27851676940918
"During the conversation, both sides' bosses swap their business cards.",77.13978958129883,79.27851676940918
The key to opening the door of knowledge is learning.,66.76950550079346,64.88158512115479
The key to opening the door of knowledge is learning.,66.76950550079346,64.88158512115479
"Due to a lack of funds, the factory closed down.",70.03541469573975,76.9474687576294
Who are the relatives in your family that are distant?,81.6520824432373,75.57613563537598
"Since I have no allergies, I don't know what the feeling of allergies is like.",76.1081771850586,74.12870597839355
"Human beings have good friends in animals, and we should take care of them.",86.36098194122314,86.3046989440918
"Human beings have good friends in animals, and we should take care of them.",86.36098194122314,86.3046989440918
"Unless we love the earth, it will punish us.",76.38738250732422,69.74081516265869
"His attitude, being arrogant, makes it difficult to approach.",60.056060791015625,62.53353404998779
"Around you, no politeness, arrogance, and friendship.",63.71738624572754,63.79050540924072
"Around you, no politeness, arrogance, and friendship.",63.71738624572754,63.79050540924072
The store is open mainly during the day.,75.46952438354492,77.79299545288086
The store is open mainly during the day.,75.46952438354492,77.79299545288086
Thinking repeated during the day.,54.22457551956177,53.037428855895996
The class role of the positive leader generally plays the squad.,70.94484806060791,66.20280361175537
The class role of the positive leader generally plays the squad.,70.94484806060791,66.20280361175537
"The squad leader has certain responsibilities, but must also bear certain rights.",78.36128616333008,78.61910247802734
He wants to watch a movie; I can download and check it on this website.,77.60176277160645,77.40810680389404
"Using the software, he checked his train number.",62.52594375610352,64.0383415222168
"Using the software, he checked his train number.",62.52594375610352,64.0383415222168
Everyone is encouraged by the teacher to take the initiative to inquire about some information.,68.4095230102539,70.48294830322266
This supermarket promises that its items are cheaper than those of other supermarkets.,75.65412139892578,73.48278331756592
Differences still exist between convenience stores and supermarkets.,63.92660999298096,54.05586338043213
"We should be helping classmates, not ridiculing them for their shortcomings.",89.88272476196289,87.88154411315918
"We should be helping classmates, not ridiculing them for their shortcomings.",89.88272476196289,87.88154411315918
We ought to see the advantages of others rather than laugh at their shortcomings.,77.50579261779785,71.2907772064209
We ought to see the advantages of others rather than laugh at their shortcomings.,77.50579261779785,71.2907772064209
He cried while the people around him were laughing.,78.03774070739746,70.62285137176514
He got up after a lapse.,39.49038314819336,43.25492191314697
He got up after a lapse.,39.49038314819336,43.25492191314697
The teacher assigned cleaning as a punishment to the student.,72.7997636795044,61.457414627075195
No one likes to be punished.,78.85593032836914,72.71608352661133
The punishment for women is too heavy for him.,56.10796642303467,57.00796699523926
The person who shook the army during the war must be punished.,65.22645282745361,60.383758544921875
The person who shook the army during the war must be punished.,65.22645282745361,60.383758544921875
Rewards and punishment must be there.,67.89622020721436,68.82644844055176
The school is renowned for disciplining students.,65.73898124694824,69.31780815124512
The school is renowned for disciplining students.,65.73898124694824,69.31780815124512
All the desserts made by this chef are popular.,60.968631744384766,58.85652732849121
All the desserts made by this chef are popular.,60.968631744384766,58.85652732849121
The salary of the chef has increased gradually with the catering industry's development.,63.16548442840576,63.80669403076172
The film reflects the process chefs use for cooking food.,62.328556060791016,61.49359703063965
The film reflects the process chefs use for cooking food.,62.328556060791016,61.49359703063965
This method stimulates the brain.,76.26559066772461,72.86233520507812
The spirit will respond when facing the stimulus of the outside world.,53.4519510269165,54.75768852233887
The spirit will respond when facing the stimulus of the outside world.,53.4519510269165,54.75768852233887
"He is a lively, smart, and cute rural child.",77.382004737854,77.76267433166504
They always believed they knew the solution to every question.,77.55064678192139,48.39342403411865
He was eager to learn the answer.,80.86422061920166,58.82911014556885
"Plagiarism is illegal, according to the answer.",53.44013166427612,53.784074783325195
"Plagiarism is illegal, according to the answer.",53.44013166427612,53.784074783325195
The book's cover was destroyed.,74.26359558105469,75.68185234069824
The software of the mobile phones can study the cover.,73.75565338134766,71.86561679840088
The software of the mobile phones can study the cover.,73.75565338134766,71.86561679840088
"If you want to be healthy, don't smoke.",87.2698278427124,85.2061824798584
"If you do not lose weight in summer, it will be fat in winter.",88.60100650787354,80.34943580627441
"If you do not lose weight in summer, it will be fat in winter.",88.60100650787354,80.34943580627441
"There is no bad mood that cannot be solved with hot pot. If it is still not good, then have another hot pot.",77.25025939941406,75.67765998840332
"There is no bad mood that cannot be solved with hot pot. If it is still not good, then have another hot pot.",77.25025939941406,75.67765998840332
My biggest goal now is finding a girlfriend.,80.46329689025879,71.09329605102539
My biggest goal now is finding a girlfriend.,80.46329689025879,71.09329605102539
Talking about friends spending money and spending time may not have results.,53.53998374938965,54.48767900466919
Talking about friends spending money and spending time may not have results.,53.53998374938965,54.48767900466919
Treatment with drugs can relieve cold symptoms.,48.46299839019776,44.700629234313965
Treatment with drugs can relieve cold symptoms.,48.46299839019776,44.700629234313965
A fever caused by a cold is referred to as a cold fever.,77.01243019104004,69.61657333374023
A fever caused by a cold is referred to as a cold fever.,77.01243019104004,69.61657333374023
"For the first time, I felt strange abroad.",79.000412940979,77.04484748840332
"For the first time, I felt strange abroad.",79.000412940979,77.04484748840332
The most real feeling of children is their expression.,78.43038654327393,78.93217372894287
The most real feeling of children is their expression.,78.43038654327393,78.93217372894287
Appropriate wages can attract and encourage workers by giving them incentives.,71.65337562561035,69.89349555969238
Appropriate wages can attract and encourage workers by giving them incentives.,71.65337562561035,69.89349555969238
We have various methods for coping with this failure.,76.53750610351562,77.31804466247559
We have various methods for coping with this failure.,76.53750610351562,77.31804466247559
"The technology of Master Wang is very high, and everything can be repaired.",71.58141136169434,70.95928764343262
"The technology of Master Wang is very high, and everything can be repaired.",71.58141136169434,70.95928764343262
The joints of the human finger are generally fragile.,70.20023155212402,69.40894508361816
The joints of the human finger are generally fragile.,70.20023155212402,69.40894508361816
The current commercial advertisements are mostly required to pay online customers.,70.67569637298584,68.63241195678711
The current commercial advertisements are mostly required to pay online customers.,70.67569637298584,68.63241195678711
"Internally, advertising must be propagated.",75.68738651275635,74.04469871520996
"Internally, advertising must be propagated.",75.68738651275635,74.04469871520996
"There are many commonly used methods of nuclear magnetic resonance, such as electrical magnetic resonance.",70.48640632629395,73.2870044708252
"There are many commonly used methods of nuclear magnetic resonance, such as electrical magnetic resonance.",70.48640632629395,73.2870044708252
The center uses advanced MRI to examine the contents of the food.,67.29473781585693,62.794654846191406
The center uses advanced MRI to examine the contents of the food.,67.29473781585693,62.794654846191406
"Red envelopes, in the traditional sense, are also called New Year's money.",73.82091522216797,69.15670967102051
"Red envelopes, in the traditional sense, are also called New Year's money.",73.82091522216797,69.15670967102051
A variety of red envelopes are available on the Internet.,71.25685119628906,63.070322036743164
A variety of red envelopes are available on the Internet.,71.25685119628906,63.070322036743164
We need to understand and manage technology cadres.,72.42404747009277,67.58139991760254
We need to understand and manage technology cadres.,72.42404747009277,67.58139991760254
"By utilizing new technologies, it significantly decreases financial expenses.",60.86581230163574,58.36965370178223
"By utilizing new technologies, it significantly decreases financial expenses.",60.86581230163574,58.36965370178223
We must strive to develop technology and science and narrow the gap with developed countries.,80.20544719696045,80.65973663330078
We must strive to develop technology and science and narrow the gap with developed countries.,80.20544719696045,80.65973663330078
Family members come to visit relatives every festival.,67.06973266601562,65.31643486022949
Family members come to visit relatives every festival.,67.06973266601562,65.31643486022949
My brother opened a company that belonged to him and resigned himself.,77.3167495727539,71.46465301513672
My brother opened a company that belonged to him and resigned himself.,77.3167495727539,71.46465301513672
Those who were killed had families that were sad.,54.25455284118652,57.393696784973145
Those who were killed had families that were sad.,54.25455284118652,57.393696784973145
Work as a part-time workman is a bit difficult for me.,75.4188756942749,75.45065879821777
"On the website, there are many part-time websites.",65.70108318328857,69.64020538330078
We should ensure that the results of the calculation are accurate.,60.885398864746094,64.46027374267578
We should ensure that the results of the calculation are accurate.,60.885398864746094,64.46027374267578
He provided a reason for the occurrence.,67.57959079742432,52.63895845413208
That excuse will not be perfunctory to me.,64.02637195587158,47.06330680847168
That excuse will not be perfunctory to me.,64.02637195587158,47.06330680847168
I want to create excuses.,68.81125450134277,62.209434509277344
I want to create excuses.,68.81125450134277,62.209434509277344
"Li Qiang's learning experience, being successful, is worthy of our reference.",74.08648872375488,70.23087310791016
Copying the experience of others simply will not help themselves.,81.04151439666748,82.45774841308594
Copying the experience of others simply will not help themselves.,81.04151439666748,82.45774841308594
"""The ancients left us this experience and lesson: when did you report the grievances?""",69.86981678009033,70.5112533569336
The teacher arranged a class for the students to share their learning experiences.,85.53986835479736,80.6268253326416
The teacher arranged a class for the students to share their learning experiences.,85.53986835479736,80.6268253326416
"We must never despise them, but we must be difficult to look at.",77.27877807617188,77.14419555664062
Your analysis shows that your decision is correct.,62.87760066986084,57.97139358520508
Your analysis shows that your decision is correct.,62.87760066986084,57.97139358520508
He learned in childhood how to ignore difficulties.,70.93947410583496,73.48356437683105
The courier's work is very hard.,73.75034618377686,73.68339538574219
The courier's work is very hard.,73.75034618377686,73.68339538574219
There are differences between delivery express and express delivery.,79.60410499572754,79.26573276519775
We couldn't help laughing at the party when we saw Xiao Wang imitating the celebrities.,66.3980484008789,64.56119060516357
We couldn't help laughing at the party when we saw Xiao Wang imitating the celebrities.,66.3980484008789,64.56119060516357
The doctor's first aid box contains various things.,54.04125022888184,48.636393547058105
"Currently, the contraceptive rate among Chinese women is one percent.",76.13905906677246,78.8779067993164
"Currently, the contraceptive rate among Chinese women is one percent.",76.13905906677246,78.8779067993164
"As spring began, farmers rushed to work.",91.74885559082033,90.35259532928467
"As spring began, farmers rushed to work.",91.74885559082033,90.35259532928467
Leaders should not be arrogant if they are powerful.,64.22515487670898,61.69207954406738
Leaders should not be arrogant if they are powerful.,64.22515487670898,61.69207954406738
"In winter, soak your feet.",70.0282850265503,67.4831132888794
I love China's Communist Party.,85.48962020874023,88.09861183166504
I love China's Communist Party.,85.48962020874023,88.09861183166504
The Kuomintang is me.,70.09096336364746,63.72291374206543
The Kuomintang is me.,70.09096336364746,63.72291374206543
"Seeing your disappointment, could it be the failure of the college entrance examination?",64.99620056152344,62.09623432159424
My credit card has expired; can I apply for a new one?,62.806884765625,64.06929016113281
My credit card has expired; can I apply for a new one?,62.806884765625,64.06929016113281
"According to statistics, there are about 13 million abortions in my country each year.",74.47944831848145,75.0733470916748
An American company has bid on a contract with an amount of 75 million yuan.,62.644057273864746,58.34052085876465
An American company has bid on a contract with an amount of 75 million yuan.,62.644057273864746,58.34052085876465
What obstacles can't you see to avoid it?,61.69569110870361,56.4185676574707
"When having sex, it is dangerous not to wear condoms.",73.68637943267822,75.11784744262695
"When having sex, it is dangerous not to wear condoms.",73.68637943267822,75.11784744262695
"I know he has a girlfriend, but I’m not jealous enough to say bad things about him.",79.1575927734375,79.72490215301514
Doctors will check your diagnosis of appendicitis.,67.57982444763184,68.87997436523438
Doctors will check your diagnosis of appendicitis.,67.57982444763184,68.87997436523438
Being selfish is not an option for us.,76.92989158630371,53.574477195739746
Being selfish is not an option for us.,76.92989158630371,53.574477195739746
Miss Li politely rejected Miss Wang's invitation because of something at home.,64.52695083618164,55.760605335235596
"The enemy doesn't want to come again, unwilling to fail.",61.098087310791016,61.52732276916504
"The enemy doesn't want to come again, unwilling to fail.",61.098087310791016,61.52732276916504
The problem lies with both the overall and local situation of this issue.,80.166748046875,76.5020980834961
Obtaining a visa is not done casually.,65.6264419555664,66.20788383483887
Obtaining a visa is not done casually.,65.6264419555664,66.20788383483887
We refer to this kind of disgusting food as dark dishes.,55.630568981170654,54.43810510635376
"The price, including packaging and postage, is five yuan.",62.76703071594238,63.83880424499512
"Often, the truth can fill the lack of knowledge, but the flaws of the truth can never be filled by knowledge.",78.5471248626709,77.10635089874268
"Often, the truth can fill the lack of knowledge, but the flaws of the truth can never be filled by knowledge.",78.5471248626709,77.10635089874268
Fuwa was the mascot logo of the Beijing Games.,61.833364486694336,61.45685386657715
Her home she loves to protect.,57.60232639312744,54.9332799911499
"In advance, you install the schoolbag so as not to complete it.",58.47091770172119,58.56319618225098
"In advance, you install the schoolbag so as not to complete it.",58.47091770172119,58.56319618225098
"After a program is compiled, it must undergo repeated debugging.",74.55283451080322,72.26077270507812
The bridge of the Yangtze River connected the north and south sides of the river.,79.36408615112305,74.02228164672852
The bridge of the Yangtze River connected the north and south sides of the river.,79.36408615112305,74.02228164672852
He was very angry and denied saying this and the basis of where to pursue.,65.66721725463867,66.14065933227539
"The dog, which the farmers loved, bit them.",59.726667404174805,51.16294002532959
Which Geely is suitable for recent wedding banquets?,69.82675170898438,71.4352798461914
Which Geely is suitable for recent wedding banquets?,69.82675170898438,71.4352798461914
This supermarket member card was applied for by Mom.,72.20822143554688,69.33184051513672
The conference room has multimedia systems.,84.35967445373535,84.57851791381836
The conference room has multimedia systems.,84.35967445373535,84.57851791381836
"After studying the disease, we have to study the results.",59.88782596588135,61.44115924835205
"After studying the disease, we have to study the results.",59.88782596588135,61.44115924835205
"He believed he could make it to the finals, but he stumbled right from the start.",74.99550819396973,65.38898658752441
A lot of people died of AIDS last year.,81.06647491455078,77.24335670471191
A lot of people died of AIDS last year.,81.06647491455078,77.24335670471191
"Each person has their own characteristics, so why not emulate them?",57.06786155700684,57.37907028198242
"Each person has their own characteristics, so why not emulate them?",57.06786155700684,57.37907028198242
Lining up in order is a good habit.,68.40828132629395,59.35421562194824
Lining up in order is a good habit.,68.40828132629395,59.35421562194824
The person cheating was arrested on the spot. He emphasized various reasons there and didn't feel bad.,74.36409187316895,71.75794410705566
This type of event occurs only on certain occasions.,65.78575134277344,66.47775650024414
This type of event occurs only on certain occasions.,65.78575134277344,66.47775650024414
I am embarrassed to turn my face because it is you.,71.3178539276123,64.97069931030273
I am embarrassed to turn my face because it is you.,71.3178539276123,64.97069931030273
"I told him this sentence, although I was shy.",71.54798603057861,72.76052379608154
"I told him this sentence, although I was shy.",71.54798603057861,72.76052379608154
You are also shy like people!,60.29651355743408,57.56585693359375
"If you drink too much, this is delicious, but you will get fat.",58.10789203643799,61.3139533996582
"If you drink too much, this is delicious, but you will get fat.",58.10789203643799,61.3139533996582
"When they are unlucky, some people always borrow wine.",69.75727081298828,66.4593448638916
"When they are unlucky, some people always borrow wine.",69.75727081298828,66.4593448638916
"When he travels, he will send a selfie from every place.",76.61943054199219,78.5098876953125
"If you suspect that your child has appendicitis, don't give them medicine, as it will hurt.",78.58601760864258,80.48582077026367
"If you suspect that your child has appendicitis, don't give them medicine, as it will hurt.",78.58601760864258,80.48582077026367
Vientiane is updated and the situation is good under the spring breeze of the Communist Party's reform and opening up.,81.01185417175293,77.84337043762207
"Ultimately, maintaining information and verifying customer satisfaction with customers.",54.80715560913086,52.463844299316406
"This time, you introduced the cooperation between his two universities and me.",69.97629451751709,71.92782783508301
"This time, you introduced the cooperation between his two universities and me.",69.97629451751709,71.92782783508301
The QR code square contains a lot of information.,70.50810241699219,69.83118438720703
The QR code square contains a lot of information.,70.50810241699219,69.83118438720703
The typhoon caused severe damage to property.,52.503644943237305,54.5660285949707
"Enthusiastically, the salesperson introduced the goods to the customer.",71.35148620605469,68.88024139404297
"Enthusiastically, the salesperson introduced the goods to the customer.",71.35148620605469,68.88024139404297
I don't understand this article after reading it several times.,66.8215160369873,68.09283351898193
"If the seat is left unattended for more than an hour, someone will come over to collect your books.",65.79724025726318,62.35433769226074
The navigation positioning system has brought convenience to our lives.,72.45893478393555,71.97557258605957
The navigation positioning system has brought convenience to our lives.,72.45893478393555,71.97557258605957
Bicycles can use the road without being affected by traffic jams.,66.36372184753418,69.84629821777344
Bicycles can use the road without being affected by traffic jams.,66.36372184753418,69.84629821777344
He often communicates with people and has thoughts.,68.06589698791504,63.811153411865234
He often communicates with people and has thoughts.,68.06589698791504,63.811153411865234
"In the passbook, I have 500 yuan.",58.84227466583252,58.84853649139404
Successful entrepreneurs continue to learn from the experience of the strong.,76.8263111114502,75.59966087341309
Successful entrepreneurs continue to learn from the experience of the strong.,76.8263111114502,75.59966087341309
You have a mind for doing business.,77.54013252258301,76.53970909118652
The main way AIDS spreads is through sexual communication.,75.24692916870117,72.11824607849121
"In front of the street, there is a supermarket.",65.73070335388184,70.90079498291016
"In front of the street, there is a supermarket.",65.73070335388184,70.90079498291016
"In every pulse, love beating.",65.52498435974121,59.460105895996094
Gone is my laptop!,83.94818305969238,77.83806991577148
Gone is my laptop!,83.94818305969238,77.83806991577148
"The word doesn't have a fixed meaning itself, and people use it to express themselves.",71.80543518066406,73.85278511047363
"The effect of the loan card loss will take place the next day, meaning money will not be deducted that day.",76.2411241531372,74.74260520935059
"The effect of the loan card loss will take place the next day, meaning money will not be deducted that day.",76.2411241531372,74.74260520935059
"Because he was afraid of others, he kept to himself all day and couldn't eat.",66.8561897277832,65.21153259277344
"You may feel that you have not succeeded, but don't doubt that you progress further every day.",72.66067504882812,72.15320014953613
"You may feel that you have not succeeded, but don't doubt that you progress further every day.",72.66067504882812,72.15320014953613
Can I refuse a surprising opportunity to go to the bank?,54.947142124176025,51.12565612792969
The Gala party officially started after all the students were seated.,72.27748203277588,65.80232048034668
The Gala party officially started after all the students were seated.,72.27748203277588,65.80232048034668
It's unfortunate that others possess strong ability and good taste. It's a pity.,58.56084632873535,55.40121793746948
Uncle Wang was not afraid of the gangster facing the knife in the slightest.,57.71013259887695,57.631813049316406
The movie's actress is very beautiful.,80.19270324707031,82.5084171295166
Fewer and fewer people are still using text messages.,58.84804916381836,59.13296890258789
She falsely claimed that she already possessed the object of communication.,62.11542701721192,60.46759223937988
Every minute is precious for us.,82.51335716247559,76.3249979019165
"Calm down, I will help you.",79.51677322387695,73.18445873260498
Check whether there are napkins and other items in your mouth before putting your clothes into the washing machine.,76.02515125274658,72.64335823059082
There are many different takeaway companies.,67.94831085205078,69.40881156921387
People can't surpass flying.,66.54401969909668,66.75004577636719
The annual singing competition at the school is about to begin.,70.82199478149414,66.48477935791016
Today you copy three paper tablet.,69.40364456176758,68.76981163024902
The bowl for glass production is old.,49.90776777267456,51.17618799209595
The minimum price of the lottery ticket is two dollars.,68.80689525604248,69.4672040939331
"With his strength, winning the championship is easy.",61.94117736816406,58.43160438537598
"The more I feel the good personality of others, the more contact there is.",67.95359802246094,65.50220680236816
China's financial center can be said to be Shanghai.,69.53202533721924,56.54758930206299
I have always felt that people doing finance are mysterious.,66.97515773773193,69.52777290344238
"Here, we found a dirty river.",54.24467945098877,57.87631130218506
"The more I find my cleverness, the more I learn.",65.01825714111328,63.70996284484863
Older individuals hold superstitious beliefs.,44.95624256134033,47.50284290313721
Connect the power supply.,37.56019878387451,51.99938440322876
"Are there any additional symptoms, like vomiting, diarrhea, nausea?",62.46948051452637,60.53597831726074
The classmates secured the first place at the sports meeting.,76.14693641662598,76.23912811279297
"The applet does not need to be downloaded, which is very convenient, as it can be used directly.",72.38619613647461,72.14179801940918
The prescription the doctor gave me was specially formulated for colds.,66.17036628723145,67.72775173187256
This tedious life is something I can't stand.,80.36273384094238,78.3681755065918
"I found it in time, fortunately; otherwise, it would be unlucky.",73.97232055664062,79.1467113494873
"He wandered on the street, a blank look showed on his face.",81.06714248657227,79.84485816955566
"He would only brag, and when he finally wanted to take action, he was met with a blank face.",72.26334285736084,57.7050724029541
Students must pay miscellaneous fees every semester according to state regulations.,60.08285713195801,59.532490730285645
"When I grow up, I must enlist in the army and serve on the front line as a nurse.",68.38732624053955,66.73937797546387
We should teach how to avoid being injured in physical education classes.,81.21888160705566,76.29621887207031
Our teacher always pays attention to the subtle changes in the students and is very careful.,79.7096815109253,72.58678817749023
The bank card is restricted to my use and must not be borrowed or rented.,60.43123626708984,58.102251052856445
Are you willing to sign a common property for renting or buying?,69.96727561950684,69.02872943878174
"This disease, spread through the air, requires attention to prevention.",85.66103935241699,80.06846809387207
He finally settled with the help of the government twenty years later.,75.76935768127441,71.22325897216797
The medical staff are wearing clothes that are snow-white.,65.9286584854126,64.42632102966309
"The status quo is still not enough to maintain, and a breakthrough must be made.",46.08049392700195,52.06025695800781
"The status quo is still not enough to maintain, and a breakthrough must be made.",46.08049392700195,52.06025695800781
"If you lose the passbook, go to the bank to resolve it.",65.99455451965332,64.32793426513672
He was in a coma when he was lifted into the stretcher.,56.65510845184326,59.12481117248535
He was in a coma when he was lifted into the stretcher.,56.65510845184326,59.12481117248535
Workers enhance their abilities in their jobs.,84.43437576293945,70.34361934661865
"He knew only how to repeat the ideas of others, and he didn't have any original claims at all.",72.82664680480957,73.9244155883789
"In the future, he wants to be a scientist.",66.9671401977539,71.76185607910156
The campus is beautiful and neat.,66.22979354858398,50.83548927307129
The campus is beautiful and neat.,66.22979354858398,50.83548927307129
The bird behind frightened the cat.,73.66616535186768,70.11729907989502
What else do you have when you see that she has not expressed such a big grievance?,82.6582670211792,77.44573783874512
"After being criticized by the teacher, Xiaoming felt aggrieved and immediately talked to someone.",75.34460830688477,73.94009685516357
"After being criticized by the teacher, Xiaoming felt aggrieved and immediately talked to someone.",75.34460830688477,73.94009685516357
"There was a shop still for rent, but now I can't find it.",65.18567752838135,65.95536804199219
"There was a shop still for rent, but now I can't find it.",65.18567752838135,65.95536804199219
I join the organization voluntarily.,88.25911617279053,85.590163230896
Subway stations are specially decorated in many cases.,60.592514991760254,66.63812065124512
An artistic design is the cover design.,78.80827903747559,78.70450496673584
An artistic design is the cover design.,78.80827903747559,78.70450496673584
"When signing the contract, write the date to avoid it being invalid.",70.05649662017822,65.20382881164551
"When signing the contract, write the date to avoid it being invalid.",70.05649662017822,65.20382881164551
The Great Hall of the People is Beijing's business card.,74.9248456954956,68.07468891143799
The Great Hall of the People is Beijing's business card.,74.9248456954956,68.07468891143799
Two couples went together to travel to the United States.,80.52654266357422,83.18087577819824
Two couples went together to travel to the United States.,80.52654266357422,83.18087577819824
The factory recruited several skilled workers urgently.,76.83241271972656,75.18667411804199
"To entertain Yuanyuan's elder brother, his mother made a table.",76.31767463684082,70.54214859008789
"To entertain Yuanyuan's elder brother, his mother made a table.",76.31767463684082,70.54214859008789
He always serves as a good example for us to learn.,69.4793472290039,69.61897659301758
"After the child received the injection, he became quiet.",70.1855583190918,69.66044616699219
"After the child received the injection, he became quiet.",70.1855583190918,69.66044616699219
"If you press the result, the inquiry will appear.",52.608306884765625,50.996581077575684
"When I dream, I found you chasing me.",66.46642112731934,68.86993408203125
"I don't have a man, so don't talk nonsense.",68.74109268188477,65.09251117706299
Why don't you eat fat if you like to eat oil?,70.01573467254639,64.38864994049072
Why don't you eat fat if you like to eat oil?,70.01573467254639,64.38864994049072
You should seek timely medical treatment when you have a cold.,59.09677314758301,60.44516181945801
"As China's economy has developed, wages have increased.",80.22911930084229,74.95453262329102
"As China's economy has developed, wages have increased.",80.22911930084229,74.95453262329102
The operation on his knee was very successful.,65.26115989685059,66.9034070968628
The operation on his knee was very successful.,65.26115989685059,66.9034070968628
Companies in advertising can fully utilize their technology in decoration and art painting.,73.74634742736816,74.11504077911377
Determine the machine's surface by MRI.,63.63428688049317,62.00443649291992
Determine the machine's surface by MRI.,63.63428688049317,62.00443649291992
Many people do not have hospital insurance.,63.43239974975586,49.5439977645874
The families of the victims in the accident were deeply mourned by people across the country.,58.72910118103027,57.533753395080566
The families of the victims in the accident were deeply mourned by people across the country.,58.72910118103027,57.533753395080566
Some students are obsessed with the Internet and always find excuses to deceive their parents out of money to surf at Internet cafes.,64.87339401245117,62.82344055175781
"For many years, teachers have gained rich experience in their teaching work.",84.65486812591553,78.464599609375
"Today, the courier actively works.",80.77889823913574,78.68376350402832
"The room of your daughter is beautiful, all pink.",82.64947509765625,81.623703956604
"The room of your daughter is beautiful, all pink.",82.64947509765625,81.623703956604
A way to limit customer traffic is by increasing fare.,62.69400501251221,64.79444694519043
"I'm scared, it's dark.",80.29692459106445,72.70277214050293
"I'm scared, it's dark.",80.29692459106445,72.70277214050293
A long time that cannot be banned it is not.,63.485084533691406,59.95171928405762
"Innovation is art. If it is just imitation, what else does art have?",74.97473335266113,74.85091209411621
"Innovation is art. If it is just imitation, what else does art have?",74.97473335266113,74.85091209411621
"In the place where I internship, there is no salary, only bus subsidies.",65.16559028625488,64.83649063110352
The expired porridge is eight treasure.,79.74173164367676,77.20635986328125
"The closer we get to the final stage, the more we can't relax.",64.8860445022583,65.22244071960449
"The closer we get to the final stage, the more we can't relax.",64.8860445022583,65.22244071960449
The meeting began after the leader was thirty minutes late.,78.65560531616211,70.15215301513672
The meeting began after the leader was thirty minutes late.,78.65560531616211,70.15215301513672
I will separately introduce these colleagues.,75.45087242126465,73.83584213256836
I will separately introduce these colleagues.,75.45087242126465,73.83584213256836
Thousand twenty.,56.559438705444336,53.46899747848511
Some people use cows that are dead instead of ones that are alive.,66.20263671875,64.05985736846924
Dad had to divert due to serious traffic jams.,67.57553195953369,62.09760284423828
Dad had to divert due to serious traffic jams.,67.57553195953369,62.09760284423828
The stone is naturally formed.,46.78401470184326,49.58280038833618
"For my birthday, my boyfriend bought me a large doll as a gift.",69.25995635986328,68.65163135528564
"For my birthday, my boyfriend bought me a large doll as a gift.",69.25995635986328,68.65163135528564
Some colleagues of mine like to touch fish in muddy water at work.,57.81650352478027,58.749488830566406
Life is too short to use it all remembering things that aren't interesting.,59.68060493469238,59.3685417175293
Your cheating behavior was captured in this video.,85.49309158325195,79.71258544921875
"This money is reserved, and we will refund you after the rent.",69.66976547241211,69.66976547241211
"This money is reserved, and we will refund you after the rent.",69.66976547241211,69.66976547241211
The key was damaged and could not be removed.,56.90011405944824,52.12759494781494
"Carefully, workers care for trees and flowers.",66.79872512817383,68.9295883178711
A beautiful old house is Shanghai's most international building logo.,63.31010055541992,60.27705383300781
The kitten sleeps.,77.58858489990234,77.6043062210083
The kitten sleeps.,77.58858489990234,77.6043062210083
The chef found that there was a mouse in the place where dinner was.,67.78073692321777,67.92083358764648
The chef found that there was a mouse in the place where dinner was.,67.78073692321777,67.92083358764648
