refs,hyps,same_indices,random_indices,same_index_bleu1,different_index_bleu1,same_index_bleu2,different_index_bleu2,same_index_bleu3,different_index_bleu3,same_index_bleu4,different_index_bleu4,same_index_rouge,different_index_rouge,same_index_bert,different_index_bert,same_index_bleurt,different_index_bleurt
中国人民解放军在众寡悬殊的形势下，采取集中力量打歼灭战等战术，终于赢得了战争的胜利。,"{'人民解放军在人民解放军的帮助下,在敌人的危险中努力消灭敌人。', 'S001960_P0004_T00'}","(0, 0)","[887, 137]",29.0472019948777,0.0,18.322269179980722,0.0,14.75868154631352,0.0,12.439290089870026,0.0,31.623931623917716,0.0,71.56176567077637,67.77774691581726,0.44967329502105713,0.1662893295288086
中国人民解放军在众寡悬殊的形势下，采取集中力量打歼灭战等战术，终于赢得了战争的胜利。,"{'S001960_P0005_T00', '人民解放军在处理危险,集中力量消灭敌人。'}","(1, 1)","[241, 189]",19.97226502188477,0.0,16.73092252370792,0.0,14.590321569281075,0.0,12.488792008588213,0.0,31.63434363123358,0.0,72.96620607376099,63.37180137634277,0.5282099843025208,0.018289640545845032
政府机关的改革，不但要精简多余的人员，更要减少重叠的机构。,"{'改革后,政府不但废除了改革的机构,还废除了改革的机构。', 'S001965_P0000_T00'}","(2, 2)","[862, 721]",41.27124026191912,7.325278573256962,29.739093787742807,0.0,18.729455945455054,0.0,12.626953198628751,0.0,32.06117262656852,10.611782477347365,77.3871898651123,67.01281666755676,0.502821683883667,0.047596678137779236
政府机关的改革，不但要精简多余的人员，更要减少重叠的机构。,"{'S001965_P0005_T00', '政客们在改革后,不但废除了改革的那些机会,也废除了改革的那些机会。'}","(3, 3)","[983, 161]",30.303030303030308,3.6626392866284823,13.762047064079509,0.0,0.0,0.0,0.0,0.0,28.79355501767586,5.30589123867667,73.84433150291443,66.162770986557,0.3934583067893982,0.20177286863327026
我国今年的进口减少了。,"{'S001969_P0000_T00', '我国今年春回大地,艾滋病的患病率大大减少了。'}","(4, 4)","[295, 792]",40.90909090909091,9.090909090909093,34.18817293789137,0.0,28.593057216002816,0.0,22.27227312202058,0.0,45.4545454544862,9.805825242653109,80.72579503059387,62.64311075210571,0.36575356125831604,0.22222088277339935
家里生活条件好了，奶奶还保持着勤俭节约的好习惯。,"{'奶奶老奶奶老是留着一副节约的好习惯。', 'S001975_P0000_T00'}","(5, 5)","[635, 993]",39.807295031877175,19.04761904761905,34.27073978819414,0.0,29.73792883140569,0.0,26.624656571729176,0.0,45.78754578752709,15.65471288456177,78.38802933692932,69.75760459899902,0.4861069321632385,0.034143850207328796
家里生活条件好了，奶奶还保持着勤俭节约的好习惯。,"{'S001975_P0004_T00', '家里生活很好,奶奶老是节约。'}","(6, 6)","[33, 243]",34.96726139692524,4.3478260869565215,25.658954932861885,0.0,17.513466303602982,0.0,12.434499980402004,0.0,46.59584741670813,4.826907704536296,82.70638585090637,62.85204887390137,0.6727951169013977,0.020734980702400208
水资源是宝贵的，我们要节约用水。,"{'水资源很贵,我们要注意节约水资源。', 'S001978_P0000_T00'}","(7, 7)","[437, 1000]",64.70588235294115,7.667036788577693,44.967308386531336,0.0,29.985468634200238,0.0,0.0,0.0,66.54456654451086,7.974522292952097,89.98953104019165,65.37533402442932,0.8131442666053772,0.06418631970882416
水资源是宝贵的，我们要节约用水。,"{'水资源是贵重的,我们要注意节约水资源。', 'S001978_P0005_T00'}","(8, 8)","[32, 72]",68.42105263157896,8.067401742967988,47.75669329409194,0.0,34.2699609841253,0.0,22.39521374625909,0.0,73.2177088086993,10.155316606925242,92.27076172828674,65.53797125816345,0.8004849553108215,0.04730759561061859
他的母亲勤俭节约，把他们抚养长大。,"{'他父母的勤俭节约养成了长辈的储蓄习惯。', 'S001981_P0000_T00'}","(9, 9)","[349, 999]",52.63157894736842,11.76470588235294,29.617443887954618,0.0,21.771686611382517,0.0,15.936357366603362,0.0,49.69418960238667,13.040204788366271,77.0600974559784,66.39041304588318,0.4999693036079407,0.21341314911842346
顺风行船本应该一帆风顺，可风太大了船也禁不起这份折腾。,"{'风顺利交给你,应该顺利,但禁不起岁月的洗涤。', 'S001996_P0004_T00'}","(10, 10)","[350, 348]",32.592414677459786,8.695652173913045,22.239599973166186,0.0,12.53642052635969,0.0,0.0,0.0,31.993669842707607,9.702740959910617,73.86154532432556,62.394070625305176,0.26241692900657654,0.21491464972496033
顺风行船本应该一帆风顺，可风太大了船也禁不起这份折腾。,"{'风寒期的娃娃应该顺其顺利,但禁不起大风的阻拦。', 'S001996_P0005_T00'}","(11, 11)","[437, 866]",40.1916072671299,5.971094254781576,21.46111275982384,0.0,12.260793208675585,0.0,0.0,0.0,31.598116169512213,6.868131868113174,73.76434803009033,67.12014675140381,0.47746527194976807,0.13930684328079224
言必信，行必果，令行禁止，是我们这所学校师生言行的基本准则。,"{'S002001_P0007_T00', '说起应该相信的行为,应该禁止,而应该改变的行为,这才是我们学校老师应该遵守的纪律。'}","(12, 12)","[270, 1125]",34.146341463414636,17.647058823529417,18.47872870719592,0.0,9.56664938117975,0.0,0.0,0.0,32.28907121478504,19.698910954447662,74.16768074035645,70.02354860305786,0.5994431972503662,0.30736619234085083
军队没有严明的纪律和令行禁止的作风是不行的。,"{'学习队没有禁止、不许有禁止、不许有纪律的活动。', 'S002004_P0000_T00'}","(13, 13)","[1117, 705]",43.478260869565226,13.959408375665477,28.116077855776666,0.0,15.555956734607557,0.0,0.0,0.0,35.520490905052036,16.64184661205051,76.87179446220398,65.89942574501038,0.4512467384338379,0.2580093741416931
军队没有严明的纪律和令行禁止的作风是不行的。,"{'学习队没有禁止、不记录任何活动。', 'S002004_P0005_T00'}","(14, 14)","[996, 281]",30.06890594710503,9.697125947641844,20.33029103698193,0.0,12.65997675871888,0.0,0.0,0.0,35.13293543134628,11.704946996456417,76.20485424995422,70.00101804733276,0.4097721576690674,0.31533175706863403
公共场所，禁止吸烟。,"{'S002007_P0000_T00', '禁止在公共场所抽烟。'}","(15, 15)","[464, 1002]",79.99999999999997,5.882352941176471,66.66666666666661,0.0,48.0749856769136,0.0,35.494810560100525,0.0,59.99999999994999,6.578724843498791,87.37704157829285,62.90431022644043,0.8249278664588928,0.06731388717889786
公共场所，禁止吸烟。,"{'S002007_P0007_T00', '禁止在公共场所抽烟。'}","(16, 16)","[584, 145]",79.99999999999997,0.0,66.66666666666661,0.0,48.0749856769136,0.0,35.494810560100525,0.0,59.99999999994999,0.0,87.37704157829285,62.27469444274902,0.8249278664588928,0.0618438720703125
我们不能拒绝别人的善意批评。,"{'我们不能拒绝别人的好批评。', 'S002009_P0000_T00'}","(17, 17)","[1055, 1127]",85.47333033621375,11.031211282307444,81.21215895894296,0.0,76.29757158101,0.0,70.4805090506219,0.0,88.64602307221037,11.684125705039227,96.49078845977783,62.942105531692505,0.8597208261489868,0.09128011018037796
我们不能拒绝别人的善意批评。,"{'S002009_P0005_T00', '外边的人好心批评我们,我们不能拒绝。'}","(18, 18)","[796, 408]",61.1111111111111,3.5643797633167336,46.44203640128239,0.0,37.77932312319135,0.0,32.22538601891171,0.0,42.444029850678874,4.85937064884717,81.49381875991821,65.76156616210938,0.753624439239502,0.10171453654766083
她果然是深爱着另一个人，不然也不会拒绝你。,"{'S002018_P0005_T00', '正确,他爱上一个人,不会拒绝一个人。'}","(19, 19)","[790, 179]",42.3240862445307,10.000000000000002,32.46109233451163,0.0,25.573001619424787,0.0,17.527414667722137,0.0,45.617173524117035,11.160145140658921,82.69306421279907,68.8448429107666,0.5356456637382507,0.12932337820529938
雨季即将来临，防洪工作开始了。,"{'S002025_P0000_T00', '雨马上就要来了,防洪工作就要开始了。'}","(20, 20)","[847, 1031]",55.55555555555555,24.56192259233946,44.28074427700476,14.947910066133433,36.59793747600114,0.0,28.43329181530769,0.0,59.62854349944684,26.83284457475,83.30929279327393,69.5175290107727,0.8019785284996033,0.1611693799495697
雨季即将来临，防洪工作开始了。,"{'S002025_P0005_T00', '雨马上就要来了,防洪工作就要开始了。'}","(21, 21)","[1085, 984]",55.55555555555555,18.75,44.28074427700476,0.0,36.59793747600114,0.0,28.43329181530769,0.0,59.62854349944684,19.31468344258885,83.30929279327393,71.79678678512573,0.8019785284996033,0.2479453980922699
毕业后他参了军，开始了他的军旅生涯。,"{'S002026_P0000_T00', '大学毕业后,他参军了,开始了什么学习、做什么旅游?'}","(22, 22)","[1026, 784]",43.99999999999999,5.488116360940265,30.27650354097492,0.0,19.975816179556197,0.0,0.0,0.0,44.22799086538278,6.9858712715825515,76.2794554233551,63.335663080215454,0.5347712635993958,0.1845427006483078
毕业后他参了军，开始了他的军旅生涯。,"{'S002026_P0005_T00', '大学毕业后,他参了军,开始了出国旅游的生涯。'}","(23, 23)","[1008, 202]",68.18181818181817,5.555555555555555,54.05624776173352,0.0,41.803303244663816,0.0,24.901158357139742,0.0,68.64077669896378,5.962854349886729,88.61541152000427,61.96563243865967,0.6878087520599365,0.2591973841190338
他俩虽然离婚，但仍感情还在，看来有复婚的可能。,"{'他们已经离婚了,但这对夫妻已经准备破镜重圆了。', 'S002043_P0000_T00'}","(24, 24)","[537, 321]",21.739130434782613,3.056113178443933,9.940534656094302,0.0,0.0,0.0,0.0,0.0,21.73913043473261,4.455167770177922,74.413400888443,67.94314384460449,0.4798288345336914,0.14180776476860046
他俩虽然离婚，但仍感情还在，看来有复婚的可能。,"{'S002043_P0007_T00', '这对夫妻已经离婚了,但这对感情已经放荡不羁了,这对夫妻可以破镜重圆了。'}","(25, 25)","[1108, 1107]",19.999999999999996,0.0,10.846522890932807,0.0,0.0,0.0,0.0,0.0,22.306602230954685,0.0,71.4693009853363,66.57290458679199,0.4142065644264221,0.058642566204071045
如果人们不会互相理解，那么他们怎么能学会默默地互相尊重呢？,"{'S002053_P0005_T00', '人类不会互相理解,不会互相尊重,他们会学会互相尊重。'}","(26, 26)","[984, 612]",51.40519480935904,12.638980516343251,42.80337849223026,0.0,34.42931656951355,0.0,28.200162756170812,0.0,54.22375789344437,14.704632384173957,83.2928478717804,71.7634916305542,0.5905941724777222,0.06244898587465286
如果人们不会互相理解，那么他们怎么能学会默默地互相尊重呢？,"{'假如人们互相理解,就会懂得什么叫做互相尊重。', 'S002053_P0007_T00'}","(27, 27)","[808, 68]",42.9868937150713,5.405405405405405,32.28606379037024,0.0,24.752849213837603,0.0,18.46043131980426,0.0,45.380597653888856,5.967678076466662,81.80078268051147,64.04536962509155,0.7038848996162415,0.1667068749666214
宽容使我们变得互相理解，互相信任，互相友爱。,"{'宽容可以让我们互相理解,互相爱护,互相尊重。', 'S002062_P0000_T00'}","(28, 28)","[136, 381]",63.63636363636361,5.882352941176471,46.056618647183825,0.0,27.68182380588133,0.0,18.279218525119116,0.0,59.09090909085909,6.334073396826718,91.19885563850403,60.247015953063965,0.8069809079170227,0.10770052671432495
宽容使我们变得互相理解，互相信任，互相友爱。,"{'这条路可以让我们互相理解,互相爱,互相尊重。', 'S002062_P0007_T00'}","(29, 29)","[235, 813]",54.54545454545453,0.0,39.47710169758614,0.0,24.978336210987326,0.0,16.923267918690044,0.0,49.99999999995,0.0,87.72749304771423,64.26254510879517,0.6823764443397522,0.2746589183807373
他们已经离婚了，但仍然藕断丝连地保持联系。,"{'你们已经离婚了,现在还能联系吗?', 'S002063_P0000_T00'}","(30, 30)","[656, 770]",36.580781447332086,10.000000000000002,32.718845594519074,0.0,28.179738468487567,0.0,24.792363901429734,0.0,41.745901025659094,10.468478889472152,75.34183263778687,59.38481092453003,0.6478762030601501,0.09893307089805603
作文一定要注意下文和上文之间的联系。,"{'写作文上必须有十分密切的联系。', 'S002067_P0000_T00'}","(31, 31)","[1063, 173]",38.20743514363916,0.0,29.895820132266866,0.0,22.412117823266414,0.0,16.647619349310034,0.0,41.73998044962781,0.0,76.1100172996521,62.99699544906616,0.5927284955978394,0.09565426409244537
作文一定要注意下文和上文之间的联系。,"{'S002067_P0007_T00', '做文档时,要保持下面的联系。'}","(32, 32)","[13, 51]",37.57386465376429,17.391304347826082,25.52641441890881,8.89108448948774,20.13328993545671,0.0,15.366213219840436,0.0,42.44402985072378,14.367681498760351,75.01417398452759,68.86807680130005,0.5293009877204895,0.19780845940113068
他如饥似渴地读书，从古典作品到流行小说。,"{'S002085_P0005_T00', '他喜欢看书,从滴水摸鱼到滴水,从晚期流行起来。'}","(33, 33)","[978, 506]",30.434782608695656,14.816364413634355,11.761799222424118,0.0,0.0,0.0,0.0,0.0,32.24574800410339,16.828276509206084,75.04615187644958,67.20243692398071,0.22849364578723907,0.24656331539154053
他如饥似渴地读书，从古典作品到流行小说。,"{'他喜欢看书,从古到现代,文凭是十分流行的。', 'S002085_P0007_T00'}","(34, 34)","[141, 256]",38.09523809523809,15.789473684210527,19.51800145897067,0.0,0.0,0.0,0.0,0.0,38.97804298702606,17.178034004232526,75.4001796245575,64.98937606811523,0.527601420879364,0.14939482510089874
为读者的家居生活带来不同凡响的流行资讯。,"{'为了学校周围的空气质量,我特地取了一条不流行的新闻。', 'S002086_P0005_T00'}","(35, 35)","[955, 1121]",26.923076923076923,1.725535148966131,10.377490433255417,0.0,0.0,0.0,0.0,0.0,25.242414763773358,3.2988028778782437,70.63574194908142,63.82119655609131,0.2800740599632263,0.08242039382457733
为读者的家居生活带来不同凡响的流行资讯。,"{'S002086_P0007_T00', '为了学校环境好,我随身携带了不流行的新闻。'}","(36, 36)","[278, 210]",33.333333333333336,0.0,12.909944487358057,0.0,0.0,0.0,0.0,0.0,29.233532240255876,0.0,72.02360033988953,64.36496376991272,0.29127633571624756,0.037389546632766724
他一听到自己被录取的消息，情绪一下子兴奋起来了。,"{'听说自己被录取了,他心里很高兴。', 'S002092_P0000_T00'}","(37, 37)","[886, 872]",37.908166232039605,0.0,24.76151049416017,0.0,19.974078327037695,0.0,16.51333958901105,0.0,37.1428571428493,0.0,79.67016100883484,61.958903074264526,0.8125224113464355,0.08621405065059662
他一听到自己被录取的消息，情绪一下子兴奋起来了。,"{'把自己择优录取通知书交给了老师,心里高兴极了。', 'S002092_P0007_T00'}","(38, 38)","[487, 111]",29.13988511512464,4.999999999999999,19.50527241610298,0.0,0.0,0.0,0.0,0.0,29.76030164283079,5.494505494437097,71.89731001853943,63.3863091468811,0.635286271572113,0.2178947925567627
不难想像，哥哥接到清华大学录取通知书时，心情是多么激动。,"{'哥哥接到清华大学的录取通知书,高兴不已。', 'S002093_P0005_T00'}","(39, 39)","[1174, 187]",50.27400345267293,5.555555555555555,44.17050667563901,0.0,40.28768609053836,0.0,36.65321504456668,0.0,55.34188034186644,5.962854349886729,83.50297212600708,68.84308457374573,0.7678475975990295,0.13903996348381042
不难想像，哥哥接到清华大学录取通知书时，心情是多么激动。,"{'S002093_P0007_T00', '哥哥接到清华大学的录取通知书,心里很高兴。'}","(40, 40)","[246, 472]",51.180807898127824,14.285714285714283,44.91097666240291,0.0,40.908136222856655,0.0,37.163999623295126,0.0,58.869701726825895,15.970515970450775,84.6258819103241,68.56006383895874,0.7997833490371704,0.13137462735176086
犯罪分子携款外逃的企图没有得逞。,"{'犯罪分子趁人带财逃跑,没有计划成功。', 'S002118_P0000_T00'}","(41, 41)","[1142, 806]",44.44444444444444,7.6923076923076925,32.338083338177725,0.0,23.556613421026437,0.0,17.18152967132724,0.0,46.73650282024591,7.974522292936276,84.48554277420044,71.49708867073059,0.7670961022377014,0.3887472450733185
犯罪分子携款外逃的企图没有得逞。,"{'S002118_P0005_T00', '罪犯趁机逃跑,计划没有成功。'}","(42, 42)","[248, 960]",37.15190998929349,9.090909090909093,15.739751171727475,0.0,0.0,0.0,0.0,0.0,33.04093567247908,10.03798155174875,80.90732097625732,67.25671887397766,0.7285106182098389,0.17385846376419067
他手工一天做的笨活没有机器半个小时做的好。,"{'你知道吗,一个小时的上班时间没有一个小时,他好吗?', 'S002122_P0005_T00'}","(43, 43)","[1160, 807]",36.0,4.545454545454546,21.213203435596427,0.0,12.507242180067482,0.0,0.0,0.0,34.2682632804954,5.013736263681869,73.75341653823853,64.43252563476562,0.15437424182891846,0.16228064894676208
他手工一天做的笨活没有机器半个小时做的好。,"{'他知道明天的工作机器没有一个小时没有一个小时。', 'S002122_P0007_T00'}","(44, 44)","[762, 559]",56.52173913043478,12.473426467088238,32.057261021330625,0.0,16.97766046935716,0.0,0.0,0.0,40.7410864289132,12.876455628386699,78.11592817306519,66.31065607070923,0.15065498650074005,0.07903073728084564
妈妈一回到家就干这干那，没有休息时间。,"{'S002128_P0000_T00', '妈妈出差回家做这项工作,他没时间休息。'}","(45, 45)","[169, 46]",57.89473684210525,4.0,31.063037209869776,0.0,0.0,0.0,0.0,0.0,47.368421052581574,4.38534068664247,80.05317449569702,64.09286856651306,0.6713525056838989,0.16406166553497314
妈妈一回到家就干这干那，没有休息时间。,"{'S002128_P0005_T00', '妈妈回房间出差,这工作她没时间休息。'}","(46, 46)","[617, 476]",52.55330382815363,15.0,29.61913989057118,0.0,0.0,0.0,0.0,0.0,43.180206445468194,16.483516483448085,78.57910990715027,66.35510921478271,0.5479344725608826,0.38058239221572876
她喜欢模仿歌星唱歌，还很有模有样。,"{'S002132_P0005_T00', '他喜欢模仿明星的歌曲,还模仿他们唱歌。'}","(47, 47)","[782, 344]",57.89473684210525,15.789473684210527,35.868505789931355,0.0,24.73636505747741,0.0,17.5376708746474,0.0,49.69418960238667,17.178034004232526,86.11116409301758,67.13319420814514,0.5783129930496216,0.11043253540992737
她喜欢模仿歌星唱歌，还很有模有样。,"{'S002132_P0007_T00', '他喜欢模仿著名歌曲,再模仿明星。'}","(48, 48)","[839, 118]",46.97065314067378,10.000000000000002,29.706849422054088,0.0,22.79417692478397,0.0,17.103943246074763,0.0,42.34654234649868,11.167077483592964,83.09528231620789,71.26287817955017,0.49904632568359375,0.08975661545991898
小孩子总喜欢模仿大人的动作。,"{'小孩子喜欢模仿大人的行为。', 'S002133_P0000_T00'}","(49, 49)","[478, 1151]",78.35055280819599,9.523809523809524,69.5459380028764,0.0,62.51222329149687,0.0,54.844980922047604,0.0,81.25885448285601,10.300550303306538,94.3858802318573,65.64056277275085,0.8342663049697876,0.16470935940742493
小孩子总喜欢模仿大人的动作。,"{'小孩子喜欢模仿成年人的行为。', 'S002133_P0005_T00'}","(50, 50)","[1046, 555]",71.42857142857146,0.0,57.416925176321456,0.0,43.518437142851155,0.0,29.420957081163703,0.0,71.42857142852144,0.0,90.58263897895813,63.69495391845703,0.8085739016532898,0.13937073945999146
不努力学习，在竞争中就会处于劣势。,"{'S002143_P0000_T00', '学习不努力,比赛的水平会下降。'}","(51, 51)","[535, 398]",40.841421555337554,7.6923076923076925,27.675410355849262,0.0,17.276122903129647,0.0,0.0,0.0,31.00868725865076,8.219954648462538,78.24637293815613,66.05686545372009,0.6505975723266602,0.08144071698188782
不努力学习，在竞争中就会处于劣势。,"{'学习不努力,比弱势群体更弱。', 'S002143_P0007_T00'}","(52, 52)","[1081, 288]",40.35588735026946,5.83448879361965,27.41642666354191,0.0,17.16297027429474,0.0,0.0,0.0,31.670366984429933,6.201737451700957,76.911062002182,65.5804693698883,0.5327156782150269,0.03634725511074066
哥哥得到经理的器重，工作更加努力了。,"{'哥哥受到了经理的赏识,成为了经理的助理,对他来说很重要。', 'S002149_P0000_T00'}","(53, 53)","[739, 970]",32.14285714285715,24.999999999999996,18.898223650461368,0.0,11.116196288530931,0.0,0.0,0.0,31.903253671109095,24.999999999950003,78.26485633850098,68.5847282409668,0.6220420598983765,0.2369319200515747
哥哥得到经理的器重，工作更加努力了。,"{'哥哥哥哥接受经济班长的帮助,受到了班长的影响。', 'S002149_P0005_T00'}","(54, 54)","[521, 535]",30.434782608695656,10.537786886996535,11.761799222424118,0.0,0.0,0.0,0.0,0.0,28.434913050657855,13.132607303005392,78.36619019508362,70.49112319946289,0.3813844323158264,0.3017183542251587
事在人为，这个项目就是大家努力争取来的。,"{'S002150_P0000_T00', '你们这项目是你们努力的结果。'}","(55, 55)","[193, 778]",37.22508900177462,14.285714285714283,19.31515024964987,0.0,0.0,0.0,0.0,0.0,44.37825763215476,15.811965811896684,78.45330238342285,70.45899033546448,0.5416133999824524,0.1800287663936615
事在人为，这个项目就是大家努力争取来的。,"{'S002150_P0005_T00', '这项项目是大家的努力的结果。'}","(56, 56)","[386, 734]",46.531361252218275,15.708747653616582,30.539934068631744,0.0,17.171553181284605,0.0,0.0,0.0,55.472822040196455,12.280483248210231,79.84037399291992,69.49967741966248,0.6980781555175781,0.05155192315578461
由于配合默契，他俩在男子乒乓球双打比赛中夺取了冠军。,"{'S002162_P0000_T00', '由于配合默契,我终于获得了乒乓球冠军。'}","(57, 57)","[524, 431]",47.3354512027196,0.0,40.464730070070765,0.0,34.194070128931465,0.0,26.835680277524183,0.0,50.926949048479905,0.0,83.15102458000183,64.20552134513855,0.5637607574462891,0.2025577574968338
由于配合默契，他俩在男子乒乓球双打比赛中夺取了冠军。,"{'S002162_P0007_T00', '由于配合得天衣无缝,我成为了乒乓球冠军。'}","(58, 58)","[414, 815]",40.745002137494495,16.374615061559634,33.3476488476206,0.0,26.355819647972105,0.0,16.806337426814576,0.0,42.07069127304718,17.888563049823315,74.21264052391052,69.8759138584137,0.32890504598617554,0.12037184089422226
我们班的干部很齐心，工作中能互相配合。,"{'S002164_P0000_T00', '我班的干部心胸开阔,互相配合。'}","(59, 59)","[119, 518]",56.16807814674091,12.500000000000002,46.37926409726065,0.0,39.86766793758722,0.0,33.18926700152641,0.0,62.98612468240702,13.216374268944438,85.38426160812378,68.69473457336426,0.8068220019340515,0.25551924109458923
我们班的干部很齐心，工作中能互相配合。,"{'S002164_P0007_T00', '我班的干部心里也一样,互相配合。'}","(60, 60)","[619, 24]",56.99575187490254,12.79196423577516,46.95799295953463,0.0,40.26647404209149,0.0,33.430634797945736,0.0,61.953445915076024,9.355618627112724,83.95317196846008,64.45726752281189,0.7048316597938538,0.07284098863601685
生活中，妈妈和爸爸配合得很好，我们家总洋溢着温馨和谐的气氛。,"{'S002167_P0000_T00', '生活中,父母配得我们一家五口之福气。'}","(61, 61)","[856, 140]",28.52317327958844,10.526315789473687,16.075713569858237,0.0,9.395003810731719,0.0,0.0,0.0,37.280701754385575,5.397525805633947,77.97364592552185,68.31256151199341,0.46724945306777954,0.10313647240400314
生活中，妈妈和爸爸配合得很好，我们家总洋溢着温馨和谐的气氛。,"{'S002167_P0007_T00', '生活中,父母和睦配合,我们一家有福气。'}","(62, 62)","[93, 1057]",32.44930778556899,6.666666666666667,20.10386863593907,0.0,11.004210825137749,0.0,0.0,0.0,40.96695117988916,6.666666666616666,80.29025793075562,62.461453676223755,0.6777870655059814,0.13511264324188232
高年级学生不要欺负低年级小同学。,"{'S002176_P0000_T00', '不要低年级同学欺负低年级同学。'}","(63, 63)","[657, 471]",81.07727203607357,10.209462756353926,65.8345781125718,0.0,49.967842241685254,0.0,37.345810814534794,0.0,70.82050595632138,13.968911917101511,90.23454189300537,62.89665102958679,0.7725337147712708,0.053435489535331726
高年级学生不要欺负低年级小同学。,"{'S002176_P0005_T00', '学校的同学都很高大,不要欺负小同学。'}","(64, 64)","[642, 49]",55.55555555555555,19.999999999999996,44.28074427700476,11.952286093343934,36.59793747600114,0.0,28.43329181530769,0.0,52.57856567278418,20.640627553465396,83.50667357444763,69.61975693702698,0.5927470326423645,0.30949223041534424
申报书内容应简明，并由申报人或其委托代理人签字。,"{'S002198_P0000_T00', '申请报告写得太深,容易让报告的负责人或者监护人签字。'}","(65, 65)","[457, 657]",38.46153846153847,7.142857142857142,24.806946917841696,0.0,17.24467959222235,0.0,12.219667481477892,0.0,39.872611464910804,7.9852579851927885,79.97276186943054,59.541553258895874,0.44095557928085327,0.05278961360454559
申报书内容应简明，并由申报人或其委托代理人签字。,"{'S002198_P0005_T00', '申请内容简单,需要有对方签字或加盖单位印章。'}","(66, 66)","[377, 219]",33.203662410264094,9.135828677937498,16.99251598008358,0.0,0.0,0.0,0.0,0.0,30.32036613268236,13.11591634172839,78.69684100151062,68.36662888526917,0.6528533101081848,0.20553943514823914
他把试卷拿回家，让爸爸在上面签字。,"{'他把文章带到同学家里,给爸爸签字。', 'S002199_P0005_T00'}","(67, 67)","[300, 811]",47.058823529411775,4.761904761904762,34.29971702850177,0.0,19.86841724317928,0.0,0.0,0.0,47.05882352936177,4.872255373330438,85.18208861351013,61.52852773666382,0.456165075302124,0.23567764461040497
他把试卷拿回家，让爸爸在上面签字。,"{'S002199_P0007_T00', '他把文章带回家,让爸爸签字。'}","(68, 68)","[144, 1126]",57.65126764324212,5.546312610911029,46.34221928828959,0.0,30.684079601898766,0.0,0.0,0.0,63.3407339688886,5.704979059983886,90.62912464141846,60.014939308166504,0.6512649655342102,0.10938648879528046
我们一贯强调自力更生，但也不排斥外援。,"{'S002202_P0005_T00', '我虽然一直在努力强调自己养育成人,但并没有做到预防。'}","(69, 69)","[581, 75]",30.769230769230774,9.786253002658443,15.689290811054718,0.0,10.084749803491114,0.0,0.0,0.0,29.707386944887133,11.465742822401664,77.53912210464478,64.84545469284058,0.5057956576347351,0.08343096077442169
我们一贯强调自力更生，但也不排斥外援。,"{'我虽然总是强调自己要努力养育成自己,但也不能避免别人的帮助。', 'S002202_P0007_T00'}","(70, 70)","[391, 367]",30.000000000000004,5.76512676432421,20.341905108624317,0.0,14.351096040036262,0.0,0.0,0.0,33.518414601662435,6.334073396862998,78.92102003097534,69.03834939002991,0.719523549079895,0.22041219472885132
既强调市场也强调运营的组织几乎是战无不胜的。,"{'S002208_P0000_T00', '强调市场经济,强调运行稳定。'}","(71, 71)","[14, 531]",32.26960697187197,22.062422564614884,26.47439390392451,11.39298602263256,21.468807832080987,0.0,15.012938528032256,0.0,40.62126642771378,23.36825141011578,75.13819932937622,70.09936571121216,0.5290697813034058,0.16642236709594727
既强调市场也强调运营的组织几乎是战无不胜的。,"{'强大的环境、强大的市场和强大的运转组织。', 'S002208_P0005_T00'}","(72, 72)","[616, 326]",45.24187090179797,4.303539882125289,20.758394029226395,0.0,0.0,0.0,0.0,0.0,37.923637923598086,4.60653542913161,71.89702987670898,59.18077230453491,0.5958457589149475,0.15462736785411835
大家在一起工作，应该互相理解支持，既要强调一致性，也要求同存异。,"{'他们俩在一起工作,应该互相支持、互相支持,并取消同伙的祝福。', 'S002210_P0005_T00'}","(73, 73)","[467, 637]",40.53863601803677,13.043478260869563,32.344770790293545,0.0,25.9510970065006,0.0,20.645144269564863,0.0,41.84848079235404,8.695652173863042,78.6578893661499,67.2527551651001,0.3899708390235901,0.06507588177919388
大家在一起工作，应该互相理解支持，既要强调一致性，也要求同存异。,"{'他们俩在一起工作,应该互相支持,不要互相否定。', 'S002210_P0007_T00'}","(74, 74)","[779, 918]",38.218549230055295,0.0,30.654913303929476,0.0,24.732604819894995,0.0,19.79200895452723,0.0,44.92934238342825,0.0,80.64833879470825,65.04696011543274,0.5856993794441223,0.09690763056278229
父母应该看一下，如果你的小孩生病了公司是否允许你带薪请假。,"{'父母决定看你的孩子生病,公司可以准许你请假。', 'S002217_P0000_T00'}","(75, 75)","[674, 53]",49.60026197892842,24.999999999999996,34.68079575670512,16.222142113076256,16.355148863721585,11.349619435430355,0.0,0.0,56.725747067366036,20.936957779003677,83.51039290428162,70.78408598899841,0.5478010177612305,0.2448911964893341
父母应该看一下，如果你的小孩生病了公司是否允许你带薪请假。,"{'S002217_P0005_T00', '父母应该看看孩子生病了,公司可以准许你请假。'}","(76, 76)","[1171, 348]",52.90694611085698,8.695652173913045,42.810903716885605,0.0,32.182620006578475,0.0,22.477033597521054,0.0,60.50746353852509,9.702740959910617,85.20902395248413,68.77862811088562,0.6373066306114197,0.14002849161624908
那个年轻人缺少活力，给人一种暮气沉沉的感觉。,"{'S002228_P0000_T00', '他青年人缺少灵活性,让他感到孤单。'}","(77, 77)","[1016, 1104]",30.684245406437434,12.638980516343251,16.906195807814967,0.0,11.239723295618115,0.0,0.0,0.0,34.77282950964982,14.704632384173957,78.40414047241211,67.41116046905518,0.6698638200759888,0.188168466091156
那个年轻人缺少活力，给人一种暮气沉沉的感觉。,"{'S002228_P0005_T00', '请假的人缺少灵感,往往会感到孤单。'}","(78, 78)","[240, 635]",26.300781776946366,11.548152008320844,15.652095889565544,0.0,10.676773342469449,0.0,0.0,0.0,24.83773536402936,15.251070455430632,74.15985465049744,65.05534052848816,0.3839868903160095,0.1301575005054474
在欢乐时，朋友们会认识我们，在患难时，我们会认识朋友。,"{'S002239_P0005_T00', '当我们在玩朋友时,相识相识,相识相识,相识相识,相识相识,相识相识,相识相识,相识相识。'}","(79, 79)","[146, 730]",20.454545454545453,5.210775245981355,9.753841331435327,0.0,0.0,0.0,0.0,0.0,15.247885416698479,7.435039876516772,70.49497365951538,69.2829430103302,0.4401538372039795,0.06907828897237778
人生最困难的事情是认识自己。,"{'S002240_P0000_T00', '人生最困难的是认识自己。'}","(80, 80)","[200, 226]",84.64817248906144,5.882352941176471,80.708865716328,0.0,76.1231387349267,0.0,70.63486135430557,0.0,91.23434704826732,6.201737451676627,95.36406993865967,67.39228963851929,0.8875653147697449,0.31347793340682983
人生最困难的事情是认识自己。,"{'S002240_P0005_T00', '人生最困难的是认识自己。'}","(81, 81)","[256, 58]",84.64817248906144,10.036151784731068,80.708865716328,0.0,76.1231387349267,0.0,70.63486135430557,0.0,91.23434704826732,12.90143964562372,95.36406993865967,60.116636753082275,0.8875653147697449,0.06532897055149078
逆境里正确认识自我和完善自我是一件十分重要的事。,"{'正确认识自己是最重要的事情。', 'S002245_P0000_T00'}","(82, 82)","[238, 879]",38.463987536617765,8.333333333333332,31.841925681400337,0.0,27.44894693447097,0.0,22.923124969476824,0.0,51.2554321583788,9.1203453858109,84.05396938323975,71.61877155303955,0.647336483001709,0.1385050117969513
逆境里正确认识自我和完善自我是一件十分重要的事。,"{'环境不好,环境好,认识自己才是最重要的事情。', 'S002245_P0007_T00'}","(83, 83)","[107, 947]",41.50457801283011,0.0,30.038808197344682,0.0,23.120210264139168,0.0,15.611157495146598,0.0,43.31480876099226,0.0,79.26046252250671,61.851996183395386,0.5670868158340454,0.18059386312961578
我们不但要从成功中总结经验，还要从失败中吸取教训。,"{'S002256_P0005_T00', '我们成功时要从失败中吸取教训。'}","(84, 84)","[522, 428]",47.9189311097086,7.122777528017815,43.96641535894563,0.0,39.380966058982494,0.0,36.77575174860341,0.0,62.63157894736804,7.387168589312195,87.83945441246033,65.34408926963806,0.6976137161254883,0.33415812253952026
我们不但要从成功中总结经验，还要从失败中吸取教训。,"{'我们从成功中吸取教训,从失败中吸取教训。', 'S002256_P0007_T00'}","(85, 85)","[1117, 999]",58.410058730355345,14.285714285714283,53.600745956188355,0.0,48.18509103222167,0.0,43.52145311757056,0.0,65.07936507933955,15.20572450798733,87.0257318019867,68.03590655326843,0.7058000564575195,0.19333738088607788
做老师最失败的就是让学生在课堂上总是感觉莫衷一是的。,"{'作为老师,最大的失败就是学生上课看他乏味。', 'S002261_P0007_T00'}","(86, 86)","[468, 188]",48.78885314613832,16.666666666666668,27.73151387518551,0.0,0.0,0.0,0.0,0.0,45.78380593953447,18.518518518459263,78.77329587936401,69.44605708122253,0.4579317569732666,0.37279656529426575
经过几次的失败，试验终于成功了，大家欣喜若狂，奔走相告。,"{'失败了几次,再多的失败也使他灰心丧气。', 'S002264_P0000_T00'}","(87, 87)","[14, 408]",22.94172133649605,12.105909870522977,15.430434505923774,0.0,9.554243751402545,0.0,0.0,0.0,23.845059178776573,9.65381540919962,70.83655595779419,67.6456868648529,0.49890220165252686,0.16058731079101562
经过几次的失败，试验终于成功了，大家欣喜若狂，奔走相告。,"{'S002264_P0007_T00', '经过多次失败,他终于被录取了,大家都在为他呐喊助威。'}","(88, 88)","[501, 453]",39.175276404097986,12.638980516343251,24.091419616203417,0.0,0.0,0.0,0.0,0.0,40.629427241406916,7.352316192078757,78.88096570968628,68.08401346206665,0.4582967162132263,0.18350228667259216
分析输液泵临床应用中的意外事故隐患及护理对策。,"{'分析输液管路事情的发生及处理情况。', 'S002269_P0000_T00'}","(89, 89)","[1034, 543]",37.19745119980564,15.15914396500328,22.136911288968943,0.0,16.619991354481396,0.0,12.320291541463398,0.0,38.31381733019355,16.439909297020385,82.1384847164154,67.64923930168152,0.4761313796043396,0.20689928531646729
分析输液泵临床应用中的意外事故隐患及护理对策。,"{'S002269_P0005_T00', '不同输液管路常见故障,如何处理好?'}","(90, 90)","[59, 325]",16.53220053324695,5.991052854896288,8.520501127808723,0.0,0.0,0.0,0.0,0.0,19.156908665088164,8.274785323969294,70.40958404541016,67.29465126991272,0.5385408997535706,0.16158175468444824
有些小孩子很害怕输液，一直嚎啕大哭。,"{'S002274_P0005_T00', '孩子在输液,害怕输液,哭闹起来。'}","(91, 91)","[443, 227]",44.12484512922977,6.060606060606061,32.224230698268144,0.0,23.56821847013392,0.0,17.26583259675429,0.0,46.736502820268875,6.719456448372327,80.47666549682617,64.57262635231018,0.51963210105896,0.09838458150625229
有些小孩子很害怕输液，一直嚎啕大哭。,"{'孩子在输液的时候,害怕输液,哭闹起来。', 'S002274_P0007_T00'}","(92, 92)","[210, 272]",42.10526315789474,13.986904558770089,30.5887645160749,0.0,22.24513174589181,0.0,16.19557012853241,0.0,43.18020644545744,18.63833896668398,81.09676837921143,71.71037793159485,0.5680922269821167,0.20801621675491333
发展生产的目的是提高人民的生活。,"{'发展生产是提高人民的生活质量。', 'S002295_P0005_T00'}","(93, 93)","[350, 461]",81.07727203607357,4.3478260869565215,73.60529596486515,0.0,67.81679562203284,0.0,61.802665844182364,0.0,83.69696158475132,4.789227166207658,90.43657183647156,63.652658462524414,0.8336852192878723,0.0709369108080864
通过字典我们可以提前预习陌生的字词。,"{'在夹带字典里,我们可以提前复习不认识的字。', 'S002299_P0000_T00'}","(94, 94)","[449, 578]",57.14285714285717,1.0025884372280376,44.72135954999579,0.0,34.78928170978988,0.0,28.94318255795983,0.0,60.822898032137594,3.2189945041649652,86.72080039978027,64.77827429771423,0.6464836597442627,0.1836327314376831
今天工厂提前完成了本年的生产计划。,"{'S002303_P0005_T00', '工厂提前完成了今年的生产计划。'}","(95, 95)","[857, 860]",87.51733190429479,6.107097367830394,81.02530495546168,0.0,76.17235014774184,0.0,71.26047597394759,0.0,86.82432432428782,6.753535674531798,95.60348987579346,68.87990236282349,0.8837456703186035,0.06459182500839233
为了提前完工，人们夜以继日地战斗着。,"{'S002307_P0005_T00', '为了提前完成任务,他们都在夜以继日地工作着。'}","(96, 96)","[102, 736]",63.63636363636361,11.111111111111109,52.223296786709334,0.0,43.412681107162,0.0,36.227557436010244,0.0,63.737864077604556,5.704979059972523,86.51091456413269,69.24226880073547,0.7343994379043579,0.34155920147895813
为了提前完工，人们夜以继日地战斗着。,"{'为了提前完成任务,他们都在夜以继日地工作着。', 'S002307_P0007_T00'}","(97, 97)","[964, 527]",63.63636363636361,4.3478260869565215,52.223296786709334,0.0,43.412681107162,0.0,36.227557436010244,0.0,63.737864077604556,4.677809313506047,86.51091456413269,66.18582606315613,0.7343994379043579,0.20170839130878448
我很喜欢那种老式的黑白电影。,"{'S002316_P0005_T00', '我喜欢看旧的黑帮电影。'}","(98, 98)","[1128, 631]",55.36730085068171,5.263157894736842,41.06148928033962,0.0,24.25088794862284,0.0,0.0,0.0,62.23312883433224,5.692863093541433,89.07490372657776,68.82414817810059,0.632082462310791,0.10920291393995285
我很喜欢那种老式的黑白电影。,"{'S002316_P0007_T00', '我最喜欢黑色的电影。'}","(99, 99)","[1158, 763]",53.62560368285113,4.999999999999999,34.61517833233359,0.0,21.572896291192233,0.0,0.0,0.0,55.34188034186644,5.547282203951612,91.17213487625122,63.426244258880615,0.6794529557228088,0.29906120896339417
为了早点回家，我买的是动车票。,"{'早点回家,我选择坐动车去。', 'S002330_P0000_T00'}","(100, 100)","[95, 222]",52.76331810218102,0.0,38.8327506660375,0.0,28.646596298139187,0.0,21.18854509032766,0.0,56.568557071035166,0.0,82.53762125968933,61.073505878448486,0.7614936232566833,0.1121373176574707
我现在不方便接电话，用短信联系可以吗？,"{'S002339_P0000_T00', '我不方便接电话,能发短信吗?'}","(101, 101)","[831, 961]",49.976609812509324,21.83282008207952,40.17304572639483,0.0,33.51308158462053,0.0,29.111636658950246,0.0,58.002707487226644,17.888563049823315,87.70523071289062,72.74046540260315,0.8326206803321838,0.3415237069129944
我现在不方便接电话，用短信联系可以吗？,"{'S002339_P0007_T00', '我的电话不方便发短信,能不能发短信?'}","(102, 102)","[57, 190]",42.042643062522906,4.494419292755447,30.59051614004532,0.0,17.686506248034725,0.0,0.0,0.0,32.38515483409006,4.826640772228446,79.7375500202179,63.699471950531006,0.7101718783378601,0.12929001450538635
不要天天让我帮你介绍对象。,"{'S002347_P0000_T00', '天天我帮你找对象。'}","(103, 103)","[286, 1101]",56.99381230488486,10.362863977255007,47.79076447896997,0.0,34.7162958265661,0.0,0.0,0.0,68.35269993163625,11.264262893624634,86.43667697906494,66.67500138282776,0.4875364899635315,0.038951195776462555
扫描这张二维码可以领取现金红包。,"{'他发了一张二维码给了我红包。', 'S002370_P0000_T00'}","(104, 104)","[232, 833]",43.34389498750908,5.882352941176471,38.0151106867966,0.0,31.52125397161804,0.0,22.289171515194326,0.0,46.25730994148491,6.520102394148532,75.77444314956665,66.92134141921997,0.5657721757888794,0.07004766911268234
扫描这张二维码可以领取现金红包。,"{'S002370_P0005_T00', '他发来的这张二维码可以获得红包。'}","(105, 105)","[686, 252]",62.50000000000002,21.739130434782613,57.73502691896257,0.0,52.275795857471,0.0,45.788313721339826,0.0,62.49999999994999,19.307630818352937,86.77370548248291,67.8765594959259,0.6515516638755798,0.15282894670963287
二维码也可以变成各种各样的图案。,"{'扫描二维码后,你可以看到更多食物。', 'S002376_P0005_T00'}","(106, 106)","[230, 142]",35.29411764705882,6.191984998215583,25.724787771376327,0.0,16.401017071915387,0.0,0.0,0.0,36.2970362969806,6.608187134467372,75.67382454872131,63.54723572731018,0.31883203983306885,0.21088261902332306
二维码也可以变成各种各样的图案。,"{'刷二维码时,你可以看到商品的颜色、图片等信息。', 'S002376_P0007_T00'}","(107, 107)","[220, 231]",34.782608695652165,7.05401437408845,21.778620259218837,0.0,13.120402049988744,0.0,0.0,0.0,38.615261636775124,7.60286225399182,76.56524181365967,72.62858748435974,0.49617505073547363,0.2183300256729126
二维码真是一个了不起的发明！,"{'S002380_P0007_T00', '二维码是真有意思的。'}","(108, 108)","[401, 309]",40.21920276213835,6.666666666666667,24.476627330774733,0.0,17.1224191333197,0.0,0.0,0.0,39.52991452990063,6.8802091844508455,75.06315112113953,64.55702185630798,0.6583572030067444,0.08925173431634903
法律也会存在漏洞。,"{'缺少法律是导致法律缺席的主要罪魁祸首。', 'S002390_P0000_T00'}","(109, 109)","[61, 1069]",15.789473684210527,16.666666666666668,9.36585811581694,0.0,0.0,0.0,0.0,0.0,17.47496046383382,17.88856304978898,73.0730950832367,67.91597008705139,0.5161107182502747,0.17924949526786804
我们会通过短信的方式来联系你。,"{'S002397_P0005_T00', '我们会通过短信通知你。'}","(110, 110)","[762, 369]",56.87541232354464,21.83282008207952,52.60762139303238,0.0,47.456953319712554,0.0,43.90217885737765,0.0,66.17084572884032,17.888563049823315,87.82553672790527,70.04515528678894,0.8331196904182434,0.1355869621038437
我们会通过短信的方式来联系你。,"{'S002397_P0007_T00', '我们会通过短信通知你。'}","(111, 111)","[221, 346]",56.87541232354464,12.473426467088238,52.60762139303238,0.0,47.456953319712554,0.0,43.90217885737765,0.0,66.17084572884032,12.876455628386699,87.82553672790527,71.19629979133606,0.8331196904182434,0.41969752311706543
我通过写信的方式告诉了他这个好消息。,"{'我通过信件的方式告诉你了好消息。', 'S002403_P0007_T00'}","(112, 112)","[1009, 546]",77.21847897615213,11.29682630009084,63.94297546349304,0.0,53.675244219873676,0.0,42.1262979301172,0.0,81.78887993549853,13.268397259620892,90.51464796066284,64.0557587146759,0.7779017090797424,0.2155318260192871
我们将采用抽查的方式来进行检查。,"{'S002410_P0000_T00', '我们用不同的查询方式来寻找。'}","(113, 113)","[1090, 385]",55.72786498394024,0.0,33.38905436315221,0.0,20.044488326160852,0.0,0.0,0.0,52.86549707598783,0.0,84.8119854927063,67.76698231697083,0.6199585199356079,0.17603841423988342
我们将采用抽查的方式来进行检查。,"{'S002410_P0007_T00', '我们用不同的查询方式来寻找信息。'}","(114, 114)","[590, 980]",56.24999999999999,6.250000000000001,33.54101966249685,0.0,20.029717725729935,0.0,0.0,0.0,49.99999999995,6.753535674493367,84.05600786209106,68.86693835258484,0.7136123776435852,0.0941842794418335
汽车调转方向原路返回。,"{'我没有看见你的方向。', 'S002420_P0005_T00'}","(115, 115)","[19, 789]",27.145122541078788,8.897082254631197,16.5199954911009,0.0,0.0,0.0,0.0,0.0,28.442728442688605,9.805825242690437,65.64823985099792,63.87860178947449,0.22131659090518951,0.05679982900619507
你要把握好自己人生的方向。,"{'坐火车从北京方向往北京方向去。', 'S002421_P0005_T00'}","(116, 116)","[657, 468]",19.999999999999996,7.124226538110605,11.952286093343934,0.0,0.0,0.0,0.0,0.0,21.213208901589066,8.544087491444868,63.74801993370056,61.62809729576111,0.22283197939395905,0.1301960051059723
老师提前了十分钟下课。,"{'原来每隔几分钟就会写一分钟的作业。', 'S002430_P0005_T00'}","(117, 117)","[60, 338]",17.647058823529417,9.735009788392562,10.502100630210077,0.0,0.0,0.0,0.0,0.0,19.698910954447662,10.846560846535318,75.74375867843628,64.69131708145142,0.4301906228065491,0.16539424657821655
老师提前了十分钟下课。,"{'S002430_P0007_T00', '他原来还有五分钟就写完了这篇文章。'}","(118, 118)","[796, 314]",23.529411764705884,12.214194735660788,12.126781251816647,0.0,0.0,0.0,0.0,0.0,19.698910954447662,13.507071349090833,74.11028146743774,68.34561228752136,0.3372212052345276,0.16168972849845886
我会一直工作到生命的最后一分钟。,"{'S002432_P0005_T00', '我不会工作一时,我只会出差一时。'}","(119, 119)","[1001, 873]",43.74999999999999,14.24555505603563,17.07825127659933,0.0,0.0,0.0,0.0,0.0,37.499999999950006,14.774337178666578,74.76630210876465,65.7350480556488,0.43653517961502075,0.033708199858665466
我会一直工作到生命的最后一分钟。,"{'我会工作坚持不懈,最后只花最后一分钟。', 'S002432_P0007_T00'}","(120, 120)","[1053, 16]",52.63157894736842,0.0,45.24139283588641,0.0,36.382650509846684,0.0,30.826276460621834,0.0,56.3213144682155,0.0,81.70506358146667,65.88414311408997,0.6325183510780334,0.15334883332252502
他只能静下来几分钟。,"{'他能安静下来十分钟。', 'S002439_P0005_T00'}","(121, 121)","[859, 1113]",79.99999999999997,8.333333333333332,59.628479399994376,0.0,44.62886333881129,0.0,0.0,0.0,79.99999999995,9.314495028712761,92.82928109169006,65.22142887115479,0.8319595456123352,0.22064226865768433
两分钟以内，我要知道关于他的全部信息。,"{'S002441_P0007_T00', '每隔一分钟他就来一分钟,我就要告诉他所有。'}","(122, 122)","[468, 465]",28.57142857142857,16.666666666666668,11.952286093343934,0.0,0.0,0.0,0.0,0.0,29.851116625251215,18.420724872268753,75.74779987335205,68.62402558326721,0.33830970525741577,0.326813280582428
八宝粥的保质期不会超过一个月。,"{'八宝粥的存折超过两个月。', 'S002443_P0007_T00'}","(123, 123)","[669, 795]",58.410058730355345,4.971329537857609,49.81226545474015,0.0,38.70259398679763,0.0,26.61344053822834,0.0,65.07936507933955,5.234239444727041,88.96046280860901,63.24867010116577,0.5082060694694519,0.17611977458000183
听完他的演讲，大家脸上都浮现出迷茫的表情。,"{'他的演讲听得津津有味,看得我们津津有味。', 'S002449_P0000_T00'}","(124, 124)","[933, 169]",28.536882735021425,0.0,20.70283067643248,0.0,16.546294209798337,0.0,12.617829228958103,0.0,24.3612768668805,0.0,71.1478054523468,63.23288679122925,0.5126789808273315,0.17382293939590454
听完他的演讲，大家脸上都浮现出迷茫的表情。,"{'听他的演讲结束时,我才恍然大悟,原来他已经听得津津有味了。', 'S002449_P0005_T00'}","(125, 125)","[121, 414]",24.137931034482758,3.0119421191220206,16.08168802256692,0.0,12.419663590497835,0.0,9.264863757089694,0.0,26.668647845399065,5.01373626374563,72.51001000404358,67.10544228553772,0.5030987858772278,0.05355314165353775
平时大大咧咧的小王这时也露出了害羞的表情。,"{'S002454_P0000_T00', '小王平时很自由,在这种时候也比较害羞。'}","(126, 126)","[899, 887]",47.37303296064521,0.0,26.658294764768552,0.0,0.0,0.0,0.0,0.0,39.80148883370759,0.0,78.35570573806763,65.60158133506775,0.39489561319351196,0.1568816900253296
平时大大咧咧的小王这时也露出了害羞的表情。,"{'小王平时很好吃,你的时候却有点害羞。', 'S002454_P0007_T00'}","(127, 127)","[80, 841]",42.3240862445307,12.980013051190083,25.14425400225296,0.0,0.0,0.0,0.0,0.0,35.48002385208365,14.462081128722264,77.08325982093811,65.20480513572693,0.33334869146347046,0.2694318890571594
因为只待一晚上，我就在附近随便找了家宾馆住。,"{'S002461_P0007_T00', '因为住宿一天容易,宾馆感冒了。'}","(128, 128)","[798, 908]",33.444751214563006,0.0,17.309303215457476,0.0,0.0,0.0,0.0,0.0,30.335876773861774,0.0,75.36126375198364,66.22974872589111,0.15108227729797363,0.06452099233865738
你最好不要把贵重物品留在宾馆里。,"{'S002470_P0007_T00', '贵重物品最好放在宾馆里。'}","(129, 129)","[608, 591]",65.68203680259735,16.666666666666668,58.50453652111615,0.0,49.68150626115731,0.0,41.36895450425725,0.0,61.81318681316811,18.466136521252263,86.68855428695679,67.62738227844238,0.7346017360687256,0.12755239009857178
住院病历一般可以保存三十年。,"{'S002476_P0005_T00', '住院病历可以作为住院病历。'}","(130, 130)","[943, 424]",49.85944269612472,4.011210615999856,39.22919972818223,0.0,29.590318968563533,0.0,22.131477988685884,0.0,51.71018012543848,5.583538741832398,78.3588707447052,64.2390489578247,0.44747859239578247,0.07208846509456635
住院病历一般可以保存三十年。,"{'住院病历可以放在地铁上。', 'S002476_P0007_T00'}","(131, 131)","[465, 402]",49.37810061861915,16.964803398269638,38.98608599509738,0.0,29.522669062449246,0.0,22.17994592198391,0.0,53.22003577814209,19.324894514747236,81.30640387535095,62.926918268203735,0.2700963616371155,0.2478867769241333
病历是禁止涂抹、修改的。,"{'S002479_P0005_T00', '病历是不能改写的。'}","(132, 132)","[282, 1146]",47.76875403825263,9.298098388017625,35.82656552868947,0.0,23.596585419040004,0.0,0.0,0.0,54.945054945036254,10.30055030334554,85.7769787311554,72.25754857063293,0.7410295009613037,0.21993881464004517
今年政府加强了对贫困人群的补贴力度。,"{'政府对贫困户的补贴也越来越强大。', 'S002486_P0000_T00'}","(133, 133)","[1023, 9]",55.156056411537236,5.654934466089881,40.28028837283518,0.0,27.348494919780016,0.0,0.0,0.0,52.578565672807144,6.441631504901945,82.73866176605225,68.2465136051178,0.7932349443435669,0.2707757353782654
今年政府加强了对贫困人群的补贴力度。,"{'政府对贫困户的补贴也越来越强大。', 'S002486_P0005_T00'}","(134, 134)","[110, 603]",55.156056411537236,6.920912606335218,40.28028837283518,0.0,27.348494919780016,0.0,0.0,0.0,52.578565672807144,7.779141104270902,82.73866176605225,70.22519707679749,0.7932349443435669,0.2700459361076355
危险发生时，比起财物，生命更重要。,"{'危险发生时,生命最重要的东西是生命。', 'S002495_P0000_T00'}","(135, 135)","[599, 388]",55.55555555555555,16.722375607281503,44.28074427700476,0.0,33.25143292141238,0.0,26.46015952359329,0.0,57.049790600223794,15.167938386926036,84.36506986618042,67.66133904457092,0.6482114195823669,0.4071521759033203
他抛下家人，带着家中财物逃走了。,"{'家人放弃了家里所有的财物,逃跑了。', 'S002500_P0005_T00'}","(136, 136)","[684, 97]",47.058823529411775,5.555555555555555,29.70442628930023,0.0,0.0,0.0,0.0,0.0,48.39604839599269,5.5555555555055545,86.71684861183167,64.00445103645325,0.7798253893852234,0.05942089110612869
他抛下家人，带着家中财物逃走了。,"{'S002500_P0007_T00', '他放弃了家人的财物,逃跑了。'}","(137, 137)","[1134, 716]",49.53587998572469,6.49000652559504,31.47950234345497,0.0,0.0,0.0,0.0,0.0,52.86549707598783,7.231040564348366,88.71136903762817,65.33653140068054,0.7989033460617065,0.1349402368068695
不少餐巾纸上都会印有好看的花纹。,"{'S002504_P0005_T00', '餐巾纸一张里全是印刷精美的,点餐巾纸也太漂亮了。'}","(138, 138)","[621, 1098]",24.999999999999996,8.333333333333332,14.744195615489712,0.0,9.960317042892665,0.0,0.0,0.0,27.857142857073796,8.333333333283333,73.83527159690857,68.96507143974304,0.47762393951416016,0.2964014410972595
不少餐巾纸上都会印有好看的花纹。,"{'S002504_P0007_T00', '嘲笑的纸张很多,都印刷得很漂亮。'}","(139, 139)","[889, 50]",31.250000000000007,0.0,0.0,0.0,0.0,0.0,0.0,0.0,24.999999999950003,0.0,75.11389255523682,64.65337872505188,0.36027976870536804,0.12175838649272919
你又忘带钥匙了？没办法，等我回去吧。,"{'他再也忘掉你已经找不到办法了,现在你等等我。', 'S002520_P0005_T00'}","(140, 140)","[709, 565]",36.36363636363637,17.503466380858946,18.609684207969416,0.0,0.0,0.0,0.0,0.0,29.417475728090004,18.60521235517586,78.28773260116577,70.16283869743347,0.34471601247787476,0.4158784747123718
你又忘带钥匙了？没办法，等我回去吧。,"{'钥匙你再也忘掉,就别找我了,我等你了。', 'S002520_P0007_T00'}","(141, 141)","[512, 373]",42.10526315789474,7.142857142857142,15.29438225803745,0.0,0.0,0.0,0.0,0.0,26.98762902839023,7.602862253962289,75.93129277229309,70.08569836616516,0.6222667694091797,0.12722213566303253
你有什么办法就快说，别藏着掖着。,"{'有没有什么办法快地说不吃饭吗?', 'S002529_P0000_T00'}","(142, 142)","[238, 751]",43.65699263480884,9.996241358621182,34.159885227031,0.0,29.31473105936569,0.0,25.034468860535334,0.0,45.06759469946152,9.686937747397257,75.3357470035553,68.61504912376404,0.2990081310272217,0.1413581818342209
除了这么做，我还有什么办法？,"{'S002533_P0005_T00', '这项工作除了我之外,还有别的办法。'}","(143, 143)","[163, 960]",47.058823529411775,12.500000000000002,29.70442628930023,0.0,0.0,0.0,0.0,0.0,44.338513778177116,12.499999999949999,78.98964881896973,67.52538084983826,0.5229366421699524,0.1485779583454132
除了这么做，我还有什么办法？,"{'S002533_P0007_T00', '这件事除了我之外,还有别的办法吗?'}","(144, 144)","[848, 786]",47.058823529411775,10.73538990107551,29.70442628930023,0.0,0.0,0.0,0.0,0.0,44.338513778177116,12.126865671619305,81.30016922950745,70.25192379951477,0.6534366011619568,0.08174625039100647
这场比赛不公平！,"{'这是一场普通的比赛。', 'S002550_P0000_T00'}","(145, 145)","[717, 1111]",40.0,4.999999999999999,21.081851067789188,0.0,0.0,0.0,0.0,0.0,43.386243386177036,5.234239444706392,75.72454810142517,66.38438701629639,0.568897008895874,0.19899272918701172
这场比赛不公平！,"{'这种比赛不公正。', 'S002550_P0007_T00'}","(146, 146)","[272, 895]",62.50000000000002,0.0,51.75491695067657,0.0,44.69517675482838,0.0,36.55552228545123,0.0,62.49999999994999,0.0,85.10653972625732,66.70070290565491,0.7598509788513184,0.1679399311542511
今晚之前必须填完这个表格。,"{'今天晚上有多久必须填完表格?', 'S002562_P0005_T00'}","(147, 147)","[4, 568]",57.14285714285717,13.636363636363638,41.93139346887674,0.0,30.830160098190408,0.0,22.718709780542323,0.0,59.097348714778185,13.636363636313636,81.40658140182495,63.66754770278931,0.49424129724502563,0.15944889187812805
这间玻璃作坊有一百年历史了。,"{'能做家是中华民族的优良传统。', 'S002578_P0000_T00'}","(148, 148)","[794, 885]",7.142857142857142,3.125,0.0,0.0,0.0,0.0,0.0,0.0,7.142857142807142,3.2692307692027454,66.48072004318237,66.10284447669983,0.11085525155067444,0.2170615941286087
这间玻璃作坊有一百年历史了。,"{'玻璃行业是一项历史悠久的行业。', 'S002578_P0005_T00'}","(149, 149)","[831, 763]",40.0,19.999999999999996,23.90457218668787,0.0,0.0,0.0,0.0,0.0,41.28125510698721,20.640627553465396,74.61021542549133,68.7472939491272,0.6520885229110718,0.259149968624115
小时候，我们爱玩玻璃珠。,"{'我们从小就喜欢吃甜食,所以会少睡觉。', 'S002580_P0000_T00'}","(150, 150)","[221, 841]",22.22222222222222,6.666666666666667,11.433239009500591,0.0,0.0,0.0,0.0,0.0,18.571428571359508,6.666666666616666,78.52570414543152,66.24007225036621,0.34796881675720215,0.05019408464431763
部分与部分之间不是孤立的，而是联系的。,"{'感冒不是单纯的感冒,而是复杂的感冒。', 'S002592_P0005_T00'}","(151, 151)","[371, 141]",36.78731267970754,4.811030377273186,20.233724545916854,0.0,0.0,0.0,0.0,0.0,37.78268063977912,6.2124808041308235,76.38689279556274,65.43917655944824,0.4256725311279297,0.08386360108852386
我们对彩票司空见惯了。,"{'S002595_P0000_T00', '彩票是我的中国彩票。'}","(152, 152)","[910, 400]",36.19349672143838,5.578254003710745,19.075647687597005,0.0,0.0,0.0,0.0,0.0,37.923637923598086,10.902255639108146,74.42339658737183,70.00840902328491,0.32419514656066895,0.2609331011772156
我们对彩票司空见惯了。,"{'S002595_P0007_T00', '彩票是我的妈妈。'}","(153, 153)","[1054, 434]",34.36446393954861,0.0,18.368578620276967,0.0,0.0,0.0,0.0,0.0,30.11394465543743,0.0,74.89104866981506,72.28515148162842,0.1446433663368225,0.12406572699546814
有的作家写小说从不打草稿，一气呵成。,"{'有的人写家庭作业,不写男朋友。', 'S002607_P0000_T00'}","(154, 154)","[278, 727]",38.20743514363916,7.122777528017815,14.947910066133433,0.0,0.0,0.0,0.0,0.0,29.814271749725567,7.387168589312195,74.37461614608765,67.87458062171936,0.2077842801809311,0.029140211641788483
有的作家写小说从不打草稿，一气呵成。,"{'有的人说写作业在房间里不要写男生。', 'S002607_P0002_T00'}","(155, 155)","[188, 713]",38.8241882763772,6.320989895118661,15.125781892550492,0.0,0.0,0.0,0.0,0.0,28.524895300095572,11.53167819835503,74.36038851737976,74.17147755622864,0.2206302136182785,0.23819394409656525
这人真是说谎不打草稿。,"{'你如果说谎的话,就不要写草稿了。', 'S002608_P0000_T00'}","(156, 156)","[903, 913]",37.5,0.0,22.360679774997894,0.0,0.0,0.0,0.0,0.0,41.68048645653663,0.0,80.41529059410095,64.3139660358429,0.6724612712860107,0.002071768045425415
这人真是说谎不打草稿。,"{'S002608_P0002_T00', '他的谎言没有写草稿。'}","(157, 157)","[295, 673]",36.19349672143838,13.636363636363638,26.977039670850655,0.0,20.190932736684847,0.0,0.0,0.0,37.923637923598086,14.898479388190507,79.68361973762512,70.8096444606781,0.5378868579864502,0.3706543445587158
公共场合要注意自己的言行举止。,"{'我们在公共场合应当注意礼貌。', 'S002646_P0000_T00'}","(158, 158)","[995, 875]",46.55313898520114,10.510660765630725,36.519286785313476,0.0,27.45516743351391,0.0,20.458069164373967,0.0,48.16146429150816,10.795051611333774,79.6931266784668,64.6918535232544,0.7565761208534241,0.21032162010669708
他反复检查了好几遍后才提交了答案。,"{'S002656_P0002_T00', '建设者反复检查后,给出了正确的答案。'}","(159, 159)","[133, 68]",49.99999999999999,5.871331642584225,38.34824944236852,0.0,30.2109317513375,0.0,20.706193828327603,0.0,51.34481154019589,6.049506049462391,83.20074081420898,67.93038249015808,0.6911150217056274,0.0931224375963211
对于生活是什么这个问题，不同的人会有不同的答案。,"{'对生活情况不同的人,也会有不同的答案。', 'S002660_P0002_T00'}","(160, 160)","[638, 639]",60.680567888979155,10.510660765630725,53.3876614174919,0.0,46.88978913475088,0.0,41.51877404693219,0.0,67.95435865200866,10.795051611333774,84.11746621131897,64.07434940338135,0.7298989295959473,0.23487596213817596
这道题答案很简单，但它背后的道理却很深刻。,"{'S002668_P0002_T00', '答案很简单,但里面太深了。'}","(161, 161)","[140, 184]",33.257415168402105,18.18181818181818,24.476794816625986,0.0,20.669335140501833,0.0,17.576720371825974,0.0,42.590329900503825,20.33476060717379,83.56502652168274,69.14907097816467,0.7089799642562866,0.12994347512722015
大雨让我的心情也变得很糟糕。,"{'这场大雨让他心情不好。', 'S002677_P0000_T00'}","(162, 162)","[603, 976]",41.52547563801129,7.122777528017815,30.79611696025472,0.0,20.018666931862025,0.0,0.0,0.0,46.6748466257433,7.387168589312195,81.12162947654724,69.2163348197937,0.6445757746696472,0.13375970721244812
太巧了，我也住在这附近。,"{'正正着正着,我住的地方就在附近。', 'S002687_P0002_T00'}","(163, 163)","[1100, 22]",37.5,11.031211282307444,22.360679774997894,0.0,15.285535436643995,0.0,0.0,0.0,41.20879120872282,11.684125705039227,80.53000569343567,65.76236486434937,0.6726048588752747,0.19145603477954865
你没找到裁缝店吗？应该就在附近才对。,"{'S002689_P0002_T00', '没找到到洗衣服店的附近吗?'}","(164, 164)","[777, 622]",36.653744525105374,5.546312610911029,24.975316986585536,0.0,15.686678577558837,0.0,0.0,0.0,36.84144974466059,5.704979059983886,81.58665299415588,65.59571027755737,0.4364292621612549,0.20379766821861267
希望每位顾客都能享受到我们最优质的服务。,"{'S002702_P0002_T00', '希望每位顾客都能拿到我们优质的服务。'}","(165, 165)","[780, 275]",84.51260214357934,7.6923076923076925,78.91740985512538,0.0,72.63085142358734,0.0,65.3923278611969,0.0,88.98207056097921,8.487824841347129,96.4939534664154,66.71615839004517,0.8370833992958069,0.1514955461025238
我们最近推出的新菜品并不受顾客们的欢迎。,"{'我们最近新开了一家店,不接受顾客的欢迎。', 'S002706_P0002_T00'}","(166, 166)","[209, 686]",64.99999999999999,4.650292881417059,52.31483637805969,0.0,42.36258116837366,0.0,30.752616970214323,0.0,64.99999999994999,5.880982881095603,83.91618132591248,66.02375507354736,0.5569634437561035,0.09967173635959625
超市里有各种各样的商品供顾客选择。,"{'超市里有各种各样的商品可供顾客挑选。', 'S002709_P0002_T00'}","(167, 167)","[1072, 763]",88.8888888888889,12.500000000000002,79.21180343813391,0.0,73.19587495200226,0.0,67.62614585942505,0.0,91.2796649603913,13.216374268944438,96.95262908935547,67.36207008361816,0.8883489966392517,0.14829698204994202
这家店推出的商品总是能迎合顾客的需求。,"{'这家店推出了一款符合顾客的要求的食物。', 'S002710_P0002_T00'}","(168, 168)","[764, 446]",63.15789473684212,15.334073577155388,49.55946277833521,0.0,41.64773822046176,0.0,34.11488281065382,0.0,57.89473684205527,15.94904458594573,85.72002053260803,64.03441429138184,0.6225362420082092,0.30798259377479553
他接触过各种各样的人，所以能创作出优秀的作品。,"{'因为与各种人接触过,所以他创作了自己最出色的作品。', 'S002744_P0002_T00'}","(169, 169)","[48, 498]",63.99999999999998,0.0,46.18802153517006,0.0,30.302889766585825,0.0,18.85850947396187,0.0,49.82728842826706,0.0,84.8311185836792,65.38574695587158,0.7229043245315552,0.03611815720796585
他的梦想是建立一个属于他的金融帝国。,"{'他梦想建设一个金融王国。', 'S002762_P0000_T00'}","(170, 170)","[688, 483]",50.54422164271946,6.236713233544119,33.38841393908982,0.0,0.0,0.0,0.0,0.0,61.90476190475407,6.438227814171732,89.03888463973999,63.29259276390076,0.7891162037849426,0.15192487835884094
他从金融市场中赚到了一大笔财富。,"{'他在金融市场赚了第一桶金。', 'S002763_P0002_T00'}","(171, 171)","[900, 1040]",54.96387631047353,4.761904761904762,33.02917905594547,0.0,25.065152730087128,0.0,18.803873269694872,0.0,60.78182107100406,5.323791237495526,88.83482217788696,63.15626502037048,0.6052632927894592,0.07774610817432404
大家要小心金融诈骗，不要因为贪心而上当。,"{'大家在金融危机中要小心被骗子骗了,不要贪心。', 'S002764_P0002_T00'}","(172, 172)","[553, 677]",59.09090909090908,16.10308485161327,41.089070180665914,0.0,20.361395691706615,0.0,0.0,0.0,52.145002144943554,12.126865671619305,84.6437156200409,66.92768931388855,0.6611863374710083,0.025511302053928375
这真是一场精彩的决赛！,"{'S002785_P0002_T00', '决赛现场太精彩了。'}","(173, 173)","[539, 758]",44.48541127315599,9.942659075715216,29.841721084143675,0.0,0.0,0.0,0.0,0.0,29.417475728127336,10.4684788894928,76.59097909927368,65.58824181556702,0.7038562297821045,0.09882459044456482
他在决赛时出现了重大失误。,"{'S002790_P0002_T00', '他在决赛中犯了一次小失误。'}","(174, 174)","[1018, 462]",61.538461538461554,11.530253528648418,50.63696835418334,0.0,41.199124531714055,0.0,28.917849332325716,0.0,61.53846153841154,12.668146793754733,91.92850589752197,70.28446793556213,0.7401751279830933,0.2610972225666046
这家肯德基已经开了十年了。,"{'S002794_P0000_T00', '肯德基已经开十年了。'}","(175, 175)","[487, 884]",74.08182206817182,0.0,69.845011662746,0.0,64.71643255082532,0.0,58.20085014756565,0.0,84.1413825461157,0.0,89.88669514656067,61.62002682685852,0.8458354473114014,0.05706232786178589
我家楼下的肯德基生意特别好。,"{'我家楼下肯德基的人流量很好。', 'S002804_P0000_T00'}","(176, 176)","[199, 734]",71.42857142857146,10.47249843574439,57.416925176321456,0.0,43.518437142851155,0.0,29.420957081163703,0.0,64.28571428566428,12.280483248210231,89.21003341674805,64.36968445777893,0.7202489376068115,0.04731746017932892
这位老师的教学水平很高。,"{'他老师教学水平很高。', 'S002810_P0002_T00'}","(177, 177)","[189, 998]",73.68576777701837,8.18730753077982,68.4999293594488,0.0,62.1537193933014,0.0,57.89300674674101,0.0,80.49853372431011,8.94428152489663,92.63685941696167,66.88921451568604,0.8259668946266174,0.18850883841514587
老师最喜欢认真学习的学生。,"{'学生认真学习,老师喜欢看他们。', 'S002820_P0002_T00'}","(178, 178)","[1109, 666]",73.33333333333334,0.0,56.0611910581388,0.0,36.43094426946136,0.0,25.194602426298164,0.0,35.35534816935647,0.0,78.54115962982178,67.9449200630188,0.5686152577400208,0.13214601576328278
老师们每周五下午都会开会。,"{'老师们每个星期都没召开联欢会。', 'S002824_P0002_T00'}","(179, 179)","[365, 491]",53.33333333333335,8.314353792100524,39.03600291794134,0.0,28.620185370050958,0.0,21.023693683267553,0.0,56.56855707100759,10.647582475124185,85.73238253593445,65.14080166816711,0.5094226598739624,0.1348734050989151
你不需要送我什么礼物，有这份心意就足够了。,"{'这是不寻常的礼物,你心里知道吗?', 'S002828_P0000_T00'}","(180, 180)","[368, 303]",27.435586085499068,10.000000000000002,11.567858796240015,0.0,0.0,0.0,0.0,0.0,20.87295051281939,10.8465608464945,71.58838510513306,66.04729294776917,0.556519091129303,0.28260481357574463
他发表了很多论文。,"{'他宣布,宾馆的宾馆数量越来越多。', 'S002848_P0000_T00'}","(181, 181)","[1091, 957]",18.75,3.8493840027736157,0.0,0.0,0.0,0.0,0.0,0.0,20.953367875583083,5.083690151810546,70.13223767280579,63.0531907081604,0.21147501468658447,0.06289052218198776
这篇论文在老师那里得到了很高的评价。,"{'S002852_P0002_T00', '这篇论文的评价非常高。'}","(182, 182)","[1050, 937]",43.29927339545866,15.384615384615385,33.848599053827094,0.0,27.239364773686887,0.0,19.121983141453526,0.0,49.699846433057246,7.6923076922576925,85.17146110534668,73.26218485832214,0.8486788272857666,0.41816115379333496
他上班打游戏被老板发现了。,"{'S002862_P0000_T00', '老板发现他出差时,在手机上拿了钱。'}","(183, 183)","[518, 555]",47.058823529411775,8.785910567087734,29.70442628930023,0.0,22.743660195259537,0.0,17.026024721767097,0.0,38.649789029467954,11.770451770453395,77.73618698120117,68.23871731758118,0.3727130591869354,0.20236453413963318
他醒来时发现自己在医院里。,"{'他醒来后发现自己在医院。', 'S002864_P0002_T00'}","(184, 184)","[879, 595]",84.33740467435464,4.598493014643029,75.12131188464936,0.0,67.78945207285166,0.0,59.74178044844197,0.0,87.7197452228884,6.944444444451853,97.60470986366272,65.98062515258789,0.8499462008476257,0.23068121075630188
我国的经济一直以较高的速度向前发展。,"{'S002878_P0002_T00', '我国的经济建设飞跃式地发展。'}","(185, 185)","[426, 164]",42.94155960430207,10.526315789473687,38.59231109463205,0.0,33.414276384795045,0.0,26.720054437686755,0.0,48.50746268654467,10.795051611323018,82.154780626297,67.4159049987793,0.7668877243995667,0.0871618390083313
我不反对你玩游戏，但必须控制时间。,"{'S002886_P0002_T00', '我不反对玩游戏,但是我会控制好时间。'}","(186, 186)","[811, 905]",72.22222222222223,0.0,58.29830881301377,0.0,43.96266120540607,0.0,27.43406514687287,0.0,74.16472778030754,0.0,91.16038680076599,64.53385949134827,0.6547569632530212,0.009714782238006592
你应该学会倾听那些反对的声音。,"{'S002898_P0002_T00', '我们要学会倾听反对的声音。'}","(187, 187)","[1075, 468]",65.95414762772627,4.761904761904762,61.39996995704954,0.0,56.07381643860639,0.0,49.588554702454445,0.0,70.71069633880256,5.323791237495526,91.18433594703674,66.39075875282288,0.8450310230255127,0.16427375376224518
我的建议被否定了。,"{'我否认你的提议。', 'S002899_P0002_T00'}","(188, 188)","[698, 775]",55.156056411537236,16.666666666666668,0.0,0.0,0.0,0.0,0.0,0.0,46.736502820268875,17.114937180028367,85.00195145606995,67.56643056869507,0.6860081553459167,0.07659214735031128
自我否定是需要付出极大的勇气的。,"{'自己否定要多大勇气。', 'S002909_P0002_T00'}","(189, 189)","[495, 11]",43.9049308875221,1.8268352405273465,23.139930352807966,0.0,0.0,0.0,0.0,0.0,55.88697017268145,4.008122612784186,76.7733633518219,64.23786282539368,0.6933760046958923,0.08737844228744507
有人唱反调才是正常的，大家都支持反而有问题。,"{'有的人唱反调是正常的。', 'S002937_P0000_T00'}","(190, 190)","[47, 349]",33.4435855610402,10.526315789473687,27.169697348661916,0.0,22.938456978068928,0.0,18.253011694350576,0.0,50.505050505057916,11.600541497379972,83.97927284240723,65.9227192401886,0.561649739742279,0.17735305428504944
你只知道唱反调，从来都没有提出过什么好的意见。,"{'S002942_P0000_T00', '你觉得唱反调从来没好吗?'}","(191, 191)","[594, 274]",26.65664362298983,24.999999999999996,17.04964654817294,0.0,10.514190184349385,0.0,0.0,0.0,38.7477509895707,25.98888525656189,77.2674560546875,69.70389485359192,0.6168991327285767,0.1108539029955864
这款游戏有防沉迷系统。,"{'S002947_P0002_T00', '这个游戏有帮助沉迷系统。'}","(192, 192)","[880, 975]",74.99999999999997,0.0,63.96021490668311,0.0,54.69655075928688,0.0,43.66835442847811,0.0,77.96665576980149,0.0,88.78324031829834,71.38046622276306,0.7153613567352295,0.17163880169391632
自从他沉迷于游戏后，学习成绩一落千丈。,"{'自己沉迷电脑游戏已经退步了。', 'S002951_P0002_T00'}","(193, 193)","[1038, 554]",29.985965887505575,4.065696597405992,17.96593222148525,0.0,0.0,0.0,0.0,0.0,34.80162449232923,5.865886245075155,75.04204511642456,67.46526956558228,0.4144018292427063,0.1535281538963318
美丽的景色让我沉迷。,"{'S002958_P0002_T00', '夏天的食物真漂亮,我沉迷其中。'}","(194, 194)","[723, 329]",33.333333333333336,10.000000000000002,21.821789023599234,0.0,15.415080049095202,0.0,0.0,0.0,37.14285714278808,9.99999999995,79.96118664741516,67.06469058990479,0.46546727418899536,0.34098905324935913
老师最终承认我才是正确的。,"{'老师终于承认我讲错了话。', 'S002970_P0002_T00'}","(195, 195)","[953, 347]",53.669257520043864,0.0,36.69707715086976,0.0,23.13967461386088,0.0,0.0,0.0,55.82165605091388,0.0,85.3309690952301,67.61444807052612,0.7631945610046387,0.2615184187889099
我的手受过伤，提一会东西都会吃不消。,"{'S002991_P0002_T00', '我准备好了行李,就不能在外地旅行了。'}","(196, 196)","[879, 435]",16.666666666666668,9.735009788392562,0.0,0.0,0.0,0.0,0.0,0.0,16.666666666616667,10.846560846535318,68.0171549320221,62.01872229576111,0.13765615224838257,0.14910121262073517
第一次见面就迟到会给人不好的印象。,"{'第一次见面迟到的人往往会留下印象最深刻。', 'S002998_P0002_T00'}","(197, 197)","[272, 635]",64.99999999999999,5.241712955237777,45.30597729822598,0.0,32.46284552986226,0.0,25.187508351984913,0.0,58.692790211351586,9.932319592169945,79.0553331375122,68.45794916152954,0.6035019755363464,0.280906081199646
你迟到了三分钟，所以要罚酒三杯。,"{'你迟到几分钟,谢了,我罚你三分钟。', 'S003002_P0000_T00'}","(198, 198)","[713, 355]",52.94117647058824,12.500000000000002,36.38034375544995,0.0,26.034991753306883,0.0,0.0,0.0,48.39604839599269,13.736263736195337,81.74240589141846,67.36655235290527,0.5194059014320374,0.13733375072479248
打扮后的他和打扮前比起来简直像换了个人。,"{'S003016_P0000_T00', '打扮前和老爸有巨大的差别。'}","(199, 199)","[398, 941]",26.937483606626493,15.76599114844609,16.187413062610407,0.0,11.161017248591108,0.0,0.0,0.0,22.32029028144949,5.397525805644703,72.31807112693787,65.00069499015808,0.4053891897201538,0.07862678915262222
他还没有意识到自己已经得罪了很多人。,"{'S003026_P0000_T00', '自己想得罪了很多人,但没人得罪过。'}","(200, 200)","[234, 915]",55.46312610911027,28.57142857142857,44.28375495703089,0.0,36.66938491997308,0.0,31.592888895794278,0.0,51.344811540207246,23.337423312816387,84.56358909606934,66.41340851783752,0.6592333912849426,0.2887725830078125
为了躲避大雨，他跑到了超市里面。,"{'下雨了,他跑去超市躲避了雨。', 'S003031_P0000_T00'}","(201, 201)","[352, 870]",61.91984998215586,3.344358556104022,35.195153568914606,0.0,0.0,0.0,0.0,0.0,39.64912280698199,5.0505050505124585,85.38243174552917,67.87965893745422,0.7252236604690552,0.1503143012523651
既然困难无法躲避，那就解决它。,"{'S003033_P0000_T00', '你的困难是无法解决的,是鱼龙混杂的,还是解决你?'}","(202, 202)","[609, 1129]",24.999999999999996,10.036151784731068,18.05787796286538,0.0,0.0,0.0,0.0,0.0,27.94348508627425,8.60095976374849,74.20605421066284,68.14767718315125,0.3016374409198761,0.07981675863265991
我低下头躲避刺眼的阳光。,"{'我低头看灯,支持灯亮。', 'S003036_P0000_T00'}","(203, 203)","[822, 649]",33.203662410264094,11.530253528648418,17.412147463769816,0.0,0.0,0.0,0.0,0.0,34.651847008785644,12.668146793754733,77.70727276802063,65.66372513771057,0.422074556350708,0.024490520358085632
别把我逼急了，小心我和你翻脸！,"{'S003046_P0000_T00', '你不要逼我急躁,我就会翻脸了。'}","(204, 204)","[690, 74]",53.33333333333335,9.736661157114591,19.51800145897067,0.0,0.0,0.0,0.0,0.0,33.333333333283335,13.938058968716494,78.79934906959534,61.46436333656311,0.7147960066795349,0.10163909941911697
原来你是他的儿子啊，怪不得你看起来这么面熟。,"{'他是你儿子,怪不得脸色不好。', 'S003065_P0000_T00'}","(205, 205)","[484, 997]",36.30330784335595,0.0,21.750934106185056,0.0,13.057762583886472,0.0,0.0,0.0,35.54360812424901,0.0,79.03221249580383,66.39395952224731,0.604403555393219,0.05495721101760864
这罐八宝粥都已经过期变质了。,"{'S003076_P0000_T00', '八宝粥已经过期了,不好吃。'}","(206, 206)","[855, 148]",64.10499775216033,8.695652173913045,49.732087589801964,0.0,39.67633609595092,0.0,27.576989477711045,0.0,66.48451730414725,9.724364563006944,84.68663096427917,66.04285836219788,0.6597877740859985,0.15055891871452332
楼道里放着的那两个灭火器已经过期了。,"{'S003078_P0002_T00', '楼道旁边的火消灭器过期了。'}","(207, 207)","[303, 1000]",52.36249217872196,0.0,34.46921217220151,0.0,24.499349991707902,0.0,17.787169215425674,0.0,55.26217461699837,0.0,84.86548066139221,66.30019545555115,0.8295877575874329,0.08445166051387787
爷爷每天都会看报纸，了解天下大事。,"{'S003092_P0002_T00', '爷爷每天看报纸,对国家的大事了解得津津有味。'}","(208, 208)","[888, 325]",54.54545454545453,2.620323416595701,42.640143271122085,0.0,30.100671895439564,0.0,19.46452196207349,0.0,49.675470728034696,4.104204753207597,84.47481989860535,65.16899466514587,0.7416476607322693,0.036374449729919434
长期吸入这种物质容易导致孕妇流产。,"{'S003101_P0000_T00', '吸取这些东西会导致流产。'}","(209, 209)","[393, 117]",38.455703428359215,7.6923076923076925,26.29460478514016,0.0,16.580301377320772,0.0,0.0,0.0,45.640716759511356,8.219954648462538,84.2835783958435,69.12484765052795,0.7306013703346252,0.08585277199745178
我现在看见你就觉得恶心！,"{'我看得你恶心。', 'S003131_P0001_T00'}","(210, 210)","[1141, 227]",41.96071367631026,12.473426467088238,18.502935537050632,0.0,0.0,0.0,0.0,0.0,46.59584741670813,12.876455628386699,86.36205196380615,68.44047904014587,0.7910698056221008,0.11422285437583923
我现在看见你就觉得恶心！,"{'我看你吃得这么乏味。', 'S003131_P0002_T00'}","(211, 211)","[192, 298]",32.749230123119276,10.987343836674063,0.0,0.0,0.0,0.0,0.0,0.0,35.777126099676686,13.040204788422677,78.70441675186157,68.05710196495056,0.4171716570854187,0.04532821476459503
快收起你这副令人恶心的样子。,"{'我惭愧地否定了他那长得好看的面孔。', 'S003140_P0000_T00'}","(212, 212)","[806, 620]",11.76470588235294,2.928857090174741,0.0,0.0,0.0,0.0,0.0,0.0,12.668146793718451,5.225225225235258,71.92418575286865,66.34163856506348,0.4907573461532593,0.13111022114753723
网上支付方便又快捷，很受年轻人喜爱。,"{'S003146_P0000_T00', '网络上方便了很多年轻人。'}","(213, 213)","[820, 580]",45.48979947844749,15.0,27.43138121063911,0.0,16.587567508017898,0.0,0.0,0.0,55.71428571427788,16.64184661199331,79.21982407569885,64.18049931526184,0.4744730591773987,0.11986151337623596
网上支付方便又快捷，很受年轻人喜爱。,"{'网络上支付很方便,很多年轻人很喜欢。', 'S003146_P0002_T00'}","(214, 214)","[681, 566]",66.66666666666669,4.567914338968748,44.28074427700476,0.0,29.047802224635298,0.0,0.0,0.0,66.66666666661666,6.557958170866994,86.53441667556763,66.46292209625244,0.7813271284103394,0.07900722324848175
平板电脑的好处就是方便携带。,"{'手机好,方便带吗?', 'S003151_P0000_T00'}","(215, 215)","[1135, 305]",25.50015203277479,29.411764705882355,13.523497817747234,13.558153613666015,0.0,0.0,0.0,0.0,31.903253671172642,23.529411764655883,68.73035430908203,69.96799111366272,0.5224764943122864,0.23331020772457123
平板电脑的好处就是方便携带。,"{'方便是方便,方便是方便。', 'S003151_P0002_T00'}","(216, 216)","[713, 502]",28.216057496353802,12.500000000000002,20.838939520708603,0.0,15.43321021076273,0.0,0.0,0.0,30.41144901606695,13.216374268944438,69.70953345298767,65.61430096626282,0.4404003620147705,0.3430679440498352
他总是把方便让给别人，把困难留给自己。,"{'S003154_P0000_T00', '不要总给自己找借口,难过自己难过。'}","(217, 217)","[556, 192]",31.376815249509725,18.18181818181818,18.6729400349988,0.0,12.737383529838542,0.0,0.0,0.0,33.12945973492625,18.181818181768183,75.09489059448242,68.18968057632446,0.4774925112724304,0.17495539784431458
他总是把方便让给别人，把困难留给自己。,"{'S003154_P0001_T00', '不要总是方便给自己找困难。'}","(218, 218)","[350, 212]",48.48562973820923,8.695652173913045,35.68445727509816,0.0,19.39578225525969,0.0,0.0,0.0,46.81978798585569,9.724364563006944,81.68905377388,61.327338218688965,0.4513983130455017,0.11194543540477753
你们两个分别获得了一等奖和二等奖。,"{'他们两个是第一名。', 'S003157_P0000_T00'}","(219, 219)","[520, 96]",22.839571694843745,10.000000000000002,15.321250465995206,0.0,11.129704021463425,0.0,0.0,0.0,32.789790854312585,10.468478889472152,77.84098386764526,67.062908411026,0.5494017004966736,0.016335368156433105
这两件事性质不同，要分别对待。,"{'事情性不一样,要分清楚。', 'S003159_P0001_T00'}","(220, 220)","[57, 541]",38.94003915357024,5.263157894736842,16.604088484913394,0.0,0.0,0.0,0.0,0.0,43.386243386217856,5.2631578946868425,76.64210796356201,63.95723223686218,0.5634210109710693,0.07976743578910828
这两件事性质不同，要分别对待。,"{'事情性不同,要让它适度地对待。', 'S003159_P0002_T00'}","(221, 221)","[1061, 913]",53.33333333333335,8.333333333333332,33.80617018914066,0.0,20.63872502603718,0.0,0.0,0.0,53.33333333328333,9.157509157440758,79.73781228065491,63.55522274971008,0.670361340045929,0.050007231533527374
这件事分别有什么好处和坏处？,"{'分别有什么好处?', 'S003162_P0000_T00'}","(222, 222)","[196, 1019]",41.3320733648388,10.510660765630725,40.90814345718007,0.0,40.38677216008622,0.0,39.72113408856739,0.0,55.89680589680819,10.795051611333774,83.56435298919678,70.05727887153625,0.6420029997825623,0.2585250735282898
人和人之间没有高低贵贱的分别。,"{'人们高高兴兴地有福气和贫穷没有分别。', 'S003170_P0001_T00'}","(223, 223)","[460, 689]",44.44444444444444,10.000000000000002,28.005601680560204,0.0,16.987257792186554,0.0,0.0,0.0,41.73998044959348,11.18421052624892,77.17951536178589,62.70339488983154,0.5359933972358704,0.11653772741556168
看见妈妈期待的眼神，我感到惭愧。,"{'S003181_P0001_T00', '父母期待的目光让我感到很惭愧。'}","(224, 224)","[690, 839]",56.130419101897054,7.348643858826757,47.43886252366309,0.0,36.48921247733574,0.0,0.0,0.0,57.94405032789144,8.900574544736841,86.77850365638733,64.93274569511414,0.7362000942230225,0.13554339110851288
看见妈妈期待的眼神，我感到惭愧。,"{'妈妈期待的目光让我感到很惭愧。', 'S003181_P0002_T00'}","(225, 225)","[554, 55]",68.6038455689853,4.971329537857609,60.55900392170843,0.0,50.910853478597645,0.0,37.87317628191652,0.0,70.82050595632138,5.234239444727041,88.76867890357971,62.862956523895264,0.7847619652748108,0.050647079944610596
他的努力使我们大家都感到惭愧。,"{'S003186_P0001_T00', '他的努力让我感到惭愧。'}","(226, 226)","[240, 234]",63.194902581716235,10.47249843574439,55.45330196192749,0.0,49.15326266284853,0.0,41.946020351348416,0.0,73.52316192093554,12.280483248210231,92.40439534187317,66.06394052505493,0.793433427810669,0.1372595727443695
这次我失败了，而且失败得很彻底。,"{'我彻底失败了。', 'S003192_P0000_T00'}","(227, 227)","[776, 51]",27.645304662956455,10.987343836674063,19.548182395144593,0.0,12.831813742540191,0.0,0.0,0.0,34.354584365858,13.040204788422677,85.26042103767395,69.02168989181519,0.8694237470626831,0.044327616691589355
我只有一个大致的计划，细节还没有确定。,"{'S003206_P0000_T00', '我没有特别仔细计划。'}","(228, 228)","[745, 695]",28.459876181841953,26.812801841425575,16.035323629420326,14.13158737827694,0.0,0.0,0.0,0.0,29.329431225352543,31.623931623917716,82.83801674842834,76.75923705101013,0.5358209013938904,0.35510826110839844
我只有一个大致的计划，细节还没有确定。,"{'我有一个大致的计划,没有详细的计划。', 'S003206_P0001_T00'}","(229, 229)","[994, 5]",68.31929497659974,2.7883687052414263,55.147837242921106,0.0,47.60511174909055,0.0,42.94652316126124,0.0,64.77030966822448,4.5991421973038635,89.34631943702698,69.4742739200592,0.7949888110160828,0.13406701385974884
他社会经验少，想法还很单纯。,"{'S003219_P0000_T00', '他阅历比较浅,阅历还比较浅。'}","(230, 230)","[319, 1124]",21.42857142857143,8.067401742967988,0.0,0.0,0.0,0.0,0.0,0.0,21.42857142852143,10.155316606925242,75.44167041778564,69.75906491279602,0.4464225172996521,0.1584683209657669
他社会经验少，想法还很单纯。,"{'S003219_P0002_T00', '他对社会的经验和外面的教训给了他很多宝贵的经验。'}","(231, 231)","[770, 1143]",29.166666666666668,33.333333333333336,15.92555143176515,17.40776559556979,0.0,0.0,0.0,0.0,32.617093191628896,35.77712609964235,76.93806290626526,72.45019674301147,0.470173716545105,0.13559265434741974
他把手机号码写在餐巾纸上递给了我。,"{'他把电话号码写在餐巾纸里,交给我。', 'S003225_P0000_T00'}","(232, 232)","[91, 605]",70.58823529411764,7.581633246407919,59.40885257860044,0.0,48.99973050296443,0.0,42.818185319516076,0.0,70.58823529406764,9.28571428570645,92.64503717422485,63.471198081970215,0.8171244263648987,0.08447982370853424
我到了车站才发现把票忘在家里了。,"{'S003237_P0002_T00', '到了车站时,我发现自己把票忘在房间里。'}","(233, 233)","[519, 501]",68.42105263157896,8.591115984887153,51.583124308733886,0.0,39.70776583334619,0.0,29.74295351201359,0.0,67.58557736187137,10.03798155180206,88.1909728050232,66.4469301700592,0.6901195645332336,0.09103649109601974
优秀的成绩是他日积月累地学习的成果。,"{'S003244_P0000_T00', '成绩好是自己不断学习的结果。'}","(234, 234)","[968, 241]",42.94155960430207,0.0,31.510490058866214,0.0,18.388584949508502,0.0,0.0,0.0,48.50746268654467,0.0,81.9687008857727,68.33106279373169,0.7053130269050598,0.12976959347724915
如果不努力，又怎么会取得好成绩呢？,"{'如果不努力,那么怎么样能取得好成绩?', 'S003246_P0002_T00'}","(235, 235)","[729, 229]",66.66666666666669,9.995321962501858,59.408852578600495,0.0,50.96177337655968,0.0,43.34366012758324,0.0,68.45974872027963,11.600541497431802,90.64911603927612,65.16258716583252,0.8988656997680664,0.14419372379779816
看着我的成绩单，妈妈的表情一下子就严肃了起来。,"{'看我的成绩单了,你妈妈严肃地看着我。', 'S003248_P0002_T00'}","(236, 236)","[111, 1100]",54.7058148286698,12.638980516343251,44.158935970375474,0.0,33.300182814625245,0.0,24.712137312010032,0.0,52.13067392630607,14.704632384173957,81.84332251548767,69.46929097175598,0.6208796501159668,0.19066229462623596
领导充分肯定了他在工作中取得的成绩。,"{'S003250_P0000_T00', '领导充分肯定了他的工作成果,妈妈取得了丰硕的成果。'}","(237, 237)","[782, 67]",59.999999999999986,5.263157894736842,49.99999999999999,0.0,40.2520318518231,0.0,34.892146450085065,0.0,66.3419862981087,5.5215766224342415,86.76220774650574,67.46604442596436,0.5927278995513916,0.011805668473243713
你必须严格按照生产程序进行工作。,"{'你必须靠生产程序来做饭。', 'S003256_P0002_T00'}","(238, 238)","[747, 700]",47.76875403825263,8.022421231999708,39.44375047601225,5.949586820360036,32.21842289021414,0.0,22.715713055706516,0.0,54.945054945036254,11.167077483660712,86.7253839969635,64.86448049545288,0.41697561740875244,0.11029554903507233
我们公司有一套严格的办事程序。,"{'我们公司有一套严格的规定来解释事情的来龙去脉。', 'S003258_P0002_T00'}","(239, 239)","[972, 836]",52.173913043478265,5.488116360940265,46.19943021054108,0.0,43.32261304531076,0.0,41.07267548317981,0.0,58.216445759807655,6.9858712715825515,85.34992337226868,58.816367387771606,0.6512355208396912,0.09085865318775177
中国出口国外的商品越来越多。,"{'中国的快递包裹数量非常多。', 'S003267_P0002_T00'}","(240, 240)","[908, 402]",35.61388764008908,0.0,23.44393091820821,0.0,0.0,0.0,0.0,0.0,36.93584294672973,0.0,80.00781536102295,63.350629806518555,0.547577440738678,0.1198432669043541
博物馆的出口在哪里？,"{'博物馆在哪里?', 'S003269_P0002_T00'}","(241, 241)","[795, 676]",55.837633502661895,11.76470588235294,49.244164015470595,8.57492925712544,39.83037919481965,0.0,0.0,0.0,66.56738644823815,12.099012098956397,89.74432945251465,65.20906686782837,0.6552038788795471,0.13281366229057312
我国的农产品出口较多。,"{'农民的产品的出口量非常多。', 'S003276_P0002_T00'}","(242, 242)","[466, 831]",61.538461538461554,11.111111111111109,39.223227027636796,0.0,0.0,0.0,0.0,0.0,57.539682539618994,12.126865671574393,86.92566752433777,59.68198776245117,0.7398403286933899,0.09585513174533844
我怎么找不到医生开给我的处方了？,"{'S003289_P0002_T00', '处方上写的姓名写错了,会导致麻烦。'}","(243, 243)","[61, 534]",23.529411764705884,5.555555555555555,12.126781251816647,0.0,0.0,0.0,0.0,0.0,18.148518148462447,6.206088992910154,68.36687326431274,67.01298952102661,0.32740145921707153,0.15374839305877686
读书是为了学知识，不能单纯从兴趣出发。,"{'S003294_P0002_T00', '我是同学,学习知识不是单纯的,也不是单纯的。'}","(244, 244)","[115, 268]",36.36363636363637,8.17595379102038,18.609684207969416,0.0,0.0,0.0,0.0,0.0,38.6131261780379,14.331282752345285,73.10941219329834,65.21178483963013,0.4361605644226074,0.0744476318359375
他不愿过这种单调乏味的生活。,"{'S003323_P0000_T00', '他不喜欢单调乏味的生活。'}","(245, 245)","[890, 199]",70.5401437408845,0.0,65.8985129079368,0.0,60.41897525347192,0.0,56.75005498026444,0.0,76.02862254021723,0.0,89.76537585258484,65.19634127616882,0.8166648745536804,0.04408437758684158
刚才有个姓王的人给你打电话。,"{'刚才给王打了个电话,他把刚才的名字写错了。', 'S003338_P0000_T00'}","(246, 246)","[920, 103]",47.61904761904763,0.0,21.821789023599244,0.0,0.0,0.0,0.0,0.0,37.14285714278808,0.0,74.57974553108215,62.889719009399414,0.5176233649253845,0.145847350358963
他刚才的话前后矛盾，让人觉得奇怪。,"{'S003340_P0002_T00', '刚才说的话太矛盾了,令他感到奇怪。'}","(247, 247)","[716, 775]",58.82352941176469,16.48101575501109,42.87464628562721,0.0,23.055255904375134,0.0,0.0,0.0,52.94117647053823,13.040204788422677,84.4420850276947,70.17220854759216,0.7547776699066162,0.08745470643043518
你应该学会克服自己的害羞情绪。,"{'你越是觉得害羞,越是会感到害羞,你只好克服。', 'S003353_P0000_T00'}","(248, 248)","[1158, 593]",31.818181818181817,9.512294245007142,17.40776559556978,0.0,0.0,0.0,0.0,0.0,25.27989731149037,9.744510746725242,75.54895281791687,66.24673008918762,0.4708417057991028,0.2710092067718506
他及时抓住了机会，获得了成功。,"{'S003371_P0002_T00', '快抓住你,成功了。'}","(249, 249)","[699, 987]",34.22780793550614,6.896551724137931,20.96016611399373,0.0,0.0,0.0,0.0,0.0,37.280701754385575,7.702299455790161,75.2031922340393,65.69176912307739,0.41676515340805054,0.097280353307724
他虽然知道这是犯法的，但心存侥幸，最终犯下大错。,"{'他虽然知道自己是犯罪,但心存侥幸,最后还是犯罪了。', 'S003381_P0000_T00'}","(250, 250)","[1139, 889]",59.999999999999986,0.0,47.434164902525694,0.0,38.862909461742895,0.0,32.14110553053944,0.0,61.173554280227236,0.0,87.95480132102966,68.45343112945557,0.8135385513305664,0.24813610315322876
不要谦虚了，你的成功不是用侥幸就能解释的。,"{'他谦虚不客气,成功不是侥幸。', 'S003382_P0002_T00'}","(251, 251)","[733, 118]",43.3236185509024,10.526315789473687,31.790844679184772,0.0,21.698774891993594,0.0,15.406054477846805,0.0,47.75510204080848,11.77045177038609,78.78773212432861,67.80492067337036,0.4807127118110657,0.10168055444955826
在巨大的差距面前不存在任何侥幸。,"{'S003385_P0000_T00', '今天的远亲不如现在,侥幸不是侥幸。'}","(252, 252)","[583, 80]",35.29411764705882,0.0,21.004201260420146,0.0,14.327608115831811,0.0,0.0,0.0,36.2970362969806,0.0,71.22511267662048,63.03683519363403,0.25015753507614136,0.22402450442314148
见大家都很茫然，老师只好讲得更简单一些。,"{'老师看了你们,他脸上浮现出茫然的表情,变得很单纯。', 'S003402_P0000_T00'}","(253, 253)","[141, 711]",32.0,15.789473684210527,16.329931618554518,0.0,0.0,0.0,0.0,0.0,21.693121693055346,17.178034004232526,75.2354383468628,68.06159019470215,0.5790606141090393,0.27553802728652954
我一直对这个问题茫然不解，但刚才突然想通了。,"{'S003406_P0002_T00', '他老是感到茫然,突然想报复。'}","(254, 254)","[476, 626]",24.202205228903964,7.122777528017815,17.75956332968437,0.0,11.407006306447801,0.0,0.0,0.0,30.465949820784253,7.387168589312195,74.61438179016113,64.18144106864929,0.6229100227355957,0.3067006468772888
我被老板辞退了，好朋友安慰了我。,"{'老板害怕被开除了,把他开除了,所以他停工了。', 'S003410_P0002_T00'}","(255, 255)","[899, 337]",27.272727272727277,0.0,11.396057645963799,0.0,0.0,0.0,0.0,0.0,25.094953879475284,0.0,75.53544044494629,61.18558645248413,0.28054219484329224,0.11181719601154327
老师安慰了半天，她才止住了哭。,"{'S003418_P0002_T00', '老师安慰他的时候,眼泪已经停了。'}","(256, 256)","[658, 406]",37.5,2.3161150407600517,27.386127875258303,0.0,22.04555691541846,0.0,16.94357181593088,0.0,38.62936688523374,9.572901325486944,77.8554916381836,65.23250341415405,0.5821588039398193,0.06890669465065002
设备安装完毕，可以开始使用。,"{'S003424_P0000_T00', '安装完这个软件就可以开始使用了。'}","(257, 257)","[569, 185]",62.50000000000002,11.031211282307444,54.00617248673218,0.0,47.05180144405144,0.0,39.375553105513404,0.0,66.08187134496782,11.684125705039227,85.34120321273804,65.74335098266602,0.7497486472129822,0.23651371896266937
只有相互了解，才能对成功有充分的把握。,"{'他俩互相了解,互相把握,成功了。', 'S003455_P0000_T00'}","(258, 258)","[168, 250]",46.632887897647514,12.136113577795829,27.806481953671234,0.0,0.0,0.0,0.0,0.0,33.79278868093637,13.590871730382226,74.48070645332336,65.82196950912476,0.6477380394935608,0.08120708167552948
他们为了搬家吵过很多次架。,"{'搬家那天在吵架。', 'S003469_P0002_T00'}","(259, 259)","[1023, 481]",33.4538392824369,7.122777528017815,22.618923685244415,0.0,0.0,0.0,0.0,0.0,43.00479881875034,7.387168589312195,76.47346258163452,67.72764325141907,0.3651791214942932,0.21709033846855164
他很吵，他的邻居想让他搬家。,"{'他很倒霉,邻居想搬家。', 'S003471_P0002_T00'}","(260, 260)","[13, 243]",55.36730085068171,8.695652173913045,45.90814064410914,0.0,32.913518732905466,0.0,0.0,0.0,62.23312883433224,9.653815409141844,88.0246102809906,63.59369158744812,0.6137710213661194,0.050920747220516205
对待学习较差的同学，我们肯定要帮助他。,"{'学习不好是同学,我们应该帮助他。', 'S003491_P0002_T00'}","(261, 261)","[516, 524]",51.814319886275044,5.555555555555555,41.451455909020034,0.0,27.301328097372352,0.0,18.979922673684943,0.0,56.32131446824808,6.206088992910154,85.11962294578552,70.45654058456421,0.5495235323905945,0.12986811995506287
我国的教育体系包括基础教育、职业教育等。,"{'S003494_P0000_T00', '我们有非常丰富的教学系统,包括职业教育、基础教育、职业教育等。'}","(262, 262)","[837, 584]",58.06451612903227,7.124226538110605,50.16103101271009,0.0,42.74242321087441,0.0,38.64802843536072,0.0,61.22357174981891,8.544087491444868,87.95576095581055,74.02068972587585,0.7730295658111572,0.25052154064178467
这年头，谁不喜欢包装一下自己？,"{'今年的谁也不装自己。', 'S003500_P0002_T00'}","(263, 263)","[734, 708]",36.391839582757996,18.575954994646754,15.66055429354151,0.0,0.0,0.0,0.0,0.0,44.57142857142074,13.216374268970297,81.14577531814575,65.95419645309448,0.2893501818180084,0.3626096546649933
报名表格可以于学院各报名中心领取。,"{'报名表可以到各种学校拿。', 'S003515_P0002_T00'}","(264, 264)","[96, 901]",43.94937534669626,13.636363636363638,28.110114921891743,8.058229640253805,17.33496900112333,0.0,0.0,0.0,45.640716759511356,13.938419810081676,85.13150811195374,66.30257368087769,0.6345282793045044,0.26504385471343994
我们不想毕业。,"{'S003518_P0002_T00', '我们不想毕业。'}","(265, 265)","[914, 1096]",100.00000000000004,5.770331081275291,100.00000000000004,0.0,100.00000000000004,0.0,100.00000000000004,0.0,99.99999999994999,6.9467477427572115,100.0,67.17708110809326,0.9567117094993591,0.07714906334877014
姐姐大学毕业后，到山区从事教育工作。,"{'姐姐大学毕业后到小区教课工作。', 'S003524_P0000_T00'}","(266, 266)","[630, 220]",70.95666526675846,12.980013051190083,57.61666623457165,0.0,50.0589517569749,0.0,43.014638322597875,0.0,77.51710654933454,14.462081128722264,91.52733087539673,65.61452746391296,0.7020421028137207,0.12990090250968933
有人说，长期服用避孕药会打乱女性的内分泌平衡。,"{'有的人说吃药要避孕,其实对身体不好。', 'S003537_P0000_T00'}","(267, 267)","[784, 247]",33.665116817642954,11.309868932179763,17.320559708649135,0.0,0.0,0.0,0.0,0.0,28.434913050701894,12.883263009824592,75.55848956108093,65.50631523132324,0.5797876119613647,0.20729655027389526
有人说，长期服用避孕药会打乱女性的内分泌平衡。,"{'S003537_P0001_T00', '有的人说吃药要避孕,其实对身体不好。'}","(268, 268)","[708, 828]",33.665116817642954,6.666666666666667,17.320559708649135,0.0,0.0,0.0,0.0,0.0,28.434913050701894,6.8802091844508455,75.55848956108093,66.9202208518982,0.5797876119613647,0.2276558130979538
五十年之间中国发生了巨大的变化。,"{'S003545_P0002_T00', '接下来的五十多年中,中国发生了巨大的变化。'}","(269, 269)","[875, 1129]",66.66666666666669,7.785080597864942,60.55300708194985,0.0,55.793907700023524,0.0,52.710174649255045,0.0,73.05532679487095,12.743472855375895,90.18849730491638,64.35815095901489,0.8603262901306152,0.03275454044342041
性格，既不坚固也不是一成不变，而是活动变化着的。,"{'S003551_P0000_T00', '他的性格不是固定的,只是变化无常。'}","(270, 270)","[1013, 80]",38.969419729054465,11.76470588235294,22.00133509798045,0.0,0.0,0.0,0.0,0.0,36.932273042629774,12.668146793718451,78.86738777160645,67.06205606460571,0.6407656073570251,0.09411568194627762
性格，既不坚固也不是一成不变，而是活动变化着的。,"{'性格不是固定的,只要有一点点微小的改变,它就是随机应变。', 'S003551_P0001_T00'}","(271, 271)","[163, 1042]",39.28571428571428,6.250000000000001,17.058877190638633,0.0,0.0,0.0,0.0,0.0,34.21288014304995,6.6081871344415175,72.55930304527283,61.210572719573975,0.6902776956558228,0.0861496850848198
面对竞争，我们不能躲避。,"{'S003572_P0002_T00', '我们不能躲避竞争。'}","(272, 272)","[1016, 271]",71.65313105737896,5.576737410482851,62.0534317563859,0.0,54.02269480960275,0.0,48.75099426512705,0.0,64.10256410254541,9.198284394598485,92.90810227394104,65.04843235015869,0.819172739982605,0.23518000543117523
我们不能理解他所说的一番话。,"{'S003579_P0002_T00', '他说话的时候,我们完全无法理解他的意思。'}","(273, 273)","[872, 646]",44.99999999999999,6.664160905747456,26.655699499159155,0.0,15.804080051174436,0.0,0.0,0.0,38.830975428076705,9.686937747397257,82.7296495437622,66.41825437545776,0.805706262588501,0.08855542540550232
我不喜欢他看我的眼神。,"{'我不喜欢看眼睛的神情。', 'S003594_P0000_T00'}","(274, 274)","[1115, 838]",81.81818181818183,7.142857142857142,49.54336943068622,0.0,37.92447013704332,0.0,28.73539322585947,0.0,72.72727272722275,7.602862253962289,89.57878351211548,68.6661422252655,0.6309219002723694,0.021168500185012817
这孩子一天到晚，游手好闲，真令人操心。,"{'S003605_P0000_T00', '这个孩子一天天就知道玩,让人很担心。'}","(275, 275)","[219, 506]",42.042643062522906,7.124226538110605,30.59051614004532,0.0,22.28360152099615,0.0,16.253030682894547,0.0,43.180206445468194,8.544087491444868,78.16100120544434,67.8384780883789,0.48703497648239136,0.23739750683307648
这孩子一天到晚，游手好闲，真令人操心。,"{'这个孩子聪明,天生喜欢玩,让人操心。', 'S003605_P0001_T00'}","(276, 276)","[648, 554]",42.042643062522906,8.785910567087734,30.59051614004532,0.0,22.28360152099615,0.0,16.253030682894547,0.0,43.180206445468194,11.770451770453395,80.20504117012024,64.82222080230713,0.4563511610031128,0.25514811277389526
考生可向学院办公室查询最终录取结果。,"{'S003619_P0000_T00', '学生可以到学校查询自己的考试成绩。'}","(277, 277)","[56, 112]",38.8241882763772,16.10308485161327,21.391085893942286,0.0,0.0,0.0,0.0,0.0,34.229874360123496,12.126865671619305,83.57289433479309,68.03632378578186,0.6509436964988708,0.3469565510749817
第一名选手摔倒了，被后面的选手超过了。,"{'S003621_P0001_T00', '第一名买了之后超超额买了。'}","(278, 278)","[329, 79]",38.78850379056739,3.266508076482063,24.722917216396336,0.0,15.186384065254677,0.0,0.0,0.0,46.81978798585569,4.138884371438994,77.89300680160522,65.65378308296204,0.13618165254592896,0.23781535029411316
第一名选手摔倒了，被后面的选手超过了。,"{'第一名摔倒后超了。', 'S003621_P0002_T00'}","(279, 279)","[1174, 255]",32.91929878079057,16.666666666666668,23.27745939980306,0.0,13.65865379405552,0.0,0.0,0.0,52.424881391679726,17.526188557554537,84.22414660453796,68.65386962890625,0.4224018454551697,0.10648983716964722
老师和同学们一致称赞东东是一个好学生。,"{'老师和同学们一致称赞小王是个好学生。', 'S003633_P0000_T00'}","(280, 280)","[604, 159]",84.08528612504583,3.225806451612903,77.99081936448312,0.0,73.40811390690072,0.0,68.83574136059144,0.0,86.36041289098077,3.6018902719512136,95.75735926628113,59.570521116256714,0.7748032808303833,0.2148047536611557
老师和同学们一致称赞东东是一个好学生。,"{'S003633_P0001_T00', '老师和同学们一致称赞小王是个好学生。'}","(281, 281)","[798, 960]",84.08528612504583,6.236713233544119,77.99081936448312,0.0,73.40811390690072,0.0,68.83574136059144,0.0,86.36041289098077,6.438227814171732,95.75735926628113,66.13141298294067,0.7748032808303833,0.08881677687168121
在公园里我看到过不少姹紫嫣红的花朵，令人称赞。,"{'S003637_P0001_T00', '公园里长满了鲜花,看得人赏心悦目。'}","(282, 282)","[813, 436]",28.931350933182166,19.999999999999996,15.940397991940602,0.0,10.597633239798327,0.0,0.0,0.0,28.735362997640852,19.999999999950003,77.36945152282715,66.84527397155762,0.7627655267715454,0.34174656867980957
大家众口同声地称赞她献身于教育事业的精神。,"{'S003645_P0000_T00', '他们转头称赞老师在教学上默默奉献的事业。'}","(283, 283)","[125, 802]",38.04917698002856,6.896551724137931,19.518815948083045,0.0,0.0,0.0,0.0,0.0,29.233532240265593,7.679008788298125,76.48488283157349,63.8800323009491,0.6922433972358704,0.10987162590026855
大家众口同声地称赞她献身于教育事业的精神。,"{'他们一致称赞老师付出了教学的汗水。', 'S003645_P0002_T00'}","(284, 284)","[491, 885]",23.245245970044067,5.263157894736842,10.715528932076483,0.0,0.0,0.0,0.0,0.0,25.751375758404098,5.765839099122026,74.7036874294281,68.21309924125671,0.5753609538078308,0.13384495675563812
我们要和与合同承包商协调合作，保障维修工作的顺利完成。,"{'我们承包一个项目时,要给承包商支付一定的费用。', 'S003651_P0001_T00'}","(285, 285)","[147, 317]",29.23025983063992,11.530253528648418,18.3020984567319,0.0,11.025991878854413,0.0,0.0,0.0,31.598116169512213,6.334073396862998,69.41166520118713,67.83450841903687,0.4887666702270508,0.061123885214328766
他盲目崇拜模仿。,"{'S003669_P0000_T00', '他气焰嚣张地崇拜那些崇拜他的人。'}","(286, 286)","[978, 886]",24.999999999999996,0.0,12.909944487358057,0.0,0.0,0.0,0.0,0.0,27.77777777771852,0.0,77.34767198562622,62.01569437980652,0.37766265869140625,0.03239347040653229
他盲目崇拜模仿。,"{'S003669_P0001_T00', '他盲目崇拜他。'}","(287, 287)","[1038, 122]",74.30381997858699,8.131393194811983,65.5298097084846,0.0,60.67302734327883,0.0,55.780028607687655,0.0,79.29824561399953,11.731772490144502,87.73250579833984,69.47727799415588,0.57526695728302,0.28088390827178955
病人空腹到医院抽血，两天后拿报告。,"{'S003679_P0000_T00', '有孕妇在肚子抽血,要抽血几天,要取报告。'}","(288, 288)","[186, 734]",30.000000000000004,11.111111111111109,21.764287503300356,0.0,13.806135595834634,0.0,0.0,0.0,32.01424920616302,11.11111111106111,79.6742856502533,65.43861627578735,0.472531259059906,0.250821053981781
我根本就不能抽血的，我一看见血就晕。,"{'S003680_P0000_T00', '我抽血不出来,只看见血压升高,昏迷不醒。'}","(289, 289)","[708, 347]",40.0,13.333333333333334,25.131234497501726,0.0,15.195618441940141,0.0,0.0,0.0,36.639676113300965,13.333333333283335,77.52439379692078,67.54768490791321,0.6471531391143799,0.406948447227478
我根本就不能抽血的，我一看见血就晕。,"{'我抽血不可以看血,要看血压。', 'S003680_P0002_T00'}","(290, 290)","[576, 162]",37.57386465376429,7.05401437408845,14.737682236202945,0.0,0.0,0.0,0.0,0.0,36.380597014902875,7.60286225399182,79.05887961387634,69.13055777549744,0.31951212882995605,0.15726251900196075
妈妈出差了，我们吃住全由奶奶照料。,"{'出差的奶奶负责照顾我。', 'S003692_P0000_T00'}","(291, 291)","[1162, 331]",36.88225410448786,1.7698791666500933,20.67663094006519,0.0,0.0,0.0,0.0,0.0,39.39782190902717,3.740279937802049,76.89229249954224,62.300801277160645,0.5880431532859802,0.06717850267887115
妈妈出差了，我们吃住全由奶奶照料。,"{'出差的奶奶负责照顾我。', 'S003692_P0001_T00'}","(292, 292)","[766, 78]",36.88225410448786,13.3456233819468,20.67663094006519,0.0,0.0,0.0,0.0,0.0,39.39782190902717,9.805825242690437,76.89229249954224,64.17741775512695,0.5880431532859802,0.12722748517990112
这次出差南方的收获很大。,"{'S003697_P0000_T00', '我要去南方出差,受到了很大的影响。'}","(293, 293)","[162, 1005]",47.058823529411775,8.022421231999708,29.70442628930023,0.0,0.0,0.0,0.0,0.0,32.600511971019486,11.167077483660712,75.47454237937927,65.79110622406006,0.6369256973266602,0.18530747294425964
对于不可改变的事实，除了认命以外，没有更好的办法了。,"{'S003721_P0000_T00', '我对事情不能改变,除了听话之外,还有别的办法。'}","(294, 294)","[688, 176]",49.609906663775526,6.666666666666667,28.13709824983349,0.0,14.901525752956802,0.0,0.0,0.0,48.61648118881438,6.8802091844508455,81.87849521636963,63.99134397506714,0.6018271446228027,0.10033506155014038
对于不可改变的事实，除了认命以外，没有更好的办法了。,"{'S003721_P0002_T00', '我对事情不改变,除了听话之外,还有别的办法。'}","(295, 295)","[756, 904]",49.26721788626065,13.333333333333334,27.971647780979108,9.759000729485333,14.830227879559983,0.0,0.0,0.0,49.31972789112471,14.142139267705359,81.27704858779907,64.50274586677551,0.5701676607131958,0.07189716398715973
夏天，虫病传染最为普遍。,"{'S003731_P0000_T00', '夏天部分的传染力很强。'}","(296, 296)","[185, 527]",41.50457801283011,14.992982943752793,27.5310224701184,0.0,0.0,0.0,0.0,0.0,43.31480876099226,11.600541497431802,79.86863851547241,67.99306273460388,0.598054051399231,0.2940347492694855
夏天，虫病传染最为普遍。,"{'热水把你的感染力提高了。', 'S003731_P0001_T00'}","(297, 297)","[1157, 754]",16.666666666666668,3.6770734578938282,0.0,0.0,0.0,0.0,0.0,0.0,16.666666666616667,6.644088829151033,69.33901906013489,67.51501560211182,0.3416401743888855,0.1653270125389099
妥善处理群众意见，有利于社会安定。,"{'群众的意见要妥善处理,才能帮助社会稳定下来。', 'S003743_P0001_T00'}","(298, 298)","[436, 846]",54.54545454545453,9.942659075715216,39.47710169758614,0.0,24.978336210987326,0.0,16.923267918690044,0.0,39.740376582414235,10.4684788894928,81.55067563056946,61.05318069458008,0.7760472297668457,0.07122211903333664
垃圾处理问题有关我们每个人的生活。,"{'处理垃圾问题对我们每个人的生活质量有着重要的影响。', 'S003747_P0000_T00'}","(299, 299)","[171, 1173]",63.99999999999998,2.620323416595701,51.639777949432215,0.0,41.127348908077025,0.0,35.45968452939002,0.0,57.8537345407819,4.104204753207597,86.06409430503845,66.8427050113678,0.8131445050239563,0.05296377092599869
垃圾处理问题有关我们每个人的生活。,"{'S003747_P0001_T00', '垃圾问题是我们每个人都生活的重要组成部分。'}","(300, 300)","[702, 1170]",61.90476190476193,5.181431988627503,46.54746681256313,0.0,32.46284552986226,0.0,24.830148193808903,0.0,61.803301820168386,5.6321314467967,85.32528281211853,65.21005034446716,0.7926782369613647,0.18949201703071594
他吃不消压力，辞职了。,"{'已经吃不消了,我辞职了。', 'S003753_P0001_T00'}","(301, 301)","[765, 1081]",58.333333333333336,0.0,51.49286505444373,0.0,43.00693137686092,0.0,30.66148710292676,0.0,60.64073226538829,0.0,81.84663653373718,69.00668144226074,0.6365344524383545,0.3456431031227112
我在考虑到底是辞职还是继续工作。,"{'S003758_P0000_T00', '辞职还是工作?'}","(302, 302)","[358, 802]",23.695975425391232,18.95847077451488,20.89788601622772,0.0,16.9029313632976,0.0,13.516425911946323,0.0,41.225501239027636,22.056948576269157,77.4138331413269,67.17233657836914,0.6961984038352966,0.12111231684684753
我在考虑到底是辞职还是继续工作。,"{'S003758_P0002_T00', '辞职之后再想工作吗?'}","(303, 303)","[207, 983]",21.952465443761056,19.786244288317874,16.362401668654933,0.0,0.0,0.0,0.0,0.0,27.94348508633922,21.213208901616635,74.22252893447876,71.8514084815979,0.8177913427352905,0.35076630115509033
我认为是时候离开了，这是我的辞职信。,"{'我不想离开的时候,是因为这给了我辞职的勇气。', 'S003759_P0000_T00'}","(304, 304)","[935, 615]",63.63636363636361,4.848562973820922,30.151134457776347,0.0,0.0,0.0,0.0,0.0,39.22330097080845,5.8524734982232,81.63188099861145,61.40396595001221,0.4935206174850464,0.03838370740413666
机器生产逐渐代替了笨重的体力劳动。,"{'机器慢慢地为我们傻瓜的行为做准备。', 'S003764_P0000_T00'}","(305, 305)","[1065, 482]",23.529411764705884,6.191984998215583,12.126781251816647,0.0,0.0,0.0,0.0,0.0,23.529411764655883,6.608187134467372,72.56109118461609,65.08190035820007,0.27242088317871094,0.1708897203207016
机器生产逐渐代替了笨重的体力劳动。,"{'S003764_P0001_T00', '机器逐渐被笨笨笨的劳动代替了。'}","(306, 306)","[131, 535]",70.01386552343577,5.4936719183370295,46.77998162720729,0.0,24.514531822702608,0.0,0.0,0.0,55.81563706560056,6.520102394204938,85.42239665985107,67.83167719841003,0.48893308639526367,0.06291905045509338
小学生的作业，不能由家长包办代替。,"{'孩子的作业是父母为孩子写的,不能作为家长写的。', 'S003765_P0000_T00'}","(307, 307)","[312, 551]",34.782608695652165,12.500000000000002,25.14778453847725,7.372097807744857,14.440871015103575,0.0,0.0,0.0,38.31381733014208,13.54359925784043,77.7240514755249,71.55182361602783,0.5937919020652771,0.1384398341178894
语言代替不了行动，行动才是最响亮的语言。,"{'S003776_P0001_T00', '说法代替不了行动,是明智的,是明智的。'}","(308, 308)","[23, 974]",44.939817474462814,0.0,34.41403527655731,0.0,29.79030078834811,0.0,26.18738198389567,0.0,46.09327680189356,0.0,77.53119468688965,58.73979926109314,0.4000794291496277,0.12588506937026978
他向国家贷款承包了这片荒山。,"{'S003778_P0000_T00', '那国的贷款承包商承包了大量的土地。'}","(309, 309)","[180, 1102]",41.1764705882353,5.181431988627503,32.0844473959874,0.0,27.407728339317423,0.0,19.58270906753417,0.0,44.338513778177116,5.6321314467967,78.13867330551147,71.03576064109802,0.3343318998813629,0.26711606979370117
他向国家贷款承包了这片荒山。,"{'S003778_P0001_T00', '他向国家承包了一张土地。'}","(310, 310)","[379, 110]",56.43211499270762,4.555807961771006,46.59728534731134,0.0,38.061569367463356,0.0,26.83544415402699,0.0,60.822898032167124,7.36955352340862,85.46375632286072,67.2783374786377,0.6121741533279419,0.13973462581634521
公司为它的职员提供无息贷款。,"{'这家公司给员工发放贷款,不收取手续费。', 'S003786_P0001_T00'}","(311, 311)","[634, 849]",31.57894736842106,11.76470588235294,18.73171623163388,0.0,0.0,0.0,0.0,0.0,34.801624492277405,12.099012098956397,81.42529129981995,64.9589478969574,0.6471423506736755,0.05081751197576523
老师担心我们走路不安全，天天护送我们过马路。,"{'我们走路不安全,老师担心我们,每天送我们去保护。', 'S003792_P0000_T00'}","(312, 312)","[1132, 943]",70.83333333333333,16.666666666666668,60.79187588743288,0.0,55.176752546552535,0.0,48.644841037855606,0.0,51.97777051318169,18.61826697885863,88.17082643508911,69.44283843040466,0.6361186504364014,0.18853121995925903
老师担心我们走路不安全，天天护送我们过马路。,"{'我们走路不安全,老师担心我们,每天送我们去保护。', 'S003792_P0001_T00'}","(313, 313)","[829, 414]",70.83333333333333,4.180593901820375,60.79187588743288,0.0,55.176752546552535,0.0,48.644841037855606,0.0,51.97777051318169,5.055979462302202,88.17082643508911,64.1048014163971,0.6361186504364014,0.13521598279476166
古人看到彗星，就担心会发生灾难。,"{'以前,人们总是担心天上的星星会爆炸。', 'S003804_P0001_T00'}","(314, 314)","[406, 863]",33.333333333333336,9.523809523809524,14.002800840280102,0.0,0.0,0.0,0.0,0.0,29.210314262631094,10.647010646945448,79.23417091369629,65.1158094406128,0.7219858169555664,0.10892278701066971
它利用星星来导航。,"{'他用天上的星星来导航。', 'S003813_P0001_T00'}","(315, 315)","[184, 636]",63.63636363636361,2.820545209222851,56.407607481776594,0.0,52.09918709294173,0.0,47.987820666906615,0.0,68.64077669896378,4.43151040166805,91.29177927970886,61.557114124298096,0.7636798024177551,0.16735124588012695
它利用星星来导航。,"{'S003813_P0002_T00', '用星星来导航。'}","(316, 316)","[835, 98]",75.14772930752862,18.18181818181818,75.14772930752862,0.0,75.14772930752862,0.0,75.14772930752862,0.0,84.88805970147004,20.310633213790656,93.00948977470398,66.50660634040833,0.8149663805961609,0.178750142455101
每个电表帐户最多只可登记五个用户。,"{'每到星期一,导航系统会对每个月五个人进行登记。', 'S003821_P0001_T00'}","(317, 317)","[1010, 844]",30.434782608695656,8.022421231999708,20.37203384166269,0.0,0.0,0.0,0.0,0.0,23.946135831313047,11.167077483660712,74.96809363365173,63.52938413619995,0.38829267024993896,0.25794893503189087
报名须填写报名登记表。,"{'签字必须填好表格。', 'S003826_P0000_T00'}","(318, 318)","[166, 100]",35.588329018524796,24.999999999999996,18.873561585072657,0.0,0.0,0.0,0.0,0.0,39.22330097084578,21.97802197795358,80.97608089447021,70.01773715019226,0.610896110534668,0.16214551031589508
报名须填写报名登记表。,"{'必须填写表格。', 'S003826_P0001_T00'}","(319, 319)","[340, 703]",40.33700871483997,0.0,27.555422823136556,0.0,20.468780071676335,0.0,0.0,0.0,50.776583034643274,0.0,81.17372393608093,66.54873490333557,0.6245567798614502,0.02965790033340454
早期定居者的生活十分艰苦，他们经常搞不到吃的东西。,"{'早定居到这个地方的人往往生活很苦,食物经常吃不饱。', 'S003831_P0000_T00'}","(320, 320)","[95, 1080]",52.00000000000001,0.0,25.495097567963924,0.0,0.0,0.0,0.0,0.0,43.99999999995,0.0,79.98321652412415,63.72343897819519,0.5660709142684937,0.06244368851184845
早期定居者的生活十分艰苦，他们经常搞不到吃的东西。,"{'S003831_P0002_T00', '早晚定居下来后,生活起来的人常常吃不饱饭。'}","(321, 321)","[270, 566]",39.36025893448753,11.76470588235294,18.037136594035104,0.0,0.0,0.0,0.0,0.0,34.268263280528394,11.764705882302941,76.7430305480957,69.99478936195374,0.45982593297958374,0.24068646132946014
你认为什么是堵车时打发时间最好的方法？,"{'堵车时间长得这么久,你怎么认为这是个好办法?', 'S003842_P0000_T00'}","(322, 322)","[757, 606]",49.99999999999999,3.7908166232039595,30.860669992418376,0.0,16.823908657399734,0.0,0.0,0.0,28.959844633512866,4.642857142849306,79.99222874641418,66.01380705833435,0.6649361252784729,0.05532577633857727
请保持安静！,"{'这里永远是安静的。', 'S003850_P0001_T00'}","(323, 323)","[917, 60]",22.22222222222222,10.000000000000002,16.666666666666668,0.0,0.0,0.0,0.0,0.0,24.7619047618357,10.24295040037584,77.90337204933167,64.98001217842102,0.720802366733551,0.1526031196117401
这条小路十分安静，以至于她都能听到身边人的呼吸的声音。,"{'这条街太安静了,空气质量很好,能听到安安静静的脚步。', 'S003860_P0000_T00'}","(324, 324)","[837, 297]",33.30930165103583,7.961459006375435,22.64597054703734,0.0,12.716150722168184,0.0,0.0,0.0,33.93810891323659,9.157509157490464,76.37158036231995,71.79545164108276,0.6021165251731873,0.12050056457519531
这条小路十分安静，以至于她都能听到身边人的呼吸的声音。,"{'S003860_P0002_T00', '冬天,这条街太安静了,呼吸新鲜的空气。'}","(325, 325)","[401, 602]",27.636023388245906,6.666666666666667,17.38728341921056,0.0,0.0,0.0,0.0,0.0,32.85359053574213,6.8802091844508455,75.53656101226807,66.70181155204773,0.4311293959617615,0.2046271711587906
对不起这份饭还没有让我吃饱，可以再给我一份吗？,"{'S003880_P0002_T00', '对不起,你吃不饱了,还给你一个。'}","(326, 326)","[771, 617]",32.282426321394595,6.112226356887866,16.67057326905724,0.0,10.862331833407604,0.0,0.0,0.0,33.78835393222735,8.91033554034962,78.98514866828918,63.58211040496826,0.6041614413261414,0.02783120423555374
每个适龄儿童都必须按时入学，接受九年义务教育。,"{'到这个年龄,孩子必须去上学,接受一年的义务教育。', 'S003886_P0000_T00'}","(327, 327)","[751, 629]",54.16666666666666,10.000000000000002,37.59047057780562,0.0,26.80925216284386,0.0,20.697419395750256,0.0,55.26913162243061,11.167077483592964,83.57405066490173,65.6379222869873,0.6644647717475891,0.10192593932151794
每个适龄儿童都必须按时入学，接受九年义务教育。,"{'S003886_P0002_T00', '年龄到了,他必须去上学,接受一年的义务教育。'}","(328, 328)","[816, 338]",52.12162016008822,3.678794411714424,37.72285916121726,0.0,27.32246856951644,0.0,21.282560929074496,0.0,53.28073635761401,5.555555555562963,80.61975836753845,62.162214517593384,0.581421434879303,0.2202562540769577
红灯停，绿灯行，这是人人必须遵守的规矩。,"{'S003894_P0002_T00', '通过红灯停绿灯,行人必须遵守规定。'}","(329, 329)","[522, 1148]",64.09943894999411,14.545688921462764,48.483731945066374,0.0,37.454747258225595,0.0,28.164081503684205,0.0,69.364206613458,11.704946996456417,77.61940956115723,67.04080700874329,0.6360863447189331,0.18791857361793518
为什么我这次没考好？是不够细心，还是考试前复习得不够认真？,"{'S003896_P0001_T00', '我今天考试没有好好复习,为什么呢?是不是不够复习,还是不够帮助?'}","(330, 330)","[46, 1074]",53.12500000000001,14.108028748176901,37.026581558867726,0.0,20.90797597505764,0.0,0.0,0.0,32.62942421744734,10.137149672000165,81.45999908447266,69.51009631156921,0.6314225792884827,0.1913469135761261
为什么我这次没考好？是不够细心，还是考试前复习得不够认真？,"{'S003896_P0002_T00', '我今年没有考试好,明年是不够认真的,复习还不够认真。'}","(331, 331)","[353, 1174]",51.40519480935904,21.96477641771934,35.811875785057424,14.569784396324325,24.263367900619354,10.445704507624148,15.337466533322555,0.0,46.99392350764669,29.426129426131048,78.8889229297638,74.41506385803223,0.6540816426277161,0.3136693239212036
别人让你生气，往往因为你自己的修养不够。,"{'别人让你生气了,你自己也养不够自己。', 'S003903_P0000_T00'}","(332, 332)","[830, 339]",64.62728399214893,11.6689775872393,55.332115549222394,0.0,46.835693857567016,0.0,36.82362017020292,0.0,68.04511278191617,12.403474903438408,82.22784996032715,66.54440760612488,0.640219509601593,0.0972396656870842
别人让你生气，往往因为你自己的修养不够。,"{'别人让你生气了,你自己就要改不过来。', 'S003903_P0002_T00'}","(333, 333)","[407, 482]",54.68462491643369,4.545454545454546,44.88794327861462,0.0,38.3370034866549,0.0,31.688916239214326,0.0,57.57663389238464,5.018990775839906,81.14685416221619,65.93035459518433,0.5936391949653625,0.14754441380500793
他的身高差不多有一米八。,"{'人体的长与高差不多。', 'S003907_P0000_T00'}","(334, 334)","[269, 459]",49.123845184678906,14.285714285714283,36.61475238303925,0.0,30.16229883244851,0.0,23.801761257033814,0.0,53.66568914953006,15.971373712622079,74.96212720870972,65.79904556274414,0.6264941692352295,0.14717108011245728
他的身高差不多有一米八。,"{'S003907_P0001_T00', '身体差不多,很惭愧。'}","(335, 335)","[856, 148]",40.93653765389909,5.263157894736842,27.2910251025994,0.0,19.680234613736342,0.0,0.0,0.0,44.721407624603366,5.800270748655613,74.1797387599945,63.14602494239807,0.37403467297554016,0.06163124740123749
这栋大楼差不多有一百米高。,"{'S003911_P0002_T00', '高楼大厦与高楼大厦差不多。'}","(336, 336)","[385, 478]",53.846153846153854,6.062469223956427,29.957234475763908,0.0,20.131227219755512,0.0,0.0,0.0,46.15384615379616,8.582677165359287,75.27373433113098,68.73055696487427,0.536320686340332,0.11759598553180695
这两样东西虽然看起来差不多，但材质不同。,"{'S003913_P0001_T00', '这两样东西看上去差不多,但质量却不一样。'}","(337, 337)","[255, 1]",64.99999999999999,3.6626392866284823,45.30597729822598,0.0,35.72998474390311,0.0,27.065739132597326,0.0,64.99999999994999,5.30589123867667,88.03142309188843,59.62251424789429,0.8370419144630432,0.06268573552370071
这两样东西虽然看起来差不多，但材质不同。,"{'这两样东西看上去差不多,但质量上却差不多。', 'S003913_P0002_T00'}","(338, 338)","[317, 959]",61.90476190476193,4.3478260869565215,43.09458036856675,0.0,33.94042171743392,0.0,25.673040049954672,0.0,63.339319853951494,4.739152175053653,87.39808797836304,60.958707332611084,0.8078809380531311,-0.007423818111419678
他坐的飞机出事故了，他差点儿死掉。,"{'他很可能在飞机上发生事情。', 'S003926_P0002_T00'}","(339, 339)","[847, 1076]",28.27467233044941,4.965853037914096,13.161143719376907,0.0,0.0,0.0,0.0,0.0,32.20815752459252,6.578724843565785,73.23794960975647,68.82609128952026,0.4506179094314575,0.08981285989284515
他经常在晚上回忆过去。,"{'S003933_P0002_T00', '他经常回忆过去。'}","(340, 340)","[58, 642]",68.72892787909726,10.000000000000002,63.63062286628629,0.0,57.033087963889834,0.0,47.52203774792177,0.0,80.30385241452588,10.671416402012161,93.5465395450592,67.1071469783783,0.7979952096939087,0.06651333719491959
休息日，王叔叔常常到我家聊天。,"{'S003936_P0001_T00', '休息一下,我们先取名字,原来是到我家聊天。'}","(341, 341)","[237, 1154]",38.09523809523809,12.0,33.80617018914066,0.0,28.869069039536626,0.0,25.16441111691874,0.0,42.165242165173034,13.29453120492176,77.16678977012634,72.58169651031494,0.24665328860282898,0.12858670949935913
休息日，王叔叔常常到我家聊天。,"{'S003936_P0002_T00', '休息一下,王经常到我家聊天。'}","(342, 342)","[1161, 578]",66.5044842645731,8.81500309895008,57.742062383239585,0.0,50.572850812755505,0.0,45.74563333993254,0.0,68.80209184502999,9.894791919696571,89.88617658615112,65.4444932937622,0.6532845497131348,0.20519527792930603
把处方单给我，我帮你去拿药。,"{'S003944_P0001_T00', '请出示你的处方,我帮你买药。'}","(343, 343)","[998, 962]",49.99999999999999,9.622060754546368,39.223227027636796,0.0,23.404631038831514,0.0,0.0,0.0,49.99999999995,12.424961608263171,82.01040625572205,64.04885649681091,0.6407551169395447,0.2870371341705322
现在很多医院都是用的电子处方。,"{'电子处方现在很受欢迎。', 'S003947_P0000_T00'}","(344, 344)","[335, 48]",50.55592206537299,9.931706075828188,41.918756105322906,0.0,34.40250640157989,0.0,24.38870552576843,0.0,36.76158096045955,13.157449687130812,80.71019053459167,71.15626335144043,0.6640259623527527,0.23041769862174988
现在很多医院都是用的电子处方。,"{'S003947_P0001_T00', '电子处方现在很受欢迎。'}","(345, 345)","[601, 251]",50.55592206537299,19.04761904761905,41.918756105322906,0.0,34.40250640157989,0.0,24.38870552576843,0.0,36.76158096045955,14.285714285664286,80.71019053459167,62.099987268447876,0.6640259623527527,0.1488775610923767
犯错误没关系，只要及时改正就行。,"{'S003950_P0000_T00', '犯了错误没关系,要及时改正。'}","(346, 346)","[602, 431]",74.30381997858699,5.104731378176962,62.95900468690994,0.0,55.59228787813327,0.0,48.24110199509514,0.0,79.29824561399953,6.98445595855229,89.12177085876465,65.54263830184937,0.808040976524353,0.1390487253665924
希望你以后不要再犯一样的错误。,"{'我希望能你以后再也不犯同样的错误。', 'S003961_P0000_T00'}","(347, 347)","[513, 759]",76.47058823529412,13.950878644251175,57.84106011557979,0.0,44.68348868506039,0.0,33.59973059005528,0.0,74.4208494207886,11.761965762194942,90.82900285720825,69.02826428413391,0.6689698100090027,0.10222430527210236
希望你以后不要再犯一样的错误。,"{'S003961_P0002_T00', '我希望能你以后再也不犯同样的错误。'}","(348, 348)","[598, 853]",76.47058823529412,8.766927258982124,57.84106011557979,0.0,44.68348868506039,0.0,33.59973059005528,0.0,74.4208494207886,9.935094145598669,90.82900285720825,67.74327754974365,0.6689698100090027,0.10830231010913849
这种错误的观点，大家都反对。,"{'他的错误观点遭到了大家的一致反对。', 'S003962_P0000_T00'}","(349, 349)","[443, 616]",58.82352941176469,6.060606060606061,42.87464628562721,0.0,23.055255904375134,0.0,0.0,0.0,57.00666057196059,6.648306892604736,83.23205709457397,61.038511991500854,0.8139422535896301,0.0679282397031784
你知道存折的密码，不是本人没关系，也可以拿着去取钱。,"{'S003976_P0001_T00', '存折是存折,又知道不是存折,现在人没关系去拿。'}","(350, 350)","[145, 157]",49.609906663775526,27.145122541078788,34.46076677732481,0.0,21.49171911412674,0.0,14.447213521062269,0.0,40.51373432400586,28.442728442688605,76.40182375907898,69.07602548599243,0.3435134291648865,0.227725088596344
你知道存折的密码，不是本人没关系，也可以拿着去取钱。,"{'S003976_P0002_T00', '存折不是人拿的,人出去拿可以。'}","(351, 351)","[570, 475]",35.22238874658529,13.30089685291461,19.039901728455092,0.0,0.0,0.0,0.0,0.0,34.40408572383361,13.7604183689718,75.92217326164246,69.11444664001465,0.3823593556880951,0.3927563428878784
你要做好最坏的打算。,"{'你要准备好最坏的打算。', 'S003985_P0000_T00'}","(352, 352)","[643, 136]",81.81818181818183,5.488116360940265,75.67874686642696,0.0,68.26924810955322,0.0,63.15552371794039,0.0,85.32818532812672,6.9858712715825515,95.87149620056152,66.55476093292236,0.8444450497627258,0.14760400354862213
你要做好最坏的打算。,"{'你要准备好最坏的打算。', 'S003985_P0002_T00'}","(353, 353)","[1022, 964]",81.81818181818183,14.792178219229415,75.67874686642696,0.0,68.26924810955322,0.0,63.15552371794039,0.0,85.32818532812672,10.671416402043146,95.87149620056152,65.86153507232666,0.8444450497627258,0.15465982258319855
明天是他的生日，你打算送什么礼物？,"{'明天是他生日,你打算给他什么东西?', 'S003987_P0001_T00'}","(354, 354)","[883, 762]",64.70588235294115,3.7188360024738305,53.20603680919277,0.0,38.39876638534284,0.0,25.21772737255402,0.0,64.70588235289118,7.2681704260755655,91.8685257434845,69.01905536651611,0.8113405108451843,0.06917396187782288
我爸爸当年差点考进大学。,"{'爸爸曾经考上大学,差点儿没上大学。', 'S003997_P0000_T00'}","(355, 355)","[680, 520]",47.058823529411775,0.0,34.29971702850177,0.0,19.86841724317928,0.0,0.0,0.0,45.64071675945496,0.0,83.34203958511353,61.15337610244751,0.5441461205482483,0.03807203471660614
我爸爸当年差点考进大学。,"{'S003997_P0002_T00', '爸爸刚考上大学,差点儿进了大学。'}","(356, 356)","[1106, 927]",56.24999999999999,6.250000000000001,38.72983346207417,0.0,22.04555691541846,0.0,0.0,0.0,54.94505494498655,6.984455958484636,83.8743507862091,65.68548679351807,0.7046040892601013,0.2173541784286499
他是从名牌大学毕业的。,"{'他考上了名牌大学。', 'S003998_P0000_T00'}","(357, 357)","[467, 607]",53.38249352778721,4.162840730732091,40.03687014584041,0.0,33.22365715995719,0.0,26.449672174138467,0.0,58.83495145628266,4.251471663222453,84.98006463050842,68.0337131023407,0.6903766989707947,0.11076435446739197
我看到有人被救出来，然后被送上了担架。,"{'S004009_P0001_T00', '我看见有人躺在担架上。'}","(358, 358)","[51, 403]",35.14364226835093,10.916410041039759,22.57141292991871,0.0,0.0,0.0,0.0,0.0,41.19658119658281,11.92570869987219,83.964604139328,65.33699035644531,0.5656934976577759,0.3516845107078552
生活的锻炼，使这个孩子变成熟。,"{'S004018_P0000_T00', '经过生活锻炼,他变得成熟了。'}","(359, 359)","[159, 491]",53.20358741165847,9.405352498784598,33.810289735201366,0.0,0.0,0.0,0.0,0.0,55.04167347601542,10.137149672000165,82.34466314315796,67.79155731201172,0.7833340764045715,0.1861100196838379
青春期是身体成熟的时期。,"{'青春期是你身体最成熟期。', 'S004029_P0001_T00'}","(360, 360)","[1078, 122]",83.33333333333334,9.995321962501858,67.41998624632421,0.0,44.9644313022609,0.0,31.7023313852343,0.0,83.33333333328333,11.600541497431802,85.81001162528992,65.3779685497284,0.8250508904457092,0.12327873706817627
青春期是身体成熟的时期。,"{'S004029_P0002_T00', '青春期是身体成熟期。'}","(361, 361)","[314, 1173]",81.87307530779823,13.478459104725188,77.19067566232133,0.0,71.52271917677635,0.0,68.01211491388693,0.0,89.4428152492368,12.380952380944544,94.36265826225281,66.13671779632568,0.8727424144744873,0.266895055770874
老师重复说了重点。,"{'最重要的部分是老师重复他说的。', 'S004032_P0001_T00'}","(362, 362)","[238, 957]",46.66666666666667,7.243303475117972,31.62277660168379,0.0,24.871131731971634,0.0,18.92240568795936,0.0,44.736842105196295,5.074337427283039,80.45502305030823,64.78216648101807,0.6638046503067017,0.02967606484889984
我把问题重复了好几遍，他终于明白了。,"{'我重复了一遍他的感受。', 'S004036_P0001_T00'}","(363, 363)","[345, 198]",33.67721264091228,5.770331081275291,18.879846521677514,0.0,12.797596055457111,0.0,0.0,0.0,43.4873656289249,6.9467477427572115,78.52599620819092,64.83545899391174,0.6371227502822876,0.09276346862316132
我把问题重复了好几遍，他终于明白了。,"{'我重复了一遍这个问题,你明白了吗?', 'S004036_P0002_T00'}","(364, 364)","[1038, 60]",55.46312610911027,8.131393194811983,40.425352534995056,0.0,27.38839260561651,0.0,0.0,0.0,45.63983248017933,11.731772490144502,83.62037539482117,68.32142472267151,0.7569200992584229,0.15395936369895935
他看我不敢相信的神情，又重复了一遍。,"{'我不相信你,我再重复一遍。', 'S004037_P0000_T00'}","(365, 365)","[1149, 862]",47.126242960849744,8.333333333333332,36.56012050368235,0.0,20.223767829456666,0.0,0.0,0.0,55.26217461699837,8.333333333283333,81.4252495765686,66.30601286888123,0.5568006634712219,0.2098432183265686
他看我不敢相信的神情，又重复了一遍。,"{'我不相信你,我再重复一遍。', 'S004037_P0002_T00'}","(366, 366)","[252, 895]",47.126242960849744,11.76470588235294,36.56012050368235,0.0,20.223767829456666,0.0,0.0,0.0,55.26217461699837,6.55795817079941,81.4252495765686,66.39601588249207,0.5568006634712219,0.06662310659885406
要想写出好作文，最好不要重复用词。,"{'想写好论文,禁止有丝毫的重复。', 'S004040_P0002_T00'}","(367, 367)","[821, 360]",40.841421555337554,7.6923076923076925,22.596877931322712,0.0,0.0,0.0,0.0,0.0,43.41216216212566,7.974522292936276,78.09447646141052,66.37786030769348,0.6662132143974304,0.23561519384384155
有能力的人会在重复的生活中找出乐趣。,"{'S004043_P0000_T00', '有的人在现代化建设中会找寻更有趣的生活。'}","(368, 368)","[906, 678]",59.999999999999986,12.500000000000002,30.77935056255462,0.0,17.394640854894956,0.0,0.0,0.0,41.87391555806672,12.499999999949999,82.66701698303223,68.0345892906189,0.5347367525100708,0.07365524023771286
有能力的人会在重复的生活中找出乐趣。,"{'S004043_P0001_T00', '有能力的人重复这些重复,就会找到有趣的生活。'}","(369, 369)","[125, 909]",63.63636363636361,3.4482758620689653,46.056618647183825,0.0,34.87691251251088,0.0,25.85071874780497,0.0,53.93203883488612,3.8219142740736323,84.71413850784302,63.84474039077759,0.7038214802742004,0.1433517187833786
他把自己装得聪明。,"{'他把自己打扮得很聪明。', 'S004044_P0001_T00'}","(370, 370)","[154, 535]",72.7272727272727,17.503466380858946,60.3022689155527,0.0,49.48976031599527,0.0,35.08439695638686,0.0,78.44660194168223,18.60521235517586,93.6376690864563,66.82683229446411,0.818339467048645,0.0221090167760849
他们说他好，非常聪明诚实。,"{'他称赞他聪明,怀疑他。', 'S004052_P0000_T00'}","(371, 371)","[357, 1001]",37.8978599125082,7.124226538110605,17.77567193972091,0.0,0.0,0.0,0.0,0.0,41.099773242598616,8.544087491444868,81.26290440559387,69.28291916847229,0.3295137882232666,0.08913952112197876
很多聪明人在股市上失败。,"{'很多聪明人聪明的股票都失败了。', 'S004053_P0000_T00'}","(372, 372)","[7, 374]",59.999999999999986,5.882352941176471,46.29100498862758,0.0,36.704871429161585,0.0,30.130404892785695,0.0,65.07936507929873,6.520102394148532,88.16547393798828,66.07511639595032,0.5985423922538757,0.24596618115901947
很多聪明人在股市上失败。,"{'S004053_P0001_T00', '有的人很聪明,股票就是一种股票的担架。'}","(373, 373)","[752, 776]",31.57894736842106,10.526315789473687,13.245323570650438,0.0,0.0,0.0,0.0,0.0,29.404914405428467,11.704946996397199,74.91027116775513,66.77692532539368,0.3273150324821472,0.06963043659925461
他们对你大概挺客气的吧？,"{'S004060_P0000_T00', '他们对你大致客气。'}","(374, 374)","[350, 162]",55.73021304462805,4.3478260869565215,49.95775877643024,0.0,42.47709035062337,0.0,36.782780004878816,0.0,64.10256410254541,4.862182281469824,87.41543292999268,64.68716263771057,0.7923320531845093,0.13362178206443787
他们对你大概挺客气的吧？,"{'S004060_P0002_T00', '他们一对对一对对,大致上很有礼貌。'}","(375, 375)","[433, 898]",23.529411764705884,4.761904761904762,12.126781251816647,0.0,0.0,0.0,0.0,0.0,26.08040957680175,5.225225225173898,68.24344992637634,65.39648175239563,0.5951682925224304,0.04614180326461792
我下个月大概还要来这儿。,"{'我大致想下个月再来。', 'S004062_P0001_T00'}","(376, 376)","[14, 616]",57.31115271545876,7.122285309136538,32.29117637391049,0.0,22.016060839954402,0.0,0.0,0.0,53.66568914953006,8.934638202926203,85.8588695526123,65.37039279937744,0.7746616005897522,0.10856040567159653
我下个月大概还要来这儿。,"{'S004062_P0002_T00', '我大概下个月再来。'}","(377, 377)","[151, 669]",63.6916720510035,4.7026762493923,41.36895450425725,0.0,25.971402791999274,0.0,0.0,0.0,54.945054945036254,5.068574835983471,89.14126753807068,64.75787162780762,0.810497522354126,0.1871827393770218
虽然我知道他在骗我，但是我还是原谅了他。,"{'知道他们欺骗我,可我原谅他们。', 'S004079_P0002_T00'}","(378, 378)","[162, 350]",47.76875403825263,4.649621089329101,31.271990176288575,0.0,17.53345975305306,0.0,0.0,0.0,54.945054945036254,8.430739937599386,83.90442728996277,62.750840187072754,0.7128604650497437,0.041049525141716
我当面斥责他在撒谎。,"{'S004089_P0000_T00', '他当面说谎了。'}","(379, 379)","[1133, 1000]",46.531361252218275,10.000000000000002,22.476782880631202,0.0,0.0,0.0,0.0,0.0,44.37825763215476,11.160145140658921,83.4183931350708,69.46002244949341,0.6904100179672241,0.1052791178226471
我一定要当面感谢这位好心人！,"{'我要自己当面感谢一下这个好心人。', 'S004091_P0000_T00'}","(380, 380)","[918, 175]",68.75000000000001,17.647058823529417,47.87135538781691,10.502100630210077,36.61970900848645,0.0,24.79135867329687,0.0,66.08187134496782,19.32489451470002,88.92695307731628,72.04835414886475,0.8276118040084839,0.191817969083786
我一定要当面感谢这位好心人！,"{'我自己当面感谢你,你是个好心人。', 'S004091_P0002_T00'}","(381, 381)","[960, 634]",49.99999999999999,0.0,40.82482904638629,0.0,32.931687800417464,0.0,22.894156860669913,0.0,52.86549707596199,0.0,83.7123155593872,65.96788763999939,0.7851299047470093,0.13672903180122375
有话当面讲，最好不要背后讲。,"{'你说的这些话当面最好不要在背后议论,不要在背后议论。', 'S004097_P0000_T00'}","(382, 382)","[75, 944]",38.46153846153847,4.545454545454546,30.382181012509996,0.0,22.59692281860326,0.0,14.965975078050626,0.0,42.913385826708904,5.013736263681869,78.31776738166809,69.09909844398499,0.5515342950820923,0.07472671568393707
今天出门忘记带手机，真是太倒霉了。,"{'出门时,忘记把手机打开,真倒霉。', 'S004098_P0000_T00'}","(383, 383)","[728, 992]",58.71331642584226,12.0,38.35137769330232,0.0,0.0,0.0,0.0,0.0,60.49506049501683,13.268397259566491,81.83194994926453,63.977789878845215,0.7859483361244202,0.18451979756355286
今天出门忘记带手机，真是太倒霉了。,"{'S004098_P0002_T00', '要出去玩了,忘了手机,真倒霉。'}","(384, 384)","[209, 918]",52.51039914257684,0.0,25.622451176898657,0.0,0.0,0.0,0.0,0.0,49.61389961386312,0.0,82.55189061164856,65.69910049438477,0.7721434831619263,0.06948408484458923
我最近真倒霉！,"{'我最近真倒霉。', 'S004099_P0000_T00'}","(385, 385)","[693, 628]",85.7142857142857,16.666666666666668,84.51542547285166,9.901475429766744,82.98265333662431,0.0,80.91067115702207,0.0,85.7142857142357,18.571428571359508,94.01815533638,68.29198002815247,0.9073168635368347,0.07438088953495026
真倒霉！你快要打破纪录了。,"{'S004103_P0001_T00', '倒霉及时破除了警察的纪律。'}","(386, 386)","[982, 832]",46.15384615384615,23.076923076923073,19.611613513818398,13.867504905630724,0.0,0.0,0.0,0.0,38.46153846148846,23.923566878923538,71.82965874671936,77.62134671211243,0.39137136936187744,0.23860332369804382
除了用手语和聋人交流，还能用身体语言来交流。,"{'S004133_P0001_T00', '我除了用手语和聋人交流,还可以用身体交流。'}","(387, 387)","[422, 186]",77.18784872461478,4.545454545454546,69.1657040453531,0.0,62.15114078003637,0.0,54.62268442759874,0.0,78.9843789240595,4.967547072742625,88.66147994995117,65.4499888420105,0.7223796844482422,0.18241801857948303
除了用手语和聋人交流，还能用身体语言来交流。,"{'S004133_P0002_T00', '手语可以和聋人交流,还可以和身体交流。'}","(388, 388)","[210, 828]",58.42745080582083,10.510841176326924,47.090229137196786,0.0,35.45139164833179,0.0,26.260879452593482,0.0,62.746330039378726,15.873015873023277,83.33777785301208,68.2420015335083,0.6351389288902283,0.1584407389163971
不吃饭肚子自然会饿。,"{'不吃饭自然会饿。', 'S004139_P0001_T00'}","(389, 389)","[1120, 392]",77.88007830714052,4.761904761904762,72.10294186861093,0.0,64.626955399906,0.0,53.849523560640876,0.0,86.77248677246125,5.218237628141913,95.42321562767029,63.475799560546875,0.8771816492080688,0.17483390867710114
不吃饭肚子自然会饿。,"{'不吃自然会吃。', 'S004139_P0002_T00'}","(390, 390)","[615, 616]",55.837633502661895,11.15650800742149,42.64669702552507,5.259228310939836,28.72267363945489,0.0,0.0,0.0,66.56738644823815,17.443609022566793,86.94214224815369,70.78707814216614,0.5522478818893433,0.23779532313346863
以你的条件可以申请经济适用房。,"{'S004149_P0000_T00', '按照你的条件,可以申请贷款。'}","(391, 391)","[664, 1043]",59.85403583811575,4.166666666666667,50.71543460280201,0.0,43.05722183961181,0.0,34.09483338605692,0.0,61.9218826605227,4.599142197239795,85.15334725379944,65.75316190719604,0.572521448135376,0.03955802321434021
妹妹不仅很贪吃，还抱怨自己胖了。,"{'S004159_P0001_T00', '妹妹和妹妹总是贪吃,抱怨自己胖了。'}","(392, 392)","[229, 70]",64.70588235294115,15.76599114844609,56.87964589945211,0.0,47.59896445368891,0.0,41.896825433302276,0.0,66.54456654451086,16.192577417022843,87.31891512870789,70.29173970222473,0.7008934617042542,0.3465965986251831
朋友抱怨她的妈妈很唠叨。,"{'S004161_P0000_T00', '朋友在抱怨,妈妈千叮万嘱。'}","(393, 393)","[1062, 518]",53.846153846153854,21.16204312226535,36.68996928526713,12.761192151613686,0.0,0.0,0.0,0.0,55.82165605089806,22.80858676204191,79.2287290096283,69.01383399963379,0.42755186557769775,0.189751535654068
朋友抱怨她的妈妈很唠叨。,"{'朋友在抱怨,他却千篇一律地陈词滥调。', 'S004161_P0002_T00'}","(394, 394)","[1029, 1090]",27.777777777777775,7.05401437408845,18.077538151554684,0.0,0.0,0.0,0.0,0.0,30.9523809523119,7.60286225399182,75.09288787841797,67.2893226146698,0.330302357673645,0.1869446337223053
我由一滴水联想到了整片大海的广大。,"{'S004172_P0000_T00', '我由一滴水联想到了大海。'}","(395, 395)","[58, 394]",65.9240630200444,4.999999999999999,59.630558643608445,0.0,54.74694891266058,0.0,51.82127775756747,0.0,78.24122873060007,5.592105263091024,91.96617007255554,65.41644930839539,0.7126909494400024,0.020442843437194824
我对未来的事业发展联想了很多。,"{'我对未来发展的事情联想到了很多。', 'S004175_P0000_T00'}","(396, 396)","[805, 1001]",87.50000000000003,15.15914396500328,72.45688373094717,0.0,53.13292845913055,0.0,38.97574951973982,0.0,77.25873377052352,16.439909297020385,93.34127902984619,69.69963312149048,0.8354601263999939,0.1020364761352539
我对未来的事业发展联想了很多。,"{'我对未来发展的事情联想到了很多。', 'S004175_P0002_T00'}","(397, 397)","[568, 94]",87.50000000000003,9.523809523809524,72.45688373094717,0.0,53.13292845913055,0.0,38.97574951973982,0.0,77.25873377052352,10.137149671970636,93.34127902984619,66.73815250396729,0.8354601263999939,0.13361363112926483
有个电脑的牌子叫联想。,"{'有的时候,为了节约元钱,联想到电脑。', 'S004176_P0001_T00'}","(398, 398)","[972, 714]",38.888888888888886,3.0119421191220206,21.389631597324925,0.0,0.0,0.0,0.0,0.0,31.062404020594336,5.01373626374563,73.8599181175232,64.83717560768127,0.26467424631118774,0.1233033761382103
可爱的娃娃让人喜欢。,"{'S004178_P0001_T00', '可爱的娃娃使人喜欢。'}","(399, 399)","[597, 358]",90.0,9.090909090909093,83.66600265340755,0.0,75.91472429689156,0.0,65.80370064762461,0.0,89.99999999994999,9.653281544462772,96.84633016586304,63.887059688568115,0.8932589292526245,0.1560048907995224
过得好，活得好，是一种福气，就应该珍惜。,"{'S004191_P0000_T00', '活着好活动是福气,要懂得珍惜。'}","(400, 400)","[136, 129]",42.991878634427344,17.647058823529417,25.692561656449826,0.0,15.38044419905055,0.0,0.0,0.0,43.95604395602526,12.099012098956397,77.28005051612854,69.61920857429504,0.7386793494224548,0.2883746325969696
过得好，活得好，是一种福气，就应该珍惜。,"{'S004191_P0002_T00', '活着好活动是福气,要懂得珍惜。'}","(401, 401)","[886, 362]",42.991878634427344,0.0,25.692561656449826,0.0,15.38044419905055,0.0,0.0,0.0,43.95604395602526,0.0,77.28005051612854,66.06402397155762,0.7386793494224548,0.081871896982193
长的漂亮是运气，长的不漂亮是福气。,"{'长得好看是好看的,长得不好看是幸福。', 'S004194_P0001_T00'}","(402, 402)","[995, 827]",44.44444444444444,5.555555555555555,0.0,0.0,0.0,0.0,0.0,0.0,39.934853420140044,6.063432835753497,79.70564365386963,63.69364857673645,0.7261958122253418,0.16065296530723572
没有福气的人好吃，没有理想的人好睡。,"{'S004197_P0000_T00', '没有福气的人好吃,没有理想的人睡觉。'}","(403, 403)","[960, 606]",88.8888888888889,6.9934522793850435,79.21180343813391,5.1317909865723745,73.19587495200226,0.0,67.62614585942505,0.0,88.88888888883888,9.3191694833426,96.32599949836731,66.76989197731018,0.8200035691261292,0.05049029737710953
开车要看好前方行驶，小心驾驶。,"{'开车前注意安全,注意行车。', 'S004204_P0003_T00'}","(404, 404)","[328, 363]",32.977073813863136,13.636363636363638,15.349992489262387,0.0,0.0,0.0,0.0,0.0,35.35534816938405,14.708737864012333,77.24177837371826,64.9717390537262,0.6551109552383423,0.2911703884601593
你们喜欢看弹幕吗？,"{'你们喜欢看弹幕吗?', 'S004216_P0000_T00'}","(405, 405)","[440, 941]",88.8888888888889,15.544295965882506,88.1917103688197,0.0,87.3580464736299,0.0,86.33400213704509,0.0,88.88888888883888,16.896394340452566,98.71915578842163,68.54896545410156,0.97551029920578,0.14416903257369995
今天我生病了，领导亲切的关心我，问我好不好。,"{'S004228_P0000_T00', '今天我生病了,领导亲切关心我,问话我不好。'}","(406, 406)","[227, 666]",81.72831041429798,0.0,68.37881035981174,0.0,57.25757175065425,0.0,44.65821843617313,0.0,83.63051886077152,0.0,91.43818020820618,66.89016222953796,0.6841380000114441,0.057883232831954956
今天我生病了，领导亲切的关心我，问我好不好。,"{'S004228_P0007_T00', '今天我生病了,领导亲切地关心我,问我怎么了。'}","(407, 407)","[292, 901]",72.7272727272727,10.987917859885446,61.72133998483676,0.0,51.08729549290353,0.0,40.9318413117072,0.0,72.72727272722275,15.917673716018058,90.09580612182617,73.14159274101257,0.8239303231239319,0.34306788444519043
班主任王老师仔细的教导，很亲切，让我一直记得。,"{'S004234_P0000_T00', '班级员工,王老师认真钻研教材,亲切地教导我,让我受益匪浅。'}","(408, 408)","[596, 653]",37.93103448275862,11.111111111111109,26.02575458037351,0.0,13.587752637855651,0.0,0.0,0.0,37.4767480029971,12.280483248156159,78.45102548599243,66.16420149803162,0.5515304207801819,0.17584343254566193
今天晚上主人热情大方，让大家有一种回到家的亲切感。,"{'S004235_P0003_T00', '这是我第一次上台演讲。'}","(409, 409)","[267, 481]",7.638184386044967,11.111111111111109,0.0,0.0,0.0,0.0,0.0,0.0,8.799245104987365,12.126865671574393,62.74796724319458,67.68462657928467,0.14342746138572693,0.21746909618377686
上课时，老师总是用温和的目光看着大家，使我们感到亲切。,"{'S004236_P0003_T00', '上课时,老师总是那么温暖,一视同仁,让我们倍感亲切。'}","(410, 410)","[436, 834]",51.814469234944625,0.0,39.94373751010276,0.0,29.46778582043245,0.0,18.088508612099417,0.0,52.79261386506031,0.0,83.08524489402771,60.411471128463745,0.7892667055130005,0.10333313047885895
上课时，老师总是用温和的目光看着大家，使我们感到亲切。,"{'男同学们上课时,老师的温柔和温暖,目光里写满了相同的亲切感。', 'S004236_P0007_T00'}","(411, 411)","[152, 1082]",49.99999999999999,9.048374180359597,29.361010975735166,0.0,14.547710828895674,0.0,0.0,0.0,41.87391555806672,9.480909480869641,76.88269019126892,67.71550178527832,0.6343838572502136,0.07375040650367737
他的言语里饱含着恳求、温柔、亲切。,"{'他的话里全是温暖、亲切、亲切。', 'S004237_P0003_T00'}","(412, 412)","[706, 7]",52.51039914257684,18.75,36.235617955612554,0.0,26.05057731089474,0.0,18.949214849329618,0.0,49.61389961386312,12.499999999949999,87.81788945198059,72.58520126342773,0.8621982336044312,0.36625605821609497
他的言语里饱含着恳求、温柔、亲切。,"{'你说的这些话在心里暖洋洋的,真亲切。', 'S004237_P0007_T00'}","(413, 413)","[275, 413]",27.777777777777775,5.555555555555555,18.077538151554684,0.0,12.6877962834825,0.0,0.0,0.0,28.524895300084204,5.704979059972523,71.89211249351501,68.07960867881775,0.7231236100196838,0.1938212811946869
微笑是一种无声亲切的语言，是朋友对你的态度。,"{'S004238_P0003_T00', '笑是朋友对你的形象。'}","(414, 414)","[165, 1005]",24.095536952976154,14.91398861357283,21.996115207240553,0.0,19.386654287059294,0.0,17.51235726026737,0.0,40.10989010989948,10.4684788894928,84.93934869766235,66.75907373428345,0.4722791314125061,0.2862810492515564
我觉得这表演节目并不适合我。,"{'我感觉你跳舞的题目不适合我。', 'S004242_P0003_T00'}","(415, 415)","[392, 373]",57.14285714285717,5.882352941176471,41.93139346887674,0.0,35.29172336459797,0.0,29.89950354998137,0.0,57.14285714280714,6.520102394148532,85.77249646186829,68.00840497016907,0.49990344047546387,0.14036019146442413
我觉得这表演节目并不适合我。,"{'S004242_P0007_T00', '我感觉这次跳舞的题目不适合我。'}","(416, 416)","[499, 558]",59.999999999999986,0.0,41.40393356054123,0.0,34.07378427295782,0.0,28.495577603220287,0.0,61.92188266050902,0.0,88.47216963768005,62.234604358673096,0.5854656100273132,0.12134604901075363
人的成功从何而来？知识或天赋，或努力得来。,"{'S004263_P0000_T00', '成功的人往往不是天赋或者天赋,而是勤奋努力的结果。'}","(417, 417)","[978, 491]",43.99999999999999,6.65742167396159,23.452078799117153,0.0,0.0,0.0,0.0,0.0,34.2682632804954,10.544781210416906,73.14319014549255,71.24946117401123,0.7489240169525146,0.13942989706993103
人的成功从何而来？知识或天赋，或努力得来。,"{'成功的人往往得不到什么知识和天赋,只有付出相应的努力。', 'S004263_P0003_T00'}","(418, 418)","[298, 333]",44.44444444444444,9.090909090909093,26.14881801842454,0.0,0.0,0.0,0.0,0.0,36.380597014857976,9.480909480850892,72.6963460445404,67.98926591873169,0.6760455965995789,0.2858361601829529
不论你生来聪明与否，不要满足，不要忽视自己的天赋。随着天赋发展，你便会成功。,"{'S004264_P0003_T00', '不管你生来乍到,天赋不满意,无论天赋多大,只要善于追求天赋,便会得到丰硕的成果。'}","(419, 419)","[406, 1124]",42.50000000000001,9.523809523809524,23.342489046196324,0.0,11.276394045686402,0.0,0.0,0.0,35.85032640145262,10.611782477279894,76.64390206336975,63.88649344444275,0.5229252576828003,0.10569573193788528
事实在眼前，不容你否认。,"{'S004273_P0003_T00', '事情已经读完,不许你否认。'}","(420, 420)","[186, 344]",46.15384615384615,11.111111111111109,33.968311024337865,0.0,27.580051476068,0.0,21.401603033752977,0.0,47.84713375790443,11.925708699837852,80.94491362571716,67.25810170173645,0.6635066866874695,0.15070754289627075
事实在眼前，不容你否认。,"{'S004273_P0007_T00', '事实已经证明,不许你否认。'}","(421, 421)","[550, 197]",53.846153846153854,9.090909090909093,42.365927286816174,0.0,31.956331266050764,0.0,23.90108882452814,0.0,55.82165605089806,9.935094145552855,84.61681008338928,64.03273344039917,0.7921183705329895,0.07435163855552673
事实都有证明，根据也有了，他还在坚决否认。,"{'事情证物俱备,他很快就否定了自己做错了事情。', 'S004274_P0007_T00'}","(422, 422)","[1082, 371]",27.272727272727277,7.142857142857142,0.0,0.0,0.0,0.0,0.0,0.0,23.23069968350575,7.387168589297522,70.8228349685669,66.95824265480042,0.6709749698638916,0.08974596112966537
今日的中国，国民富强，连敌人也不能否认这一点。,"{'S004277_P0003_T00', '现在中国人民富裕了,这是敌人难以否认的。'}","(423, 423)","[716, 763]",47.3389387033782,14.108028748176901,29.288043954557544,0.0,0.0,0.0,0.0,0.0,41.458818862463296,15.205724508016866,81.83919787406921,71.03405594825745,0.7689355611801147,0.20718690752983093
游乐园中的惊吓屋里到处充满了吓人的鬼怪。,"{'兴奋忡忡忡的城区里,兴奋忡忡的群众蜂拥而上。', 'S004284_P0003_T00'}","(424, 424)","[1026, 1157]",18.18181818181818,6.065306597126336,0.0,0.0,0.0,0.0,0.0,0.0,18.961818961760375,7.428571428563592,68.48845481872559,65.46992063522339,0.2751823663711548,0.05644670128822327
游乐园中的惊吓屋里到处充满了吓人的鬼怪。,"{'玩耍环境受到惊吓,家人之间的联系变得更紧密。', 'S004284_P0007_T00'}","(425, 425)","[978, 22]",27.272727272727277,4.4932896411722165,11.396057645963799,0.0,0.0,0.0,0.0,0.0,23.702273702215113,6.206088992977879,68.9017653465271,66.19002223014832,0.3300091624259949,0.167247012257576
女人听懂了就不冷场了。,"{'S004305_P0000_T00', '女人听了他的话,才会觉得舒服,不冷场。'}","(426, 426)","[176, 898]",42.10526315789474,14.285714285714283,30.5887645160749,0.0,22.24513174589181,0.0,0.0,0.0,47.0818070817414,15.951626835520266,81.71131610870361,68.14525723457336,0.6191742420196533,0.09375812113285065
女人听懂了就不冷场了。,"{'女人是听话的,想听话,不要冷场。', 'S004305_P0008_T00'}","(427, 427)","[305, 236]",43.74999999999999,12.399150399935216,24.152294576982403,0.0,0.0,0.0,0.0,0.0,48.62723419930426,14.367681498811816,82.28272795677185,70.8371102809906,0.5344513058662415,0.0885334238409996
我很难相处，所以别惹我生气。,"{'很难相处,所以你不要吸引我,我生气了。', 'S004311_P0000_T00'}","(428, 428)","[572, 247]",57.89473684210525,9.931706075828188,43.92976851069795,0.0,32.4138079241968,0.0,21.47917245987805,0.0,58.00270748717481,13.157449687130812,86.33081912994385,70.50601243972778,0.6824928522109985,0.1753559112548828
朋友之间的来往很方便。,"{'S004314_P0003_T00', '我和朋友相处很方便。'}","(429, 429)","[718, 283]",54.29024508215756,8.695652173913045,46.72560334771452,0.0,36.68935966431862,0.0,28.26657746622342,0.0,56.88545688541703,9.053574761935407,82.29604959487915,63.69166374206543,0.7770968675613403,0.1296076476573944
朋友之间的来往很方便。,"{'S004314_P0008_T00', '和朋友相处很方便。'}","(430, 430)","[365, 435]",53.38249352778721,23.076923076923073,46.230595512422084,0.0,36.56736629479857,0.0,28.422022424918996,0.0,58.83495145628266,25.242414763773358,86.20424270629883,66.12372994422913,0.8000282645225525,0.30224454402923584
同学之间应该团结友爱，和睦相处。,"{'S004320_P0008_T00', '同学们和睦相处,友好往来。'}","(431, 431)","[481, 396]",48.85677894264317,17.647058823529417,35.95761569337219,0.0,26.525633207655932,0.0,19.61976806670115,0.0,47.274749721886,12.403474903414075,85.41838526725769,69.31451559066772,0.7613317966461182,0.3106752038002014
学校不是一个摸鱼的地方，学校是出人才的地方。,"{'S004324_P0000_T00', '学校不是学校,所以浑水摸鱼,所以发生事故。'}","(432, 432)","[963, 944]",40.86415520714899,4.3478260869565215,31.210514074530685,0.0,21.382862818309953,0.0,15.085547916090878,0.0,32.522979556939106,4.7770942507263845,75.23510456085205,69.96397972106934,0.33191585540771484,0.2702323794364929
学校不是一个摸鱼的地方，学校是出人才的地方。,"{'学校不是学校的浑水摸鱼方式,是发生意外的。', 'S004324_P0008_T00'}","(433, 433)","[988, 1147]",59.02600196588192,15.544295965882506,37.510369609770315,0.0,24.171269691284955,0.0,16.538126112619903,0.0,46.461399367075224,11.264262893624634,79.85082268714905,70.96311450004578,0.346889853477478,0.050203509628772736
你偶像是谁啊？,"{'S004338_P0008_T00', '你偶像是谁?'}","(434, 434)","[758, 867]",70.5401437408845,4.999999999999999,69.11494341909903,0.0,67.18529902816083,0.0,64.31870218238025,0.0,76.02862254021723,5.423280423214075,92.94533133506775,65.4936671257019,0.8631788492202759,0.014159813523292542
你猜猜我的偶像是谁。,"{'我偶像是谁让你欺负的?', 'S004343_P0000_T00'}","(435, 435)","[99, 413]",63.63636363636361,9.931706075828188,43.69314487526513,0.0,34.87691251251088,0.0,26.985534666825092,0.0,47.40454740448881,13.157449687130812,74.03080463409424,69.22129392623901,0.42416316270828247,0.23804982006549835
你猜猜我的偶像是谁。,"{'S004343_P0003_T00', '我的偶像是你偶像吗?是谁让你参加的?'}","(436, 436)","[1164, 673]",38.888888888888886,8.333333333333332,33.819977079726165,0.0,27.783223333255012,0.0,23.124463019346486,0.0,37.23653395778134,9.02906617187877,72.70963191986084,70.23934721946716,0.3833685517311096,0.08413193374872208
为此我很崇拜他。,"{'为了这点,我非常崇拜他。', 'S004350_P0008_T00'}","(437, 437)","[586, 720]",49.99999999999999,3.6626392866284823,36.92744729379982,0.0,30.100671895439564,0.0,23.462350320527996,0.0,55.71428571421665,5.30589123867667,89.60161805152893,68.59392523765564,0.8147805333137512,0.33047565817832947
我能吃不代表我是吃货，只能说说明我好养。,"{'我能吃不代表我,我是吃货,可以说我养育成我。', 'S004366_P0003_T00'}","(438, 438)","[691, 348]",63.63636363636361,13.043478260869563,52.223296786709334,7.699905035090181,45.70168416186974,0.0,39.81101537239463,0.0,66.36636636630777,14.554111439900321,86.87783479690552,67.18897223472595,0.4769446849822998,0.3002634644508362
嫌弃干什么，他有这本领。,"{'S004372_P0000_T00', '嫌弃什么干啥,他有本事。'}","(439, 439)","[1018, 38]",74.99999999999997,0.0,45.22670168666453,0.0,0.0,0.0,0.0,0.0,66.66666666661666,0.0,87.97829747200012,65.06782174110413,0.7364057898521423,0.15538029372692108
嫌弃干什么，他有这本领。,"{'我嫌弃她这么干燥,原来她有本事。', 'S004372_P0003_T00'}","(440, 440)","[357, 255]",49.99999999999999,10.209462756353926,18.25741858350554,0.0,0.0,0.0,0.0,0.0,41.20879120872282,13.968911917101511,79.99962568283081,67.97958612442017,0.4641927480697632,0.12000170350074768
太嫌弃你了，我们分手吧。,"{'嫌弃你,那我们请你分手吧。', 'S004386_P0003_T00'}","(441, 441)","[167, 570]",69.23076923076921,11.111111111111109,58.834840541455215,0.0,45.53366174737272,0.0,31.170906522700683,0.0,71.77070063688531,12.380952380883322,88.78604173660278,67.72199869155884,0.7071326375007629,0.3024483919143677
心若能容下不满与委屈，哪还有痛苦和伤害。,"{'心如果不够深,和委屈一样,除了疼痛和伤害,还有什么呢?', 'S004389_P0003_T00'}","(442, 442)","[125, 306]",37.037037037037045,10.344827586206899,23.870495801314437,0.0,13.160153558323813,0.0,0.0,0.0,32.6265216919445,7.712784110233521,78.12473773956299,63.044607639312744,0.722121000289917,0.11646494269371033
心若能容下不满与委屈，哪还有痛苦和伤害。,"{'S004389_P0008_T00', '心胸狭窄,还不能插足,除了委屈和委屈,还有什么好吃的餐巾纸和欺负。'}","(443, 443)","[316, 925]",27.272727272727277,9.30627225044365,13.055824196677337,0.0,0.0,0.0,0.0,0.0,27.111546077270845,11.094564408029663,73.79368543624878,64.71083164215088,0.33521968126296997,0.07983443140983582
忘仇的人必定忘恩，记恩的人必定记仇。,"{'忘记坏人,肯定会忘记好,辜恩谢义,肯定会记仇。', 'S004399_P0008_T00'}","(444, 444)","[662, 584]",43.478260869565226,11.111111111111109,19.881069312188604,8.084520834544433,12.346771042443914,0.0,0.0,0.0,47.39152175114122,12.280483248156159,75.38061141967773,64.48833346366882,0.6641702651977539,0.2703043222427368
每种职业都应该得到尊重。,"{'S004413_P0000_T00', '任何职业都应该被尊重。'}","(445, 445)","[476, 673]",66.40732482052816,15.384615384615385,60.31744815226177,0.0,52.85353361957743,0.0,42.84697776667896,0.0,69.30369401761207,17.08817498284258,92.82621145248413,68.06510090827942,0.8443669080734253,0.5051737427711487
他对遇到的所有人都很尊重。,"{'他对遇到的人很尊重。', 'S004414_P0000_T00'}","(446, 446)","[437, 345]",74.08182206817182,6.49000652559504,65.33402595430641,0.0,58.249227670315754,0.0,50.04968472345046,0.0,84.1413825461157,7.231040564348366,94.95707750320435,65.92544913291931,0.8501166701316833,0.06885356456041336
他对遇到的所有人都很尊重。,"{'他对遇到的人都很尊重。', 'S004414_P0008_T00'}","(447, 447)","[300, 194]",83.37529180751808,14.285714285714283,79.09674680788022,0.0,74.02925524235233,0.0,67.80814773941113,0.0,90.41950113375509,10.544781210351543,96.67205214500427,68.77219676971436,0.8314660787582397,0.3261895179748535
要尊重客观规律。,"{'要尊重顾客,看纪律。', 'S004419_P0003_T00'}","(448, 448)","[449, 697]",59.999999999999986,9.048374180359597,44.72135954999579,0.0,29.24017738212866,0.0,0.0,0.0,65.07936507929873,9.480909480869641,86.01846098899841,70.37968635559082,0.6234182715415955,0.12800058722496033
要尊重客观规律。,"{'要尊重客户,找纪律。', 'S004419_P0008_T00'}","(449, 449)","[478, 246]",59.999999999999986,9.523809523809524,51.639777949432215,0.0,40.54801330382265,0.0,31.239399369202552,0.0,65.07936507929873,10.612244897890122,86.79308891296387,61.466145515441895,0.5565242171287537,0.10556647181510925
他第一次作弊，很紧张，结果被老师发现了。,"{'S004442_P0008_T00', '他因为作弊而紧张,结果被老师批准了。'}","(450, 450)","[728, 768]",59.655954454291326,12.0,46.883927679681356,0.0,33.286242139406156,0.0,25.755472674357428,0.0,62.81087333715041,13.350861817050284,86.86600923538208,66.57851934432983,0.6657055020332336,0.15760940313339233
这件作品里付出了他的心血。,"{'S004449_P0003_T00', '他的作品里捐献了血。'}","(451, 451)","[587, 401]",59.26545765453741,9.986626105436184,44.1738640110603,0.0,26.24122768046807,0.0,0.0,0.0,50.48482952766089,10.24295040038605,82.56146311759949,66.08691215515137,0.6244012713432312,0.240925133228302
你的作品缺乏创意，不能打动人。,"{'S004450_P0000_T00', '你的作品缺少新鲜,还不够感动人。'}","(452, 452)","[301, 199]",56.24999999999999,8.556951983876534,47.434164902525694,0.0,40.059435451459876,0.0,31.53554052490134,0.0,57.944050327878635,11.184210526315402,88.44835758209229,67.14518666267395,0.758456289768219,0.11122334003448486
你的作品缺乏创意，不能打动人。,"{'你的作品缺少创新力,还不够精彩。', 'S004450_P0008_T00'}","(453, 453)","[620, 556]",49.99999999999999,7.667036788577693,36.51483716701108,0.0,30.571070873287994,0.0,25.748661016289674,0.0,51.50582251366368,7.974522292952097,86.14437580108643,68.29508543014526,0.750887930393219,0.27396532893180847
他的作品很多，但精品很少。,"{'S004452_P0003_T00', '他的作品很多,但好的作品很少。'}","(454, 454)","[446, 501]",73.33333333333334,18.096748360719186,64.73388749701499,0.0,57.83051925753783,0.0,50.389204852596336,0.0,77.7817659726587,18.96181896177912,93.59633326530457,69.67649459838867,0.8540221452713013,0.3036285936832428
他参加了图书馆的暑期活动。,"{'S004459_P0003_T00', '他参加图书馆的热活动。'}","(455, 455)","[153, 824]",75.79571982501638,10.74392988225713,66.51047421812703,6.631297490360394,54.72826065502089,0.0,36.15310307403971,0.0,82.19954648522899,18.34804539723539,92.29918122291565,68.04834008216858,0.7045891880989075,0.05153973400592804
他参加了图书馆的暑期活动。,"{'他参加图书馆的暑期活动。', 'S004459_P0008_T00'}","(456, 456)","[1109, 729]",92.00444146293236,0.0,87.72279297934199,0.0,82.73854775325815,0.0,76.7733168433653,0.0,95.69426751588205,0.0,98.36261868476868,66.76422953605652,0.8845725655555725,0.07107404619455338
这几家公司联合成了一个大型组织。,"{'这些公司组成了一个新的组织。', 'S004465_P0003_T00'}","(457, 457)","[220, 791]",61.91984998215586,5.190053731909963,49.77346350696288,0.0,37.72517139080511,0.0,25.504377483159427,0.0,66.08187134499369,8.49564857025364,89.97173309326172,65.90856313705444,0.6490138173103333,0.12280283868312836
这几家公司联合成了一个大型组织。,"{'S004465_P0008_T00', '这些公司组成了一个新的组织。'}","(458, 458)","[1052, 844]",61.91984998215586,4.011210615999856,49.77346350696288,0.0,37.72517139080511,0.0,25.504377483159427,0.0,66.08187134499369,5.583538741832398,89.97173309326172,60.91969609260559,0.6490138173103333,0.07215525209903717
一个人的知识由多方面组成。,"{'一个人知识由很多方面组成。', 'S004478_P0008_T00'}","(459, 459)","[11, 921]",92.30769230769226,13.043478260869563,83.20502943378438,0.0,72.28018255774361,0.0,58.01559414528514,0.0,92.30769230764233,14.480723113747393,94.4265365600586,64.43206071853638,0.8357145190238953,0.12765538692474365
因为他的坚持，父母最终放弃了阻拦。,"{'因为她坚持不懈,父母终于放弃了她的阻拦。', 'S004490_P0000_T00'}","(460, 460)","[595, 151]",70.00000000000003,15.544295965882506,50.78333750770082,0.0,30.600838244453595,0.0,0.0,0.0,69.36420661342702,16.896394340452566,90.17592668533325,65.80876111984253,0.7421931028366089,0.22334477305412292
因为他的坚持，父母最终放弃了阻拦。,"{'S004490_P0003_T00', '因为她坚持不懈,父母始终阻拦她。'}","(461, 461)","[32, 510]",58.71331642584226,0.0,38.35137769330232,0.0,0.0,0.0,0.0,0.0,60.49506049501683,0.0,84.45326089859009,66.2796676158905,0.6017546057701111,0.05856935679912567
人有各种想法，你不要阻拦他去创业。,"{'人有各种各样的想法,你不要阻拦他创业。', 'S004491_P0000_T00'}","(462, 462)","[271, 397]",78.94736842105264,7.142857142857142,69.45906278887426,0.0,58.34930026328669,0.0,47.20758038942709,0.0,82.82364933735099,7.9677814189764495,95.24794816970825,64.65543508529663,0.871886670589447,0.2738035321235657
他对自己前面的发言进行了总结。,"{'他对自己的前言做了一次总结。', 'S004504_P0000_T00'}","(463, 463)","[836, 16]",73.1549326910304,4.999999999999999,51.18286784446059,0.0,39.360088745907944,0.0,26.803321880993153,0.0,68.80209184502999,5.555555555496296,90.84447026252747,65.09358882904053,0.8879714608192444,0.29931336641311646
他对自己前面的发言进行了总结。,"{'他对自己之前说的话进行了一次总结。', 'S004504_P0008_T00'}","(464, 464)","[304, 1099]",70.58823529411764,9.090909090909093,55.57189302262111,0.0,43.50705679789111,0.0,27.694132751313415,0.0,74.4208494207886,10.148674854493898,89.44312930107117,69.50214505195618,0.8513286709785461,0.324928879737854
我去日本旅游时租了一辆车。,"{'S004513_P0000_T00', '在日本旅游是骑自行车去的。'}","(465, 465)","[356, 771]",53.846153846153854,6.250000000000001,36.68996928526713,0.0,29.034253807453197,0.0,22.242469397936766,0.0,46.15384615379616,6.985871271517577,75.8645236492157,61.63439750671387,0.6934091448783875,0.038611382246017456
出国旅游时租一台随身无线会比较方便。,"{'S004514_P0003_T00', '到国外旅游,要借口自由而仔细,方便。'}","(466, 466)","[248, 498]",33.333333333333336,0.0,24.253562503633297,0.0,15.433947974965204,0.0,0.0,0.0,33.333333333283335,0.0,71.98036313056946,66.6952908039093,0.23897016048431396,0.13736070692539215
出国旅游时租一台随身无线会比较方便。,"{'到国外旅游时,要出租、租、转让一些无线电设施。', 'S004514_P0008_T00'}","(467, 467)","[69, 760]",43.478260869565226,3.8461538461538467,24.349237677883703,0.0,14.133524661830595,0.0,0.0,0.0,42.65236957602037,4.247824285067066,74.36624765396118,65.56558012962341,0.6059682369232178,0.07660231739282608
这的租金高，所以租不出去。,"{'这家房子的租金太高了,所以你不能租。', 'S004517_P0003_T00'}","(468, 468)","[1089, 60]",55.55555555555555,8.785910567087734,31.31121455425747,0.0,18.29896873800057,0.0,0.0,0.0,55.26217461694431,11.770451770453395,82.11811780929565,68.0515468120575,0.7313960194587708,0.12761190533638
他英语水平很高，看电影都不需要看字幕的。,"{'他英语水平很高,请假去看电影请假看字幕。', 'S004522_P0000_T00'}","(469, 469)","[274, 956]",70.00000000000003,0.0,60.697697866688436,0.0,52.326697346160024,0.0,42.849450901003145,0.0,69.99999999994999,0.0,86.45761609077454,72.67400622367859,0.4887464642524719,0.13486813008785248
他英语水平很高，看电影都不需要看字幕的。,"{'他严肃地等候水平高的电影,不看字幕。', 'S004522_P0008_T00'}","(470, 470)","[894, 624]",59.655954454291326,0.0,35.44091803610697,0.0,19.151891248229205,0.0,0.0,0.0,57.57663389238464,0.0,78.85318994522095,63.42253088951111,0.49150460958480835,0.1120700016617775
网上有很多翻译国外视频的字幕组。,"{'网络上有许多出国翻译视频的字幕组。', 'S004525_P0000_T00'}","(471, 471)","[313, 661]",82.35294117647057,8.333333333333332,64.1688947919748,0.0,51.58331967416262,0.0,44.50050658086209,0.0,78.64357864352291,9.06058115353764,93.46055388450623,69.87980008125305,0.8148643374443054,0.09838331490755081
他的自拍照和他本人不像。,"{'S004549_P0000_T00', '他自拍的照片和买人的照片真像。'}","(472, 472)","[1143, 1116]",59.999999999999986,6.666666666666667,29.27700218845598,0.0,0.0,0.0,0.0,0.0,57.84832451492483,6.8802091844508455,79.08055782318115,64.23338651657104,0.4157484769821167,0.17467205226421356
他的自拍照和他本人不像。,"{'S004549_P0008_T00', '他自拍的照片和本人没什么差别。'}","(473, 473)","[985, 929]",59.999999999999986,6.703200460356395,29.27700218845598,0.0,0.0,0.0,0.0,0.0,57.84832451492483,7.905982905969005,85.84253191947937,66.32820963859558,0.7675468325614929,0.3128872811794281
他用一张自拍来做微信头像。,"{'S004560_P0008_T00', '他用自己的自拍照来做微信住宿。'}","(474, 474)","[132, 190]",59.999999999999986,7.862569432856666,46.29100498862758,0.0,32.06465864117306,0.0,22.894156860669913,0.0,63.63962670489127,14.898479388249752,85.80531477928162,70.34138441085815,0.4088932275772095,0.127665176987648
老师为有你们这样的学生而自豪。,"{'老师为有情况的学生而自豪。', 'S004571_P0000_T00'}","(475, 475)","[375, 253]",72.54956239049889,19.72290429230588,68.30315464547853,0.0,63.375896336576844,0.0,57.475393483140245,0.0,77.78176597268627,16.00712460308086,83.51889848709106,67.14521050453186,0.7198421359062195,0.27273356914520264
老师为有你们这样的学生而自豪。,"{'S004571_P0008_T00', '老师为有这样的学生而自豪。'}","(476, 476)","[305, 176]",85.74039191604417,17.647058823529417,82.0901754500731,0.0,77.90031589407107,0.0,72.9836014355472,0.0,91.92390524045368,19.002220190610185,92.6855206489563,68.48622560501099,0.8676953911781311,0.1129973977804184
看着祖国的发展，我产生了民族自豪感。,"{'S004573_P0000_T00', '看到祖国的蓬勃发展,我感到非常自豪。'}","(477, 477)","[200, 1145]",61.1111111111111,4.649049194008813,37.91976393296806,0.0,20.790762744210063,0.0,0.0,0.0,55.555555555505556,5.150275151659354,86.41148805618286,64.99260663986206,0.805986225605011,0.15944331884384155
球迷对国足的成绩感到自卑。,"{'作为足球爱好者,为中队的足球成绩感到自卑。', 'S004577_P0003_T00'}","(478, 478)","[866, 1092]",47.61904761904763,4.3478260869565215,37.796447300922736,0.0,33.4995871226774,0.0,30.23266713085593,0.0,47.914121138001725,4.85137047992091,81.94904327392578,65.50163626670837,0.7897341847419739,0.12342113256454468
球迷对国足的成绩感到自卑。,"{'对球迷们爱好踢足球的分钟感到自卑。', 'S004577_P0008_T00'}","(479, 479)","[762, 783]",58.82352941176469,16.374615061559634,42.87464628562721,0.0,33.25143292141238,0.0,26.92050880955931,0.0,57.97468354423587,17.888563049823315,80.87522983551025,68.4315025806427,0.5082675814628601,0.11316493153572083
他通过努力战胜了自卑的情绪。,"{'S004587_P0000_T00', '他通过自己努力战胜了自卑的情绪。'}","(480, 480)","[229, 815]",87.50000000000003,22.22222222222222,83.66600265340755,0.0,79.37005259841003,0.0,74.47819789879651,0.0,92.51461988297952,18.571428571359508,97.43324518203735,69.90312933921814,0.8772514462471008,0.2216643989086151
他通过努力战胜了自卑的情绪。,"{'S004587_P0003_T00', '通过努力奋斗,他克服了自卑的情绪。'}","(481, 481)","[893, 495]",70.58823529411764,10.000000000000002,63.01260378126043,0.0,57.010372345215416,0.0,50.7196093945688,0.0,69.67480736574404,10.468478889472152,91.41456484794617,69.75523829460144,0.8268590569496155,0.12205132842063904
说说你为这次面试都做了哪些准备？,"{'你说得对,你为这面的试卷做了什么准备?', 'S004603_P0003_T00'}","(482, 482)","[715, 216]",52.63157894736842,13.333333333333334,34.199278402838466,0.0,19.019320108064587,0.0,0.0,0.0,56.3213144682155,13.760418368958119,83.78621935844421,65.49880504608154,0.725409746170044,0.15903110802173615
说说你为这次面试都做了哪些准备？,"{'你说你为这次面包试做了什么准备?', 'S004603_P0008_T00'}","(483, 483)","[1057, 1002]",68.75000000000001,7.142857142857142,56.642151559888106,0.0,45.08898714992068,0.0,38.13707100324892,0.0,68.74999999994999,7.905982905913778,87.7683937549591,70.1541543006897,0.7638624310493469,0.21826857328414917
他努力追求自己喜欢的女孩。,"{'他自愿追求自己。', 'S004605_P0008_T00'}","(484, 484)","[801, 189]",40.14460713892426,5.488116360940265,30.346470562851938,0.0,25.422622963910726,0.0,20.479259709128794,0.0,51.605758582500805,6.9858712715825515,84.97388362884521,65.3778612613678,0.3540036976337433,0.11325599253177643
你现在的健康状态非常良好。,"{'你现在健康状态很好。', 'S004633_P0003_T00'}","(485, 485)","[1058, 259]",66.67363986135462,11.111111111111109,57.383532625346064,0.0,45.05806060187477,0.0,31.367707166651414,0.0,75.72724429150199,12.280483248156159,92.6493227481842,68.88872981071472,0.8681435585021973,0.10321702063083649
你他做的都是小买卖，赚的钱不多。,"{'你帮他做个小生意,少赚点钱。', 'S004636_P0003_T00'}","(486, 486)","[643, 843]",43.34389498750908,3.678794411714424,17.000874333571172,0.0,0.0,0.0,0.0,0.0,46.25730994148491,5.555555555562963,78.21027040481567,63.808006048202515,0.6579132080078125,0.18291708827018738
你他做的都是小买卖，赚的钱不多。,"{'S004636_P0008_T00', '他在一家小生意做起小生意,赚了一小笔钱。'}","(487, 487)","[1084, 851]",30.000000000000004,18.18181818181818,0.0,0.0,0.0,0.0,0.0,0.0,32.539682539616194,20.075963103566444,71.30057215690613,69.96102929115295,0.5533462166786194,0.21668106317520142
我赚的钱不多，但也够用了。,"{'我没赚到多余的钱。', 'S004640_P0003_T00'}","(488, 488)","[331, 780]",42.74535922866365,7.6923076923076925,18.50928349295716,0.0,0.0,0.0,0.0,0.0,42.720437457268524,4.207069127239108,80.23702502250671,60.90235114097595,0.7521176934242249,0.2665315866470337
我赚的钱不多，但也够用了。,"{'我没赚到钱,还有些余额。', 'S004640_P0008_T00'}","(489, 489)","[527, 566]",30.668147154310777,22.22222222222222,0.0,0.0,0.0,0.0,0.0,0.0,31.89808917193299,22.819916240056283,81.16848468780518,70.14288306236267,0.6188956499099731,0.379946768283844
上个月我们公司净赚一百万。,"{'S004643_P0000_T00', '上个月我们公司赚了一百万元。'}","(490, 490)","[260, 941]",85.7142857142857,0.0,72.62730392025632,0.0,64.12931728234616,0.0,55.6492465767063,0.0,88.64602307219572,0.0,95.36018371582031,65.28900265693665,0.8689375519752502,0.0848979577422142
大公司花费了数万购买一套人事管理电子系统。,"{'这家公司问价五万块,买人力图管理系统。', 'S004652_P0000_T00'}","(491, 491)","[1142, 864]",47.37303296064521,7.6923076923076925,30.78234731715103,0.0,17.119054688999714,0.0,0.0,0.0,49.75186104214432,8.582677165291583,80.8795690536499,63.52367401123047,0.6336597800254822,0.06939651817083359
大公司花费了数万购买一套人事管理电子系统。,"{'一家大公司花钱花了很多万块给买人管理系统。', 'S004652_P0008_T00'}","(492, 492)","[1121, 293]",66.66666666666669,4.166666666666667,44.72135954999579,0.0,31.608160102348876,0.0,20.46592065585361,0.0,61.904761904711904,4.62962962957037,83.1462562084198,61.62986755371094,0.6904149651527405,0.04618625342845917
我最大的遗憾是没好好陪爷爷。,"{'我最大的遗憾是没好好陪爷爷。', 'S004664_P0000_T00'}","(493, 493)","[123, 720]",100.00000000000004,3.9363879395084553,100.00000000000004,0.0,100.00000000000004,0.0,100.00000000000004,0.0,99.99999999994999,5.323505323507622,100.00001192092896,64.04660940170288,0.974708616733551,0.044028930366039276
妈妈说人生总要有一点遗憾才完美。,"{'S004671_P0003_T00', '妈妈说人生有时候有遗憾,但遗憾也是一种美丽的象征。'}","(494, 494)","[967, 587]",43.99999999999999,5.882352941176471,30.27650354097492,0.0,22.86660128736526,0.0,18.15737416858213,0.0,44.67319101458595,6.049506049450347,84.1307282447815,60.51524877548218,0.7434760928153992,0.11163141578435898
世界上没有后悔药。,"{'S004677_P0000_T00', '世界上没有后悔的药。'}","(495, 495)","[744, 1105]",90.0,8.300915602566024,83.66600265340755,0.0,75.91472429689156,0.0,70.71067811865478,0.0,94.21631000572432,8.662961752165838,94.40317749977112,67.73909330368042,0.8231341242790222,0.3103509247303009
世界上没有后悔药。,"{'世界上没有后悔吃药的。', 'S004677_P0008_T00'}","(496, 496)","[1157, 959]",81.81818181818183,5.367694950537756,70.06490497453706,0.0,64.84993172480274,0.0,60.767958081376904,0.0,88.25242718440069,6.063432835798406,90.53702354431152,65.42220711708069,0.7832214832305908,0.08639100193977356
让我心仪已久的东西突然下架了，我后悔昨天为什么不买？,"{'我心心念念念的物品突然消失了,我很后悔昨天为什么不买。', 'S004681_P0003_T00'}","(497, 497)","[916, 516]",59.25925925925925,17.373873386696076,47.74099160262886,0.0,39.96197716339633,0.0,35.540229476493096,0.0,60.33441584578225,13.320184089369464,86.3541305065155,67.29271411895752,0.7259952425956726,0.09495190531015396
让我心仪已久的东西突然下架了，我后悔昨天为什么不买？,"{'S004681_P0008_T00', '我心心心念念念的很多东西,突然消失了,我很后悔昨天为什么不买。'}","(498, 498)","[189, 716]",58.06451612903227,12.130613194252666,46.14143753790639,0.0,37.17869097349881,0.0,32.394320578801306,0.0,62.207866235923035,14.85714285713502,84.44241881370544,68.67130994796753,0.6895641088485718,0.1218453124165535
后悔没用了，想想怎么补救呢？,"{'S004686_P0008_T00', '后悔没用,怎么没想补救呢?'}","(499, 499)","[1067, 10]",71.22777528017816,6.739229552362592,57.42566831466844,0.0,43.669458430507284,0.0,29.633403702962482,0.0,66.48451730414725,8.253968253960418,91.14984273910522,63.702112436294556,0.7311228513717651,0.11974279582500458
我道歉，是我错怪了人。,"{'我道歉了,我不好,是谁默契的?', 'S004692_P0003_T00'}","(500, 500)","[1075, 222]",40.0,4.761904761904762,23.90457218668787,0.0,16.380966908806922,0.0,0.0,0.0,29.40926476831197,5.306122448910529,79.39176559448242,62.695443630218506,0.36873888969421387,0.18266302347183228
我道歉，是我错怪了人。,"{'我道歉我不好,是谁的?', 'S004692_P0008_T00'}","(501, 501)","[1035, 613]",45.45454545454545,6.595414762772626,30.15113445777636,0.0,21.616643908267584,0.0,0.0,0.0,36.363636363586366,7.071069633849232,77.92104482650757,70.14286518096924,0.4535769820213318,0.03307609260082245
主动道歉不是软弱，而是勇气。,"{'主动道歉不是懦弱的,而是勇敢的。', 'S004699_P0000_T00'}","(502, 502)","[843, 129]",68.75000000000001,5.971094254781576,56.642151559888106,0.0,48.57063902709546,0.0,40.325042950627804,0.0,72.69005847947075,6.868131868113174,91.09746813774109,66.1488950252533,0.8467846512794495,0.15342693030834198
主动道歉不是软弱，而是勇气。,"{'主动道歉不是懦弱的,而是勇敢的。', 'S004699_P0008_T00'}","(503, 503)","[1045, 110]",68.75000000000001,17.647058823529417,56.642151559888106,10.502100630210077,48.57063902709546,0.0,40.325042950627804,0.0,72.69005847947075,18.605212355151536,91.09746813774109,66.8569266796112,0.8467846512794495,0.33835405111312866
原来不是你的错误，为什么要跟我道歉？,"{'原来不是你的错误,为什么你要向我道歉?', 'S004701_P0003_T00'}","(504, 504)","[390, 491]",78.94736842105264,1.9333611890944669,69.45906278887426,0.0,61.00512217979715,0.0,51.61040075276384,0.0,80.96288708528094,5.102040816336479,96.02887034416199,64.15728330612183,0.8959556818008423,-0.0034970492124557495
这些事物都有它存在的道理。,"{'S004711_P0000_T00', '事物都有道理。'}","(505, 505)","[1066, 1050]",42.43728456769501,11.111111111111109,38.73976339498738,0.0,33.68249508271646,0.0,25.233360374649028,0.0,60.078740157485264,11.684125705016255,83.87389779090881,70.7958996295929,0.8257443904876709,0.0730709433555603
这些事物都有它存在的道理。,"{'S004711_P0007_T00', '事物都有道理。'}","(506, 506)","[1103, 526]",42.43728456769501,21.052631578947366,38.73976339498738,0.0,33.68249508271646,0.0,25.233360374649028,0.0,60.078740157485264,15.789473684160527,83.87389779090881,70.0481116771698,0.8257443904876709,0.0771503746509552
我的手机在地铁上被偷了。,"{'S004729_P0007_T00', '我手机在地铁上被偷了。'}","(507, 507)","[443, 102]",91.31007162822628,3.0303030303030303,86.62433989749434,0.0,84.76476177319162,0.0,83.52052074548166,0.0,95.29257927423185,3.3881671183568054,97.85868525505066,63.78445625305176,0.8827961683273315,0.05771265923976898
传统的地图册已经逐渐被电子地图取代了。,"{'S004743_P0000_T00', '电子地图也逐渐掌握了历史地图的发展趋势。'}","(508, 508)","[539, 883]",55.000000000000014,11.111111111111109,38.04429551263411,0.0,25.241327659935674,0.0,17.5376708746474,0.0,35.85032640145262,11.904761904722871,79.36623096466064,66.01411700248718,0.5516601204872131,0.09317570924758911
传统的地图册已经逐渐被电子地图取代了。,"{'S004743_P0007_T00', '历史的地图和书,现在电量地图也不一样。'}","(509, 509)","[571, 538]",36.84210526315789,4.278475991938266,24.779731389167605,0.0,15.343157945131013,0.0,0.0,0.0,36.8421052631079,5.592105263157506,74.69637393951416,66.57501459121704,0.2666666805744171,0.12147049605846405
请问在哪里可以买到城市地图？,"{'S004752_P0003_T00', '请问城市地图在哪里买的?'}","(510, 510)","[51, 435]",70.5401437408845,13.333333333333334,57.069786249889994,0.0,43.5696205488669,0.0,29.69830085238936,0.0,45.617173524117035,14.857142857073798,88.83747458457947,59.594857692718506,0.8259121179580688,0.14469239115715027
封面是书皮，质量不错。,"{'S004754_P0000_T00', '一个好的封面可以提高书皮质量。'}","(511, 511)","[2, 954]",46.66666666666667,3.7037037037037033,31.62277660168379,0.0,0.0,0.0,0.0,0.0,51.46621334459757,4.008122612729837,77.69520282745361,60.4661226272583,0.6104522943496704,0.09935617446899414
封面是书皮，质量不错。,"{'S004754_P0007_T00', '一个好的封面能提高书皮质量。'}","(512, 512)","[857, 983]",49.99999999999999,19.786244288317874,33.968311024337865,0.0,0.0,0.0,0.0,0.0,54.4539877299943,21.213208901616635,78.17981839179993,72.21499681472778,0.6224199533462524,0.19041965901851654
书籍封面的内容很丰富。,"{'图书的封面内容非常丰富。', 'S004755_P0007_T00'}","(513, 513)","[329, 1000]",74.99999999999997,5.882352941176471,52.223296786709355,0.0,30.10067189543959,0.0,0.0,0.0,69.30369401759489,6.441631504854731,93.37552785873413,69.88442540168762,0.8346874117851257,0.07668361812829971
冬春季节容易引发感冒。,"{'冬天和春回近,感冒容易引发感冒。', 'S004769_P0007_T00'}","(514, 514)","[1022, 475]",56.24999999999999,17.647058823529417,47.434164902525694,0.0,43.15271869985911,0.0,39.65384287913186,0.0,62.52072968483955,18.605212355151536,87.47988939285278,70.41251063346863,0.6756633520126343,0.3209591507911682
出国留学不一定是人生唯一的选择题。,"{'选择出国学习是人生中不可取的一件事。', 'S004776_P0000_T00'}","(515, 515)","[12, 303]",66.66666666666669,7.317073170731707,39.605901719066985,0.0,21.402603672366553,0.0,0.0,0.0,45.63983248016796,5.305613761132382,80.20341396331787,62.55529522895813,0.6506575345993042,0.17480377852916718
这么多日期你不好好选，偏偏选自己喜欢的数字7。,"{'S004798_P0003_T00', '你怎么这么多日期不选择自己自愿数钱?'}","(516, 516)","[438, 1122]",46.28953562425905,14.425827703188224,32.113177176733466,0.0,24.46678030221936,0.0,19.611371282950564,0.0,47.39152175118525,13.893495485524857,77.87783145904541,65.7844603061676,0.2783289849758148,0.0413709357380867
这么多日期你不好好选，偏偏选自己喜欢的数字7。,"{'S004798_P0007_T00', '日期是多余的,你最好挑选一个,自愿估计报酬。'}","(517, 517)","[1105, 99]",39.091215120066174,7.05401437408845,13.337044759320898,0.0,0.0,0.0,0.0,0.0,31.080429541922605,7.60286225399182,73.11290502548218,71.07601165771484,0.2294745147228241,0.28556132316589355
这名片做得不好看，要重新做。,"{'名片不好做,要重新做。', 'S004804_P0007_T00'}","(518, 518)","[302, 866]",69.20912606335213,0.0,56.225759808996415,0.0,43.12891048619767,0.0,35.152027568985694,0.0,70.01226993862673,0.0,88.19540739059448,64.81452584266663,0.7394013404846191,0.04777953028678894
交谈中，双方老板互换名片。,"{'S004808_P0000_T00', '与老板交换名片。'}","(519, 519)","[1038, 748]",46.83537499541166,18.096748360719186,37.848698581337665,0.0,29.456571601818617,0.0,22.871025343125112,0.0,51.605758582500805,18.96181896177912,82.08608031272888,72.3192811012268,0.7078966498374939,0.25387534499168396
交谈中，双方老板互换名片。,"{'S004808_P0007_T00', '交易结束后,老板将他们俩抱出来一张名片。'}","(520, 520)","[831, 557]",30.000000000000004,6.666666666666667,21.764287503300356,0.0,13.806135595834634,0.0,0.0,0.0,33.480435422114255,6.666666666616666,78.99423837661743,63.40912580490112,0.44219452142715454,0.1141127422451973
学习是打开知识大门的钥匙。,"{'学习是打开知识的钥匙。', 'S004839_P0000_T00'}","(521, 521)","[1133, 897]",83.37529180751808,4.999999999999999,79.09674680788022,0.0,74.02925524235233,0.0,67.80814773941113,0.0,90.41950113375509,5.510367739664311,95.02493143081665,65.75862169265747,0.8362659811973572,0.0976630449295044
学习是打开知识大门的钥匙。,"{'S004839_P0003_T00', '学习是打开知识的大门钥匙。'}","(522, 522)","[61, 268]",100.00000000000004,4.208139602205369,86.60254037844388,0.0,74.23464047399288,0.0,63.601880277075544,0.0,92.30769230764233,4.739152175097691,95.11345624923706,65.19737243652344,0.8483270406723022,0.07465551793575287
工厂因为资金缺少就倒闭了。,"{'工人们因为缺少资金而失败了。', 'S004849_P0000_T00'}","(523, 523)","[580, 685]",64.28571428571428,13.333333333333334,44.47495899966607,0.0,0.0,0.0,0.0,0.0,51.71018012542381,14.46208112868145,86.03324890136719,66.96351766586304,0.7614419460296631,0.12748773396015167
你家有哪些远亲亲戚？,"{'你家有多少个远亲亲戚?', 'S004858_P0000_T00'}","(524, 524)","[457, 1084]",63.63636363636361,14.285714285714283,56.407607481776594,0.0,47.335252868199454,0.0,33.932513407933634,0.0,66.36636636630777,14.285714285664286,93.25072169303894,64.46316838264465,0.8928242921829224,0.1426686942577362
我没有过敏过，所以不知道过敏的感觉是什么样的？,"{'我过敏没吃过,所以不知道过敏是什么样子。', 'S004878_P0007_T00'}","(525, 525)","[677, 186]",68.85663811400461,4.999999999999999,55.85010844570228,0.0,47.08795192574231,0.0,40.32056217509856,0.0,69.09803143746205,5.335708200974446,88.2750391960144,64.81466293334961,0.5536053776741028,0.09759648889303207
动物是人类的好朋友，我们应当爱护它们。,"{'动物是人好的朋友,我们应该爱护他们。', 'S004885_P0000_T00'}","(526, 526)","[953, 23]",78.82995574223045,0.0,59.23827978114236,0.0,39.630196524977876,0.0,25.0302384501266,0.0,75.56536127960261,0.0,94.96991038322449,59.467607736587524,0.8683742880821228,0.08945952355861664
动物是人类的好朋友，我们应当爱护它们。,"{'S004885_P0003_T00', '动物是人好的朋友,我们应该爱护他们。'}","(527, 527)","[223, 718]",78.82995574223045,11.111111111111109,59.23827978114236,0.0,39.630196524977876,0.0,25.0302384501266,0.0,75.56536127960261,11.684125705016255,94.96991038322449,66.81972146034241,0.8683742880821228,0.14419707655906677
如果我们不爱护地球，那么地球也会惩罚我们。,"{'S004890_P0000_T00', '假如我们不爱护世界,世界会惩罚我们。'}","(528, 528)","[1045, 723]",56.43211499270762,3.674321929413379,50.28850800450595,0.0,45.41274094891457,0.0,40.318778781663895,0.0,60.822898032167124,4.450287272363675,91.44321084022522,62.80435919761658,0.8374816179275513,0.15550225973129272
他那傲慢的态度让人难以接近。,"{'他傲慢的人很多,大家都不喜欢和他接触。', 'S004907_P0003_T00'}","(529, 529)","[509, 1159]",36.84210526315789,10.526315789473687,20.232565955562798,0.0,13.403483048229994,0.0,0.0,0.0,40.60189524100175,10.526315789423684,75.15420317649841,62.53165006637573,0.68050616979599,0.05171757936477661
对身边的傲慢，没有礼貌，友谊长不了。,"{'S004909_P0003_T00', '对附近居民的傲慢是不可取的,友谊永远不能长。'}","(530, 530)","[593, 614]",40.90909090909091,4.761904761904762,24.1746889207614,0.0,14.296528608001413,0.0,0.0,0.0,39.22330097080845,4.975186104159398,79.52632308006287,67.46504306793213,0.692662239074707,0.2101527750492096
对身边的傲慢，没有礼貌，友谊长不了。,"{'对身体关心的客人是不能扬扬得意的,友谊永远不能长。', 'S004909_P0007_T00'}","(531, 531)","[210, 1164]",32.0,1.892921690064619,16.329931618554518,0.0,0.0,0.0,0.0,0.0,30.959593605747227,8.09196941794445,75.6953477859497,68.31901669502258,0.5299677848815918,0.07291121035814285
商店主要是白天营业。,"{'S004924_P0003_T00', '夫妻是白天的生意。'}","(532, 532)","[542, 656]",39.77063630286087,7.142857142857142,29.82797722714566,0.0,22.48872710446515,0.0,0.0,0.0,41.87391555808737,7.9852579851927885,77.46020555496216,61.57962679862976,0.48409223556518555,0.016681700944900513
商店主要是白天营业。,"{'这家店主要的是白天的生意。', 'S004924_P0007_T00'}","(533, 533)","[638, 587]",53.846153846153854,11.111111111111109,42.365927286816174,0.0,31.956331266050764,0.0,0.0,0.0,58.89896778222816,11.684125705016255,82.43412971496582,64.97185826301575,0.7725359201431274,0.14432960748672485
反复思考白天的事情。,"{'不同的想法是白天的事情。', 'S004936_P0007_T00'}","(534, 534)","[351, 67]",49.99999999999999,11.6689775872393,47.67312946227961,0.0,44.9644313022609,0.0,41.72261448611505,0.0,53.66568914949571,12.403474903438408,82.37570524215698,65.86212515830994,0.4844622015953064,0.09479781985282898
班长一般都会发挥出班级的积极作用。,"{'班长一般都会带领班级热情。', 'S004946_P0000_T00'}","(535, 535)","[853, 696]",50.89441019480891,6.666666666666667,43.25193178602105,0.0,36.8425559049473,0.0,32.406741078102854,0.0,57.97468354428309,7.352316192026377,87.2744619846344,67.86311268806458,0.6269243359565735,0.11593397706747055
班长一般都会发挥出班级的积极作用。,"{'班长一般都会带领班级温暖班级。', 'S004946_P0003_T00'}","(536, 536)","[12, 486]",52.51039914257684,9.75609756097561,44.37938725284146,0.0,37.57143393289785,0.0,32.821002882577524,0.0,55.81563706560056,10.611227522311287,86.30696535110474,66.72433614730835,0.589863657951355,0.13115519285202026
班长有一定的权利，但是也必须承担一定的责任。,"{'S004952_P0003_T00', '班长有权力,但是必须负责。'}","(537, 537)","[49, 541]",38.49384002773616,9.697125947641844,25.339747671101133,0.0,14.294934137294401,0.0,0.0,0.0,50.836901518100916,11.704946996456417,86.89558506011963,72.06504940986633,0.787166178226471,0.14599351584911346
他要看电影，我可以在这个网站中查询下载。,"{'他在多媒体投影仪上观看了一部电影,我在网络上查询了可以下载这部电影。', 'S004959_P0007_T00'}","(538, 538)","[39, 1044]",44.11764705882352,10.000000000000002,23.124864503144014,0.0,0.0,0.0,0.0,0.0,39.47234906132393,10.671416402012161,81.48283362388611,64.65138792991638,0.5933235883712769,0.18996590375900269
他用软件查询了一下自己的火车班次号码。,"{'他用火车查询了自己乘坐的列车的座位。', 'S004962_P0000_T00'}","(539, 539)","[227, 400]",57.80863421096899,2.2302577902281575,40.104504997214214,0.0,21.18586930972465,0.0,0.0,0.0,53.97525805684634,5.381757161702654,86.63336634635925,68.65061521530151,0.4656330347061157,0.2653252184391022
他用软件查询了一下自己的火车班次号码。,"{'S004962_P0007_T00', '他用软件查询了自己乘坐火车的票价。'}","(540, 540)","[556, 954]",67.98309970727108,0.0,54.97164702012963,0.0,44.73913589230443,0.0,38.83517938756771,0.0,66.25891946989057,0.0,90.84511995315552,61.958569288253784,0.7016656994819641,0.15031810104846954
老师鼓励大家多着急主动去查询一些资料。,"{'老师鼓励学生主动查询资料。', 'S004965_P0007_T00'}","(541, 541)","[712, 58]",53.33419271203015,10.393258407362712,44.28324690182723,0.0,32.3038752972315,0.0,21.469902245786027,0.0,64.37720848055535,12.872960113827137,87.03433871269226,58.81761908531189,0.8043270111083984,0.06976361572742462
这个超市要承诺该超市的物品比其他超市便宜。,"{'这家超市宣布他们比超市便宜。', 'S004977_P0000_T00'}","(542, 542)","[1056, 856]",43.3236185509024,10.212377844861983,31.790844679184772,0.0,24.83889666482369,0.0,20.275507940424557,0.0,47.75510204080848,11.452022669508839,85.05715131759644,69.59218978881836,0.5231353044509888,0.12421126663684845
超市和便利店还是有差别的。,"{'超市和24小时超市有所差别。', 'S004983_P0003_T00'}","(543, 543)","[432, 187]",49.99999999999999,9.523809523809524,33.968311024337865,0.0,21.264518514149504,0.0,0.0,0.0,51.71018012542381,10.541310541241412,81.07224106788635,64.15289640426636,0.6134171485900879,0.039970166981220245
对同学身上的缺点，我们应当是帮助而不是嘲笑。,"{'S004988_P0000_T00', '同学的缺点是不可取的,我们应该帮助他们,不嘲笑他们。'}","(544, 544)","[260, 146]",57.692307692307715,0.0,40.19184762342501,0.0,23.788381720464194,0.0,0.0,0.0,57.539682539618994,0.0,82.28061199188232,68.13071370124817,0.7181252837181091,0.03763280063867569
对同学身上的缺点，我们应当是帮助而不是嘲笑。,"{'S004988_P0007_T00', '同学的缺点是什么,我们应该帮助他改正,不要嘲笑他。'}","(545, 545)","[1065, 208]",59.999999999999986,17.29538029297263,41.83300132670377,0.0,24.780690454209367,0.0,0.0,0.0,59.09488828829584,19.00222019064647,82.08925724029541,66.05010628700256,0.7184709906578064,0.2874009609222412
我们不应当嘲笑别人的缺点，而是应该看到别人的优点。,"{'S004990_P0003_T00', '别人失败了不要嘲笑,要看别人的优点。'}","(546, 546)","[854, 1023]",45.18730520036337,3.8461538461538467,35.51294029964394,0.0,27.750681793420107,0.0,23.20008988303335,0.0,44.22799086543718,4.291338582614418,81.85919523239136,68.41965913772583,0.635426938533783,0.16490554809570312
我们不应当嘲笑别人的缺点，而是应该看到别人的优点。,"{'S004990_P0007_T00', '别人失败了不要嘲笑,要看别人好。'}","(547, 547)","[421, 213]",32.05028389111442,5.236249217872195,19.111096927652884,0.0,0.0,0.0,0.0,0.0,31.271233710253416,6.140241624097636,78.12901735305786,65.2442455291748,0.551243782043457,0.3109745979309082
周围人都在嘲笑，他哭了。,"{'受到周围的嘲笑,他落泪了。', 'S004992_P0000_T00'}","(548, 548)","[632, 123]",53.846153846153854,15.632325737944065,36.68996928526713,9.648480916253598,0.0,0.0,0.0,0.0,55.82165605089806,22.30511962953967,84.0092658996582,67.63827800750732,0.7848424315452576,0.06642908602952957
他在一圈嘲笑声中站起来。,"{'S004997_P0000_T00', '为了躲避周围的嘲笑,他开了一家店。'}","(549, 549)","[819, 732]",29.411764705882355,12.79196423577516,13.558153613666015,0.0,0.0,0.0,0.0,0.0,19.560307182584012,9.355618627112724,72.57807850837708,63.20684552192688,0.3046756386756897,0.054644934833049774
他在一圈嘲笑声中站起来。,"{'S004997_P0007_T00', '为了躲避环境的嘲笑,他开除了那条登山的小路。'}","(550, 550)","[998, 810]",18.18181818181818,3.0537361930832954,9.304842103984706,0.0,0.0,0.0,0.0,0.0,15.223012281772503,4.815528226412383,70.98654508590698,66.15238785743713,0.18010646104812622,0.13871395587921143
老师处罚学生打扫。,"{'S005002_P0000_T00', '老师处罚了同学们,同学们打扫了教室。'}","(551, 551)","[103, 185]",44.44444444444444,8.175098692698718,32.338083338177725,0.0,23.556613421026437,0.0,17.18152967132724,0.0,49.38271604932345,12.345679012353086,83.93178582191467,64.18660879135132,0.5143617391586304,0.07884015887975693
每个人最不喜欢被处罚。,"{'S005004_P0000_T00', '每个人都最不喜欢被处罚。'}","(552, 552)","[177, 356]",91.66666666666667,16.374615061559634,86.60254037844388,0.0,80.67143230122723,0.0,73.48889200874659,0.0,95.2925792742147,17.888563049823315,98.07719588279724,69.9131190776825,0.9147565364837646,0.30680447816848755
他这些处罚对于女人来说，太重了。,"{'他处罚了他对女朋友说过的话。', 'S005008_P0006_T00'}","(553, 553)","[476, 366]",49.53587998572469,10.47249843574439,18.174699151949177,0.0,0.0,0.0,0.0,0.0,46.25730994148491,12.280483248210231,74.43147301673889,66.21497869491577,0.41475337743759155,0.23668120801448822
战争时候，动摇军心的人必然要受到处罚。,"{'抗战时期,军情弱弱小,要严格处罚他。', 'S005011_P0000_T00'}","(554, 554)","[1021, 404]",36.78731267970754,0.0,14.30740383507851,0.0,0.0,0.0,0.0,0.0,37.78268063977912,0.0,75.2098798751831,65.00973105430603,0.6096760630607605,0.04749229550361633
战争时候，动摇军心的人必然要受到处罚。,"{'与敌人作战时,法律也太弱了,要多处罚弱势群体。', 'S005011_P0003_T00'}","(555, 555)","[624, 1119]",30.434782608695656,3.678794411714424,11.761799222424118,0.0,0.0,0.0,0.0,0.0,28.066855881360564,5.555555555562963,73.45565557479858,65.80861210823059,0.6212767958641052,0.14396096765995026
必须要有处罚，也要有奖励。,"{'处罚有处罚,必须有奖。', 'S005015_P0006_T00'}","(556, 556)","[356, 209]",60.63657586001311,5.871331642584225,44.96928821556907,0.0,26.558831371156522,0.0,0.0,0.0,49.31972789112471,6.049506049462391,84.9358320236206,63.779228925704956,0.5855392217636108,0.09200381487607956
这个学校因处罚学生严厉而出名。,"{'这所学校的处罚被同学们广泛传遍了。', 'S005017_P0003_T00'}","(557, 557)","[532, 670]",41.1764705882353,14.248453076221214,22.68713032432575,0.0,0.0,0.0,0.0,0.0,43.41216216210134,17.08817498290078,76.5704333782196,66.98596477508545,0.6175874471664429,0.15833033621311188
这个学校因处罚学生严厉而出名。,"{'S005017_P0006_T00', '学校处罚学生十分严厉。'}","(558, 558)","[323, 71]",56.87541232354464,7.862569432856666,44.46155505146823,4.814820794425739,31.256751413675158,0.0,22.69624786949032,0.0,66.17084572884032,14.898479388249752,79.39590811729431,70.20556330680847,0.7774869799613953,0.17751120030879974
这位厨师制作的甜品，全部受欢迎。,"{'厨师的作品现在都很受欢迎。', 'S005022_P0000_T00'}","(559, 559)","[123, 954]",54.96387631047353,0.0,38.13881083812493,0.0,27.587770265726736,0.0,20.206076817434532,0.0,54.02828539644502,0.0,82.44348764419556,60.803985595703125,0.671569287776947,0.021696671843528748
这位厨师制作的甜品，全部受欢迎。,"{'S005022_P0006_T00', '厨师做饭都是很受欢迎的。'}","(560, 560)","[1172, 459]",41.79765978347104,4.545454545454546,28.579712421529127,0.0,18.02119670929236,0.0,0.0,0.0,41.20879120877251,5.0836901517436575,78.54598760604858,62.826454639434814,0.5404191017150879,0.08806592226028442
厨师的工资随着餐饮业的发展也在逐渐提高。,"{'S005024_P0003_T00', '厨师的工资,饭店的好厨师也会跟着涨。'}","(561, 561)","[433, 948]",44.74196584071848,0.0,30.692735352710724,0.0,25.096077085810673,0.0,20.838925800486027,0.0,41.87391555808737,0.0,76.94848775863647,65.52112102508545,0.4743160009384155,0.016730278730392456
这部电影反映了厨师制作美食的过程。,"{'这部电影死在什么地方,厨师是怎么做饭的?', 'S005025_P0003_T00'}","(562, 562)","[871, 221]",34.99999999999999,5.882352941176471,27.14483570153185,0.0,20.154745029948426,0.0,14.81394578697113,0.0,37.34995740720073,6.471566812665361,73.54431748390198,62.82463073730469,0.35825157165527344,0.26264968514442444
这部电影反映了厨师制作美食的过程。,"{'这部电影反映了什么厨师的工作流程?', 'S005025_P0006_T00'}","(563, 563)","[948, 426]",70.58823529411764,0.0,55.57189302262111,0.0,46.866556213282045,0.0,41.41238765665519,0.0,64.70588235289118,0.0,87.0094358921051,67.46377348899841,0.7193196415901184,0.014981776475906372
通过这个方式来刺激大脑。,"{'通过这个办法刺激思考。', 'S005034_P0000_T00'}","(564, 564)","[37, 63]",58.10640921796213,12.500000000000002,46.06821198071898,0.0,35.0512056519623,0.0,26.477952261405967,0.0,60.64073226540546,12.499999999949999,86.89813613891602,65.93728065490723,0.7534053921699524,0.25249505043029785
人面对外界的刺激，精神会做出反应。,"{'S005040_P0003_T00', '人对刺激的情绪会做出反应。'}","(565, 565)","[538, 574]",62.204279126988695,8.823529411764707,47.81680973075936,5.1708768999501915,39.39125428996962,0.0,34.07398306064501,0.0,64.41631504920575,9.646118721411934,88.89405131340027,68.06012392044067,0.7162801027297974,0.18663157522678375
人面对外界的刺激，精神会做出反应。,"{'S005040_P0006_T00', '人,都受到刺激,精神上就会工作反过来。'}","(566, 566)","[701, 815]",42.10526315789474,6.250000000000001,21.629522817435003,0.0,0.0,0.0,0.0,0.0,44.17261297989262,6.868131868063471,78.96032929420471,67.81225800514221,0.49938470125198364,0.15628695487976074
他是一个聪明、活泼、可爱的农村孩子。,"{'S005053_P0006_T00', '他是个聪明的小孩子,活在世上却很可爱。'}","(567, 567)","[1109, 222]",63.15789473684212,14.24555505603563,41.88539082916955,0.0,21.771686611382517,0.0,0.0,0.0,48.57773225114651,7.387168589312195,84.29898619651794,66.30260944366455,0.6424370408058167,0.17125877737998962
他们总自以为是地觉得自己知道一切问题的答案。,"{'S005064_P0006_T00', '他认为自己最强烈的感受就是这个问题的答案。'}","(568, 568)","[230, 499]",49.94507858651545,0.0,37.79780959572703,0.0,30.609271173737124,0.0,25.98254910066299,0.0,46.461399367075224,0.0,78.0305802822113,63.2962167263031,0.478391170501709,0.153973788022995
他着急地想要知道答案。,"{'他急匆匆地想知道这个问题的答案。', 'S005065_P0003_T00'}","(569, 569)","[175, 1053]",56.24999999999999,9.048374180359597,38.72983346207417,0.0,22.04555691541846,0.0,0.0,0.0,62.52072968483955,9.480909480869641,88.31547498703003,68.77197623252869,0.8328351378440857,0.03873644769191742
抄袭别人的答案是违规的。,"{'抄袭别人的答案是违反法律的。', 'S005069_P0003_T00'}","(570, 570)","[864, 789]",78.5714285714286,4.033700871483995,73.75337578416624,0.0,68.20667314496643,0.0,64.50001140844256,0.0,83.63148479421272,5.077658303460485,95.4103946685791,63.32787275314331,0.8590657114982605,0.12562517821788788
抄袭别人的答案是违规的。,"{'S005069_P0006_T00', '别人的答案是违反规则的。'}","(571, 571)","[145, 981]",83.33333333333334,8.18730753077982,72.82190812544194,0.0,64.24382213570759,0.0,58.59059370151705,0.0,83.33333333328333,8.94428152489663,90.62836170196533,65.06724953651428,0.6940981149673462,0.2156277447938919
这本书的封面被破坏了。,"{'S005075_P0006_T00', '这本书的封面被破了。'}","(572, 572)","[832, 719]",90.48374180359599,5.229469208251622,85.3088898886072,0.0,79.04482921586464,0.0,75.16501147964685,0.0,94.80909480905495,5.521576622455992,97.3223328590393,65.47111868858337,0.902036190032959,0.10847625881433487
手机可以研究制作封面的软件。,"{'手机可以研发出非常精致的封面软件。', 'S005080_P0000_T00'}","(573, 573)","[386, 483]",64.70588235294115,6.107097367830394,53.20603680919277,0.0,42.263311017234194,0.0,32.22538601891173,0.0,63.34073396885231,6.753535674531798,88.25551271438599,63.71338367462158,0.7127118110656738,0.035327404737472534
手机可以研究制作封面的软件。,"{'S005080_P0003_T00', '手机可以研发出非常精致的封面软件。'}","(574, 574)","[500, 532]",64.70588235294115,6.666666666666667,53.20603680919277,0.0,42.263311017234194,0.0,32.22538601891173,0.0,63.34073396885231,7.428571428502368,88.25551271438599,63.90604376792908,0.7127118110656738,0.06233091652393341
想要健康，不要抽烟。,"{'想身体健康,不要抽烟。', 'S005096_P0006_T00'}","(575, 575)","[1024, 914]",72.7272727272727,5.882352941176471,60.3022689155527,0.0,49.48976031599527,0.0,41.72261448611506,0.0,75.84727584721726,6.5663036514367725,91.99559092521667,69.1199243068695,0.8982736468315125,0.07347340136766434
冬天不减肥，夏天会显胖。,"{'S005110_P0000_T00', '冬天不减肥,夏天太热了。'}","(576, 576)","[393, 621]",66.66666666666669,4.157176896050262,55.04818825631805,0.0,44.96443130226094,0.0,37.70063804549471,0.0,66.66666666661666,5.323791237560911,87.86699771881104,65.35442471504211,0.6226219534873962,0.1314123123884201
冬天不减肥，夏天会显胖。,"{'冬天不减肥,夏天太热了。', 'S005110_P0003_T00'}","(577, 577)","[977, 948]",66.66666666666669,0.0,55.04818825631805,0.0,44.96443130226094,0.0,37.70063804549471,0.0,66.66666666661666,0.0,87.86699771881104,60.21486520767212,0.6226219534873962,0.2055877447128296
心情不好，没有一顿火锅是解决不了的，如果还是不行，那就再一顿火锅。,"{'S005112_P0000_T00', '心情不好,火锅是解决的,还不能再吃火锅了。'}","(578, 578)","[260, 231]",45.71527654348528,27.683650425340865,32.13486898476629,0.0,24.850419917000213,0.0,19.4948733170185,0.0,54.16168857028645,23.33742331285986,83.93962383270264,75.41109919548035,0.4960222840309143,0.16750098764896393
心情不好，没有一顿火锅是解决不了的，如果还是不行，那就再一顿火锅。,"{'人心不古了,火锅是解决的,还不能再吃火锅了。', 'S005112_P0006_T00'}","(579, 579)","[657, 1049]",41.354363162225,10.209462756353926,24.437816699095176,0.0,17.58016477671678,0.0,13.647386604142365,0.0,47.27272727271943,13.968911917101511,79.52989339828491,62.70248889923096,0.3707360625267029,0.15257681906223297
找女朋友是我现在最大的目标。,"{'找女朋友是我现在最标准的标准。', 'S005113_P0003_T00'}","(580, 580)","[747, 1027]",79.99999999999997,9.622060754546368,67.61234037828133,0.0,62.67132480763881,0.0,59.230330720232516,0.0,82.56251021403085,12.424961608263171,91.3949728012085,70.84376811981201,0.6317870616912842,0.10583963245153427
找女朋友是我现在最大的目标。,"{'S005113_P0009_T00', '找女朋友是一种很重要的职业。'}","(581, 581)","[81, 166]",49.99999999999999,12.835427975814799,39.223227027636796,0.0,33.755319058958186,0.0,28.917849332325716,0.0,49.99999999995,16.77631578947329,81.3635766506195,66.53777360916138,0.7170777320861816,0.22689539194107056
谈朋友花费时间花费钱还不一定有结果。,"{'S005114_P0003_T00', '谈恋爱时要花钱,花钱不应该得罪人。'}","(582, 582)","[145, 957]",38.8241882763772,6.023884238244039,0.0,0.0,0.0,0.0,0.0,0.0,34.229874360123496,10.02747252748189,74.58195686340332,63.052672147750854,0.47020864486694336,0.032822221517562866
谈朋友花费时间花费钱还不一定有结果。,"{'谈恋爱要花钱,花时间要花钱,花钱要多少钱?', 'S005114_P0006_T00'}","(583, 583)","[776, 1043]",28.57142857142857,8.333333333333332,11.952286093343934,0.0,0.0,0.0,0.0,0.0,30.411449016037423,8.662961752148677,69.9686348438263,70.92447280883789,0.5020719766616821,0.08440424501895905
药物治疗可以缓解感冒症状。,"{'感冒的药可以帮助降低感冒的患病率。', 'S005118_P0000_T00'}","(584, 584)","[421, 977]",35.29411764705882,14.24555505603563,21.004201260420146,0.0,0.0,0.0,0.0,0.0,38.649789029467954,14.774337178666578,84.06490087509155,62.97935247421265,0.6001386046409607,0.2050315886735916
药物治疗可以缓解感冒症状。,"{'感冒药可以帮你减少感冒的患病率。', 'S005118_P0003_T00'}","(585, 585)","[894, 178]",37.5,6.69076785648738,22.360679774997894,0.0,0.0,0.0,0.0,0.0,40.52121404728853,8.60095976374849,82.9104483127594,59.53245759010315,0.6663076877593994,0.09045033901929855
感冒发烧是指感冒引起的发热症状。,"{'S005120_P0003_T00', '感冒发烧是哪一种疾病?'}","(586, 586)","[1085, 1041]",28.851655406376448,6.250000000000001,27.06525184301259,0.0,24.93247750706982,0.0,22.269344484776322,0.0,34.733738713827776,6.43822781415892,77.14002728462219,65.56035876274109,0.678796648979187,0.08016198128461838
感冒发烧是指感冒引起的发热症状。,"{'感冒发烧是什么?那是你因为感冒而发烧。', 'S005120_P0006_T00'}","(587, 587)","[841, 909]",47.368421052631575,0.0,36.27381250550059,0.0,28.5289801620969,0.0,23.210911117419965,0.0,50.68918302138757,0.0,76.27084255218506,61.38986349105835,0.6616616249084473,0.035138070583343506
第一次到国外，感觉国外很奇怪。,"{'S005131_P0003_T00', '这是他第一次到国外,感到非常奇怪。'}","(588, 588)","[842, 4]",58.82352941176469,4.761904761904762,50.72996561958921,0.0,44.10311794627641,0.0,36.821398145189974,0.0,62.017374517313684,5.3058912386092,84.00616645812988,65.95270037651062,0.7538395524024963,0.08155611157417297
第一次到国外，感觉国外很奇怪。,"{'第一次出国后,他感到非常奇怪。', 'S005131_P0009_T00'}","(589, 589)","[1149, 985]",59.999999999999986,8.333333333333332,41.40393356054123,0.0,29.76619230049489,0.0,0.0,0.0,53.33333333328333,8.662961752148677,81.9193959236145,68.83790493011475,0.6826437711715698,0.194847971200943
小孩子的表情是他们最为真实的感受。,"{'S005145_P0003_T00', '对孩子的表现是他们最真实的感受。'}","(590, 590)","[757, 1033]",82.19864299617916,12.500000000000002,75.25083692724724,0.0,67.23783767435064,0.0,57.56799653136483,0.0,84.69308469304103,13.216374268944438,93.51274967193604,66.77048206329346,0.78086918592453,0.1258741319179535
小孩子的表情是他们最为真实的感受。,"{'孩子的表情是他们最真实的感受。', 'S005145_P0006_T00'}","(591, 591)","[227, 1141]",87.51733190429479,1.9333611890944669,84.33381121107966,0.0,80.75739205440833,0.0,76.67884230637945,0.0,93.02606177602524,5.102040816336479,96.5907871723175,66.26750826835632,0.8822707533836365,0.13047799468040466
合适的工资能吸引劳动者，给予劳动者以鼓励。,"{'S005162_P0000_T00', '差不多的工资既能吸引劳动者,又能鼓励劳动者。'}","(592, 592)","[318, 363]",68.18181818181817,8.175098692698718,56.980288229818946,0.0,46.01048869245355,0.0,35.21555586746716,0.0,60.399819177202076,12.345679012353086,85.81745028495789,65.70410132408142,0.732861340045929,0.11454499512910843
合适的工资能吸引劳动者，给予劳动者以鼓励。,"{'工资差不多可以鼓励劳动者,又能鼓励劳动者。', 'S005162_P0006_T00'}","(593, 593)","[903, 354]",61.90476190476193,6.847172469765024,46.54746681256313,0.0,32.46284552986226,0.0,0.0,0.0,42.85714285709285,12.86149162862521,81.74797296524048,68.74072551727295,0.6251287460327148,0.11361648142337799
对这个故障，我们有各种应对方法。,"{'S005184_P0003_T00', '他有多种故障的预防方法。'}","(594, 594)","[347, 340]",41.79765978347104,5.882352941176471,28.579712421529127,0.0,18.02119670929236,0.0,0.0,0.0,34.34065934064064,6.5663036514367725,81.24656677246094,66.25141501426697,0.5926024317741394,0.18011882901191711
对这个故障，我们有各种应对方法。,"{'S005184_P0006_T00', '我们有各种各样的故障的预防方法。'}","(595, 595)","[1148, 433]",62.50000000000002,4.494419292755447,54.00617248673218,0.0,43.67902323681494,0.0,33.64932442330151,0.0,49.99999999995,4.826640772228446,83.81205201148987,66.5729284286499,0.7477967143058777,0.03373798727989197
王师傅的技术很高，什么故障都能抢修。,"{'王老师技术高超,故障可随时随机应变。', 'S005186_P0000_T00'}","(596, 596)","[1147, 349]",44.44444444444444,11.111111111111109,22.866478019001175,0.0,0.0,0.0,0.0,0.0,44.44444444439444,12.126865671574393,81.0259759426117,64.74453806877136,0.6232582926750183,0.08463288843631744
王师傅的技术很高，什么故障都能抢修。,"{'S005186_P0003_T00', '王老师技术很高超,遇到什么故障都能及时维修。'}","(597, 597)","[303, 683]",63.63636363636361,0.0,52.223296786709334,0.0,43.412681107162,0.0,36.227557436010244,0.0,68.64077669896378,0.0,88.16185593605042,63.055092096328735,0.7550928592681885,0.3018866181373596
人体的手指关节一般比较脆弱。,"{'一般人身体准备的手指关节比较脆弱。', 'S005197_P0006_T00'}","(598, 598)","[1039, 762]",82.35294117647057,5.882352941176471,68.06139097297728,0.0,57.010372345215416,0.0,47.9676449968321,0.0,76.00888076263578,6.201737451676627,91.08874797821045,67.51775741577148,0.7494991421699524,0.03002912551164627
人体的手指关节一般比较脆弱。,"{'S005197_P0009_T00', '一般人体质的手指关节比较脆弱。'}","(599, 599)","[700, 19]",93.33333333333336,4.545454545454546,81.64965809277267,0.0,67.51063811791641,0.0,56.591192566527035,0.0,82.56251021403085,4.646139936657594,93.54446530342102,67.4760103225708,0.8794415593147278,0.25938209891319275
现在的商业广告大部分在网上，要求顾客在网上付款。,"{'S005211_P0003_T00', '商店的广告都放到网络上,要求人们接触商品,使用网络。'}","(600, 600)","[778, 364]",38.46153846153847,3.581309960752377,17.54116038614059,0.0,0.0,0.0,0.0,0.0,35.88535031841399,6.116015132418237,81.93289041519165,68.1013286113739,0.5078797936439514,0.10489799827337265
现在的商业广告大部分在网上，要求顾客在网上付款。,"{'网络上有许多虚假广告,要求用户支付手续费。', 'S005211_P0009_T00'}","(601, 601)","[878, 505]",33.02391999048311,14.285714285714283,16.919724112073474,0.0,0.0,0.0,0.0,0.0,26.432748537976142,14.774337178651903,81.34252429008484,68.636953830719,0.6100914478302002,0.2439582496881485
广告必须首先在内部进行宣传。,"{'必须普及这张广告。', 'S005213_P0000_T00'}","(602, 602)","[746, 977]",31.875190040968484,7.05401437408845,21.382527518198945,0.0,0.0,0.0,0.0,0.0,23.92744025337823,7.60286225399182,77.85337567329407,62.93306350708008,0.3801839351654053,0.08124388754367828
广告必须首先在内部进行宣传。,"{'广告一定要在包装上做介绍。', 'S005213_P0003_T00'}","(603, 603)","[283, 1004]",28.491110112071265,15.0,14.827243801836119,0.0,0.0,0.0,0.0,0.0,29.548674357375337,14.99999999995,84.84626412391663,63.546210527420044,0.6136459708213806,0.10831761360168457
现在常用的核磁共振方法有很多种，如电核磁共振等。,"{'核磁共振成像仪有很多种,包括电磁共振成像仪、核磁共振成像仪等。', 'S005226_P0003_T00'}","(604, 604)","[976, 35]",48.387096774193544,4.653136125221825,40.16096644512494,0.0,32.19490794587352,0.0,24.452946438904895,0.0,52.86025449953122,5.547282204008814,82.94652104377747,64.18697834014893,0.752488374710083,0.12488322705030441
现在常用的核磁共振方法有很多种，如电核磁共振等。,"{'核磁共振波谱法有很多种,有电磁共振波谱法、共振波谱法等。', 'S005226_P0009_T00'}","(605, 605)","[638, 566]",53.57142857142858,16.666666666666668,44.543540318737406,0.0,35.775231712563716,0.0,27.22589423069702,0.0,57.02146690512506,11.409958120000443,83.52927565574646,69.99366879463196,0.7032853364944458,0.1474883258342743
该中心用先进的核磁共振仪，检查食物里有什么东西。,"{'S005231_P0000_T00', '核磁共振成像仪在中心脉搏测量过程中对人体磁共振成像仪进行扫描。'}","(606, 606)","[137, 727]",29.03225806451613,14.285714285714283,19.674775073518592,0.0,13.87236530419461,0.0,9.881511482966873,0.0,24.66811876641188,14.285714285664286,74.04698133468628,69.65554356575012,0.3069816529750824,0.029132425785064697
该中心用先进的核磁共振仪，检查食物里有什么东西。,"{'中心城区用先进的核磁共振成像仪对饮食进行了诊断。', 'S005231_P0006_T00'}","(607, 607)","[597, 615]",54.16666666666666,13.636363636363638,43.405736614121544,8.058229640253805,37.17699448803384,0.0,33.25778988272398,0.0,54.166666666616656,14.479922316725293,82.29837417602539,64.8054838180542,0.6161991357803345,0.2994813323020935
红包在传统意义上也叫压岁钱。,"{'红包在历史的道理是:红包在不同的年代是不一样的。', 'S005233_P0000_T00'}","(608, 608)","[455, 808]",16.666666666666668,2.7883687052414263,12.038585308576918,0.0,8.701138391251053,0.0,0.0,0.0,18.638338966616814,4.5991421973038635,71.70776128768921,63.715940713882446,0.2648589015007019,-0.0013950616121292114
红包在传统意义上也叫压岁钱。,"{'S005233_P0009_T00', '红包在传统上是过年收红包的象征。'}","(609, 609)","[197, 754]",43.74999999999999,5.220457767610162,34.15650255319867,0.0,29.24017738212866,0.0,24.903286388467727,0.0,46.25730994145906,6.777886519333499,82.46265649795532,65.82687497138977,0.5523562431335449,0.1483352780342102
网络上有多种多样的红包图片。,"{'现在网络上出现了很多红包图片素材。', 'S005248_P0003_T00'}","(610, 610)","[857, 924]",52.94117647058824,7.6923076923076925,40.67446084099804,0.0,32.10390550854982,0.0,22.048872820716333,0.0,57.00666057196059,8.414138254545957,86.93215250968933,66.65711998939514,0.75514817237854,0.07428131997585297
网络上有多种多样的红包图片。,"{'S005248_P0009_T00', '现在网络上出现了很多红包图片素材。'}","(611, 611)","[554, 33]",52.94117647058824,14.91398861357283,40.67446084099804,0.0,32.10390550854982,0.0,22.048872820716333,0.0,57.00666057196059,10.4684788894928,86.93215250968933,65.06255865097046,0.75514817237854,0.0775955468416214
我们需要懂技术、会管理的干部。,"{'S005274_P0000_T00', '我们需要知道技术,才会管理干部。'}","(612, 612)","[10, 768]",74.99999999999997,9.090909090909093,63.245553203367585,0.0,48.528550064051736,0.0,30.62049088236489,0.0,77.25873377052352,9.935094145552855,88.62993121147156,67.18129515647888,0.7806850671768188,0.03984066843986511
我们需要懂技术、会管理的干部。,"{'我们既要懂技术,又要懂管理干部。', 'S005274_P0003_T00'}","(613, 613)","[1067, 507]",68.75000000000001,11.111111111111109,56.642151559888106,0.0,40.966063530032294,0.0,26.96698152099015,0.0,70.82050595630857,12.380952380883322,86.70365810394287,65.79741835594177,0.7849286794662476,0.10672833025455475
由于采用了新技术，大大降低了钱财开销。,"{'我的新技术低功耗。', 'S005276_P0000_T00'}","(614, 614)","[341, 731]",18.28849932266142,9.523809523809524,12.268298307578936,0.0,8.911970293379376,0.0,0.0,0.0,29.12493410649259,10.647582475058801,70.6372320652008,65.49937725067139,0.25423353910446167,0.06878429651260376
由于采用了新技术，大大降低了钱财开销。,"{'S005276_P0009_T00', '我的新技术很低功耗。'}","(615, 615)","[489, 144]",20.328482987029954,21.16204312226535,13.552321991353306,12.761192151613686,9.772915284348475,0.0,0.0,0.0,29.329431225352543,22.80858676204191,71.30263447761536,73.75757098197937,0.31252074241638184,0.31921571493148804
我们要努力发展科学技术，缩短同发达国家之间的差距。,"{'我们大力发展科学技术,追赶世界先进水平。', 'S005281_P0003_T00'}","(616, 616)","[60, 30]",38.94003915357024,4.572597680916512,33.42593784059426,0.0,28.913257702067973,0.0,25.79776799131667,0.0,43.386243386217856,5.218237628189611,82.4853003025055,63.68268132209778,0.7345191836357117,0.17177067697048187
我们要努力发展科学技术，缩短同发达国家之间的差距。,"{'我们大力发展科学技术,追赶世界先进水平。', 'S005281_P0006_T00'}","(617, 617)","[787, 981]",38.94003915357024,3.4482758620689653,33.42593784059426,0.0,28.913257702067973,0.0,25.79776799131667,0.0,43.386243386217856,3.7714898341580962,82.4853003025055,67.33511686325073,0.7345191836357117,0.1301855891942978
每到节日，家属们都会来部队探亲。,"{'每隔一段时间,有家属来参军队看望伤员。', 'S005288_P0006_T00'}","(618, 618)","[885, 848]",31.57894736842106,4.598493014643029,13.245323570650438,0.0,0.0,0.0,0.0,0.0,33.792788680903776,6.944444444451853,80.13684749603271,70.99353075027466,0.44396674633026123,0.1833038330078125
每到节日，家属们都会来部队探亲。,"{'每隔一段时间,有家属去参军队看望部队。', 'S005288_P0009_T00'}","(619, 619)","[456, 986]",31.57894736842106,8.333333333333332,18.73171623163388,0.0,0.0,0.0,0.0,0.0,33.792788680903776,8.662961752148677,80.702805519104,72.24056720733643,0.5670789480209351,0.13511691987514496
哥哥自己辞职了，开了一家属于他自己的公司。,"{'哥哥辞职了,自己创业了。', 'S005294_P0003_T00'}","(620, 620)","[358, 410]",35.42749145557609,8.491144694215032,24.668538675908806,0.0,14.218550618437144,0.0,0.0,0.0,42.58804258804488,8.089844865338216,82.27424025535583,67.91353821754456,0.6463304162025452,0.1404259353876114
哥哥自己辞职了，开了一家属于他自己的公司。,"{'S005294_P0009_T00', '哥哥辞职了,自己创业了。'}","(621, 621)","[932, 607]",35.42749145557609,1.691691040457659,24.668538675908806,0.0,14.218550618437144,0.0,0.0,0.0,42.58804258804488,4.464285714295663,82.27424025535583,63.341933488845825,0.6463304162025452,0.030170664191246033
那些遇难者的家属，每个人都流泪难过。,"{'S005295_P0000_T00', '遇到倒霉的家属,他每隔一段时间都流下了眼泪。'}","(622, 622)","[542, 1166]",40.90909090909091,10.49017841907757,24.1746889207614,0.0,14.296528608001413,0.0,0.0,0.0,44.12621359216768,13.97875422501329,75.01848936080933,66.4106547832489,0.4164723753929138,0.05083832889795303
那些遇难者的家属，每个人都流泪难过。,"{'遇到倒霉的家属,他每隔一段时间都流下了眼泪。', 'S005295_P0006_T00'}","(623, 623)","[696, 188]",40.90909090909091,18.18181818181818,24.1746889207614,0.0,14.296528608001413,0.0,0.0,0.0,44.12621359216768,19.611650485371555,75.01848936080933,65.26641249656677,0.4164723753929138,0.15592701733112335
兼职文员工作对我来说做起来有点难。,"{'S005306_P0009_T00', '我做兼职时感到很难。'}","(624, 624)","[63, 160]",29.795118227484565,14.634976962507373,18.13273150747404,0.0,0.0,0.0,0.0,0.0,26.314899374260857,18.62899005755848,77.76947021484375,63.10765743255615,0.6233257055282593,0.193084254860878
网站上的兼职网站很多。,"{'网络上有许多兼职网站可供你上网。', 'S005319_P0009_T00'}","(625, 625)","[627, 127]",49.99999999999999,12.471530688150784,31.62277660168379,0.0,24.264275032025868,0.0,18.20705281109213,0.0,48.62723419930426,15.97137371268746,83.27028155326843,63.98743391036987,0.627693235874176,0.11518627405166626
我们应确保计算结果准确无误。,"{'计算结果必须正确。', 'S005323_P0000_T00'}","(626, 626)","[536, 174]",38.250228049162196,6.666666666666667,28.687671036871645,0.0,23.805790606878382,0.0,18.95201826718252,0.0,47.85488050676147,7.071069633821655,83.96493792533875,66.14303588867188,0.8018306493759155,0.05020977556705475
我们应确保计算结果准确无误。,"{'我们必须算出结果的正确性。', 'S005323_P0006_T00'}","(627, 627)","[104, 95]",49.85944269612472,11.530253528648418,27.739233148319126,0.0,0.0,0.0,0.0,0.0,51.71018012543848,12.668146793754733,81.99046850204468,65.26132822036743,0.7255204319953918,0.03554706275463104
他为事情地发生编造借口。,"{'你为事情出了借口。', 'S005344_P0000_T00'}","(628, 628)","[343, 257]",47.76875403825263,7.142857142857142,41.36895450425725,0.0,32.72191707293837,0.0,0.0,0.0,54.945054945036254,7.142857142807142,80.06138801574707,62.77226209640503,0.6343720555305481,0.1919306367635727
我不会被那个借口敷衍。,"{'我不会听话,随便找一个借口。', 'S005346_P0006_T00'}","(629, 629)","[126, 497]",49.99999999999999,0.0,39.223227027636796,0.0,29.48798731084673,0.0,0.0,0.0,54.4539877299943,0.0,82.61098861694336,63.6360228061676,0.41665929555892944,0.09926461428403854
我不会被那个借口敷衍。,"{'我不会随便编造一个借口。', 'S005346_P0009_T00'}","(630, 630)","[1063, 149]",58.333333333333336,5.882352941176471,46.056618647183825,0.0,34.87691251251088,0.0,0.0,0.0,60.64073226538829,6.334073396826718,86.72226667404175,63.27298283576965,0.41566556692123413,0.09742677211761475
我想要找借口。,"{'我想找一个借口。', 'S005347_P0000_T00'}","(631, 631)","[308, 403]",74.99999999999997,15.789473684210527,56.69467095138407,0.0,37.697372056457695,0.0,0.0,0.0,79.29824561397368,16.192577417012092,93.78520846366882,67.54137873649597,0.7553551197052002,0.3011842668056488
我想要找借口。,"{'S005347_P0009_T00', '我想找一个借口。'}","(632, 632)","[591, 12]",74.99999999999997,9.810118431238465,56.69467095138407,0.0,37.697372056457695,0.0,0.0,0.0,79.29824561397368,14.814814814822224,93.78520846366882,71.19593024253845,0.7553551197052002,0.17456330358982086
李强成功学习的经验值得我们借鉴。,"{'我们之前是老师,成功学经验。', 'S005354_P0006_T00'}","(633, 633)","[832, 425]",49.53587998572469,9.861452146152939,36.349398303898354,0.0,21.212427903408035,0.0,0.0,0.0,39.64912280698199,10.671416402043146,73.60963821411133,66.48685336112976,0.30400222539901733,0.1523522436618805
简单地抄袭别人的经验，对自己不会有多少帮助。,"{'单纯抄袭别人的经验对自己没有帮助。', 'S005357_P0006_T00'}","(634, 634)","[546, 422]",65.75195444236591,9.405352498784598,55.3385157164694,0.0,47.39974888238673,0.0,38.8044562075238,0.0,74.51320609213164,10.137149672000165,88.86974453926086,66.73109531402588,0.7977944612503052,0.14707224071025848
简单地抄袭别人的经验，对自己不会有多少帮助。,"{'他单纯得得到了别人的经验,对自己没有帮助。', 'S005357_P0009_T00'}","(635, 635)","[146, 453]",59.02600196588192,10.421550491962709,47.4472815366542,0.0,38.36949893535277,0.0,27.813701926231836,0.0,60.399819177211334,14.870079753028218,84.25760865211487,69.63845491409302,0.5692029595375061,0.16218861937522888
“冤冤相报何时了”这是古人给我们留下的经验和教训。,"{'互相伤害的时候,是过去的经验,给了我们很多宝贵的经验和教训。', 'S005360_P0009_T00'}","(636, 636)","[553, 493]",46.66666666666667,14.285714285714283,33.56243110397689,0.0,27.196077202777,0.0,23.364352820304827,0.0,46.51026392955438,14.285714285664286,75.81263780593872,65.73059558868408,0.5265985131263733,0.02501799911260605
老师组织了一次班会让同学们交流自己的学习经验。,"{'S005365_P0000_T00', '老师组织班会请同学们交流学习的经验。'}","(637, 637)","[274, 1019]",71.53837323749126,17.571821134175472,59.21377292916344,9.21474074199325,46.353207692996506,0.0,35.04757750110799,0.0,75.8264348019103,17.655677655679277,89.52638506889343,74.95799660682678,0.8013614416122437,0.2135654091835022
老师组织了一次班会让同学们交流自己的学习经验。,"{'老师组织班会请同学们交流学习的经验。', 'S005365_P0009_T00'}","(638, 638)","[1000, 236]",71.53837323749126,7.511257491796853,59.21377292916344,0.0,46.353207692996506,0.0,35.04757750110799,0.0,75.8264348019103,9.724364563072967,89.52638506889343,63.81969451904297,0.8013614416122437,0.021487057209014893
我们一定要低视困难，但绝不应轻视它们。,"{'我们应该看困难,但不能歧视他们。', 'S005368_P0000_T00'}","(639, 639)","[99, 67]",51.814319886275044,4.965853037914096,29.310605563323247,0.0,0.0,0.0,0.0,0.0,50.689183021420156,6.578724843565785,86.73844933509827,67.9756760597229,0.6902758479118347,0.07747629284858704
你的决定说明你的分析很正确。,"{'这个决定已经分清楚了。', 'S005380_P0006_T00'}","(640, 640)","[354, 782]",27.683650425340865,0.0,14.517428757873438,0.0,0.0,0.0,0.0,0.0,31.11656441715434,0.0,73.07249307632446,63.63303065299988,0.6833712458610535,0.12816007435321808
你的决定说明你的分析很正确。,"{'S005380_P0009_T00', '他说明你考试成绩很好。'}","(641, 641)","[581, 440]",34.60456303167608,7.142857142857142,22.954070322054577,0.0,16.45675936645273,0.0,0.0,0.0,38.89570552144881,7.602862253962289,78.26253175735474,67.47377514839172,0.3650256097316742,0.11343167722225189
在童年时，他学会了如何不理会困难。,"{'这个孩子学习很困难,看他很难。', 'S005394_P0000_T00'}","(642, 642)","[370, 320]",29.17244396809825,5.092122924029977,19.0978475272383,0.0,0.0,0.0,0.0,0.0,24.806949806913313,8.799245104987365,72.15407490730286,72.18747138977051,0.29346054792404175,0.1830352544784546
快递员的工作非常辛苦。,"{'S005405_P0000_T00', '快递员工作非常辛苦。'}","(643, 643)","[1039, 907]",90.48374180359599,0.0,85.3088898886072,0.0,79.04482921586464,0.0,71.0866788975034,0.0,94.80909480905495,0.0,96.37871980667114,65.33688306808472,0.9320809245109558,-0.0008252561092376709
快递员的工作非常辛苦。,"{'快递员的工作非常辛苦。', 'S005405_P0006_T00'}","(644, 644)","[333, 752]",100.00000000000004,15.922918012750872,100.00000000000004,8.192273731580832,100.00000000000004,0.0,100.00000000000004,0.0,99.99999999994999,18.31501831499962,99.99998807907104,67.3241138458252,0.9666147828102112,0.3295244574546814
快递和快运是有区别的。,"{'S005406_P0000_T00', '快递还可分为快递和快递两种。'}","(645, 645)","[801, 594]",35.71428571428571,5.488116360940265,28.708462588160724,0.0,23.949118905214714,0.0,18.798317647335093,0.0,38.89570552140535,6.9858712715825515,76.8919050693512,65.31411409378052,0.6399800777435303,0.2295028567314148
联欢会上，看到小王模仿明星，我们不禁哑然失笑。,"{'S005418_P0000_T00', '会上,大家围坐在一起模仿小王模仿星星,笑起来。'}","(646, 646)","[440, 11]",39.1304347826087,9.428092086955143,26.67325346846322,0.0,18.922894218856708,0.0,13.566979610140004,0.0,39.1304347825587,8.284620883973593,76.34387612342834,67.21475124359131,0.4170224070549011,0.15739470720291138
联欢会上，看到小王模仿明星，我们不禁哑然失笑。,"{'S005418_P0009_T00', '互相模仿明星的标志,明星们互相笑了一下。'}","(647, 647)","[835, 309]",30.12477917487702,9.090909090909093,20.23362407005521,0.0,15.76111328548853,0.0,11.865659854763386,0.0,32.24574800413038,10.155316606861138,72.98035621643066,65.46332240104675,0.37969231605529785,0.0797908753156662
医生的急救箱里有各种东西。,"{'S005419_P0006_T00', '里面有各种各样的东西。'}","(648, 648)","[1077, 1140]",60.63657586001311,4.572597680916512,44.96928821556907,0.0,33.46203070512843,0.0,0.0,0.0,57.53968253965076,5.218237628189611,81.86465501785278,61.456817388534546,0.5807706117630005,0.09633306413888931
目前，中国妇女的避孕率为百分之一。,"{'S005470_P0000_T00', '现在中国女人的避孕率是百分之一。'}","(649, 649)","[105, 1151]",70.45597971101066,17.61399492775267,59.41369884410818,0.0,49.10856549747884,0.0,40.02916772576474,0.0,72.59407259402893,12.099012098968444,95.24215459823608,68.42076778411865,0.8477140069007874,0.11609043180942535
目前，中国妇女的避孕率为百分之一。,"{'现在中国女职工的避孕率约为百分之九十九。', 'S005470_P0009_T00'}","(650, 650)","[398, 478]",59.999999999999986,16.666666666666668,47.01623459816272,0.0,36.623602237200494,0.0,27.57185986366082,0.0,64.0284984123893,18.420724872268753,90.48682451248169,66.84060096740723,0.6632236242294312,0.022992059588432312
春天开始了，农民们都争相劳动。,"{'S005496_P0006_T00', '春耕开始了,农民们在争相上班。'}","(651, 651)","[484, 479]",66.66666666666669,13.381535712974754,48.795003647426675,0.0,33.2107832073891,0.0,0.0,0.0,66.66666666661666,17.20191952749895,89.57101702690125,73.07032942771912,0.7104383111000061,0.12592622637748718
春天开始了，农民们都争相劳动。,"{'S005496_P0009_T00', '春耕开始了,农民们在争相上班。'}","(652, 652)","[527, 846]",66.66666666666669,9.942659075715216,48.795003647426675,0.0,33.2107832073891,0.0,0.0,0.0,66.66666666661666,10.4684788894928,89.57101702690125,64.53103423118591,0.7104383111000061,0.2345171421766281
有权力的领导人不应该傲慢。,"{'S005502_P0006_T00', '有权利有权利,领导不要傲慢。'}","(653, 653)","[880, 1170]",57.14285714285717,2.572747316399319,41.93139346887674,0.0,24.469914286107727,0.0,0.0,0.0,59.097348714778185,5.6928630935955145,83.31514596939087,67.34505295753479,0.6413043141365051,0.14088580012321472
有权力的领导人不应该傲慢。,"{'领导不可以傲慢。', 'S005502_P0009_T00'}","(654, 654)","[546, 60]",40.14460713892426,10.510660765630725,30.346470562851938,0.0,20.17794921835141,0.0,0.0,0.0,51.605758582500805,10.795051611333774,84.59503650665283,67.81414151191711,0.7434464693069458,0.34501370787620544
冬天泡脚好。,"{'碰巧的车在冬天很冷。', 'S005504_P0009_T00'}","(655, 655)","[488, 41]",30.000000000000004,15.314194134530888,18.25741858350554,0.0,0.0,0.0,0.0,0.0,33.5526315788805,13.968911917101511,79.10752892494202,67.9841935634613,0.21469011902809143,0.31960541009902954
我爱中国共产党。,"{'我爱中国,我共产党。', 'S005530_P0000_T00'}","(656, 656)","[865, 450]",79.99999999999997,4.999999999999999,73.0296743340221,0.0,64.36595897370862,0.0,52.53819788848316,0.0,86.77248677242044,4.999999999950001,87.10547089576721,66.1300539970398,0.803052544593811,0.08963004499673843
我爱中国共产党。,"{'S005530_P0006_T00', '我爱中国,共产党。'}","(657, 657)","[955, 565]",88.8888888888889,0.0,81.6496580927726,0.0,72.49202486685948,0.0,59.694917920196445,0.0,93.4730056405521,0.0,90.25938510894775,64.66441750526428,0.8690066933631897,0.030381634831428528
我是国民党。,"{'S005532_P0000_T00', '我是国民党。'}","(658, 658)","[357, 70]",100.00000000000004,3.6576998645322836,100.00000000000004,0.0,100.00000000000004,0.0,100.00000000000004,0.0,99.99999999994999,5.824986821305449,100.00003576278687,65.07721543312073,0.9881758689880371,0.05613585561513901
我是国民党。,"{'我是国民党。', 'S005532_P0009_T00'}","(659, 659)","[897, 308]",100.00000000000004,7.357588823428846,100.00000000000004,0.0,100.00000000000004,0.0,100.00000000000004,0.0,99.99999999994999,5.555555555562963,100.00003576278687,63.87333273887634,0.9881758689880371,0.12649297714233398
看你那失望的样子，难道高考失败就没有出息了吗？,"{'一个垂头丧气的人,想高考试失败是没有努力的。', 'S005540_P0006_T00'}","(660, 660)","[123, 151]",30.404278426718136,9.30058576283412,20.372672385534035,0.0,0.0,0.0,0.0,0.0,31.080429541922605,11.761965762194942,73.16572070121765,63.59521150588989,0.430076003074646,0.04047311097383499
我的信用卡过期了，能否重新办理给我吗？,"{'我的信用卡日期过期了,可以再办理续期业务吗?', 'S005545_P0006_T00'}","(661, 661)","[262, 1127]",49.99999999999999,3.225806451612903,40.82482904638629,0.0,32.18297948685432,0.0,24.33821845902227,0.0,53.09304849482549,3.6072200543934145,86.38880848884583,67.28975176811218,0.7607784271240234,0.22629845142364502
我的信用卡过期了，能否重新办理给我吗？,"{'我的信用卡已经过期了,可以再办理吗?', 'S005545_P0009_T00'}","(662, 662)","[681, 513]",57.80863421096899,8.897082254631197,47.45229024504729,0.0,37.62203628100053,0.0,28.627573592435688,0.0,59.37278386253539,9.805825242690437,89.6355152130127,72.10835218429565,0.878136396408081,0.3172363340854645
根据统计，我国每年有约一千三百万人次的人工流产。,"{'按照估计,我国每年人工流产率约为三千万人次。', 'S005546_P0000_T00'}","(663, 663)","[337, 864]",66.40732482052816,10.000000000000002,48.06209311575149,0.0,37.49914373509968,0.0,26.68177900992529,0.0,47.646289637095556,10.763514323343625,88.56269717216492,63.106805086135864,0.7732033133506775,0.07966386526823044
一项金额达七千五百万元的承包工程已由一家美国公司得标。,"{'承包商在工程上承包了三千万元,美国拿走了这笔钱。', 'S005552_P0000_T00'}","(664, 664)","[943, 1033]",36.770704274358145,13.84182521267043,23.756018048696703,0.0,0.0,0.0,0.0,0.0,27.262959978474626,15.55828220856538,74.95285868644714,67.0976459980011,0.50599205493927,0.16970773041248322
一项金额达七千五百万元的承包工程已由一家美国公司得标。,"{'承包商既承包了工程款,又获得了施工权。', 'S005552_P0009_T00'}","(665, 665)","[1091, 981]",20.72701754118443,23.076923076923073,12.294666012136208,0.0,0.0,0.0,0.0,0.0,24.640192901803474,23.923566878923538,68.73028874397278,72.88985252380371,0.3800200819969177,0.28121763467788696
你看不见，靠什么躲避障碍物？,"{'S005572_P0009_T00', '他让姐姐躲避,可以阻拦一些东西。'}","(666, 666)","[696, 297]",12.500000000000002,8.300915602566024,9.12870929175277,0.0,0.0,0.0,0.0,0.0,13.216374268944438,8.662961752165838,71.73630595207214,70.91781497001648,0.18442445993423462,0.08980295062065125
做爱时不穿安全套是危险的。,"{'避孕时不要戴避孕套,在孕期不戴避孕套是很危险的。', 'S005583_P0006_T00'}","(667, 667)","[344, 977]",33.333333333333336,6.920912606335218,26.919095102908283,0.0,18.746034392879487,0.0,13.308442527111026,0.0,37.201173459770956,7.779141104270902,84.78170037269592,68.30138564109802,0.6355593800544739,0.09220777451992035
做爱时不穿安全套是危险的。,"{'S005583_P0009_T00', '避孕套在潜伏期是危险的。'}","(668, 668)","[909, 524]",46.00222073146616,0.0,39.230825655589996,0.0,34.89219692736327,0.0,30.527785817943403,0.0,47.84713375792024,0.0,81.84711933135986,71.0213303565979,0.2847965359687805,0.12927554547786713
我知道他有女朋友，我没有，嫉妒他说他坏话。,"{'S005594_P0000_T00', '我知道她是我女朋友,但我没有嫉妒她。'}","(669, 669)","[209, 841]",56.43211499270762,6.49000652559504,44.35029532813458,0.0,31.48743593609464,0.0,0.0,0.0,60.822898032167124,7.231040564348366,87.16961741447449,67.63853430747986,0.5286483764648438,0.06650788336992264
医生会给你检查确诊阑尾炎。,"{'S005607_P0006_T00', '医生会给你做检查阑尾炎。'}","(670, 670)","[717, 665]",84.33740467435464,3.523440448593566,75.12131188464936,0.0,63.79231677865715,0.0,53.11878904526514,0.0,87.7197452228884,4.078315211484204,94.19159889221191,60.23504137992859,0.8203805088996887,0.06228601187467575
医生会给你检查确诊阑尾炎。,"{'医生给了你检查阑尾炎。', 'S005607_P0009_T00'}","(671, 671)","[33, 936]",75.79571982501638,4.3478260869565215,61.57673387654601,0.0,47.233464739573634,0.0,32.37234780847803,0.0,82.19954648522899,4.8593706487795565,90.38432836532593,64.44157361984253,0.7751718759536743,0.040497489273548126
我们做人不能自私。,"{'我们做人不能私自私自利。', 'S005613_P0000_T00'}","(672, 672)","[194, 919]",74.99999999999997,0.0,63.96021490668311,0.0,54.69655075928688,0.0,48.326978309062184,0.0,82.41758241751401,0.0,94.0231204032898,67.7957534790039,0.518040120601654,0.1380120813846588
我们做人不能自私。,"{'我们做人不能私自私自利。', 'S005613_P0006_T00'}","(673, 673)","[53, 64]",74.99999999999997,7.142857142857142,63.96021490668311,0.0,54.69655075928688,0.0,48.326978309062184,0.0,82.41758241751401,7.9852579851927885,94.0231204032898,65.54020047187805,0.518040120601654,0.18423515558242798
因为家里有事，李小姐委婉地拒绝了王小姐的邀请。,"{'因为事情太旧,他拒绝了王经理的请假请求。', 'S005630_P0009_T00'}","(674, 674)","[475, 636]",43.03539882125289,6.112226356887866,27.92505422285114,0.0,19.53741595492754,0.0,13.93965639237924,0.0,46.065354291629745,8.91033554034962,81.48102164268494,62.761056423187256,0.36592012643814087,0.07795403897762299
敌人不甘心失败，不要想重新再来。,"{'人失败了,不能再失败了,也不能再回来。', 'S005648_P0000_T00'}","(675, 675)","[111, 944]",42.10526315789474,18.18181818181818,21.629522817435003,0.0,0.0,0.0,0.0,0.0,45.05705157455965,18.961818961760375,79.63576912879944,69.72516179084778,0.49718934297561646,0.23852407932281494
敌人不甘心失败，不要想重新再来。,"{'S005648_P0006_T00', '一个人失败了,就不能再来复生了。'}","(676, 676)","[801, 1047]",43.74999999999999,7.40818220681718,24.152294576982403,0.0,0.0,0.0,0.0,0.0,43.74999999995,8.414138254592384,81.29923343658447,66.54624938964844,0.39871054887771606,0.09767840802669525
这个问题整体和局部的情况出现了问题。,"{'S005664_P0009_T00', '这个问题主要是由于储蓄情况而发生了问题。'}","(677, 677)","[15, 1087]",49.99999999999999,8.18730753077982,42.91975376394759,0.0,34.46412921261349,0.0,26.3433347744036,0.0,52.34239444759824,8.94428152489663,80.11518120765686,67.17896461486816,0.4669879078865051,0.32330554723739624
签证不是随便做。,"{'签证不是随便做出来的。', 'S005670_P0000_T00'}","(678, 678)","[413, 738]",72.7272727272727,11.111111111111109,66.05782590758162,0.0,62.35319077637435,0.0,59.00468726392806,0.0,80.30385241447257,11.11111111106111,91.20561480522156,65.22618532180786,0.807716429233551,0.4365222454071045
签证不是随便做。,"{'签证不是随便办理的。', 'S005670_P0009_T00'}","(679, 679)","[960, 343]",70.00000000000003,14.285714285714283,62.360956446232365,0.0,57.93377741477418,0.0,53.7284965911771,0.0,75.92592592585959,7.142857142807142,91.23626351356506,70.63719630241394,0.7455425262451172,0.14570678770542145
我们把那种看上去很恶心的食物叫做黑暗料理。,"{'S005680_P0009_T00', '看你吃恶心的食物,我叫你叫什么东西?'}","(680, 680)","[12, 832]",37.6214099951384,2.4390243902439024,27.373596563757108,0.0,22.825879888730167,0.0,19.140784181480438,0.0,35.48002385208365,2.5831929680197185,72.18711376190186,63.21761608123779,0.3592621088027954,0.05660848319530487
包装和邮费在内，价格五元。,"{'S005694_P0009_T00', '包装费一共是五元。'}","(681, 681)","[427, 823]",42.74535922866365,18.75,32.05901942149774,0.0,21.11515237552568,0.0,0.0,0.0,51.26452494872442,13.216374268944438,80.65709471702576,68.12617182731628,0.7742343544960022,0.0876045823097229
道理经常能填补知识的缺少，而知识却永远填补不了道理的缺陷。,"{'道理常常可以增加知识,但缺少智慧是无法补救的。', 'S005731_P0006_T00'}","(682, 682)","[1075, 258]",33.49484337357156,19.04761904761905,18.758199752591384,0.0,0.0,0.0,0.0,0.0,37.476748003039205,14.925558312596124,79.54638600349426,64.93070125579834,0.6472787857055664,0.16328312456607819
道理经常能填补知识的缺少，而知识却永远填补不了道理的缺陷。,"{'道理经常可以增长知识,但永远不能缺少。', 'S005731_P0009_T00'}","(683, 683)","[593, 78]",40.42161937218953,4.540461689683222,28.21358053642725,0.0,17.68644225700764,0.0,11.95518645853033,0.0,42.313108038908034,4.646139936666862,82.9198956489563,66.35909676551819,0.5810288190841675,0.15800052881240845
当年北京运动会的吉祥物标志是福娃。,"{'他年北京运动会的幸灾标志是福气娃娃。', 'S005762_P0006_T00'}","(684, 684)","[1031, 674]",72.22222222222223,2.725317930340127,65.1794907395869,0.0,57.068964752687315,0.0,49.89070972910272,0.0,74.16472778030754,4.777094250788363,87.36201524734497,64.0954077243805,0.5932546257972717,0.12939834594726562
她很爱护家园的一草一木。,"{'S005764_P0006_T00', '为了安慰家人,家里调整了草稿纸,整棵树都变成了草稿纸。'}","(685, 685)","[814, 16]",11.111111111111109,10.000000000000002,0.0,0.0,0.0,0.0,0.0,0.0,12.23203026476393,9.99999999995,68.02541613578796,67.63908863067627,0.29145580530166626,0.2587912976741791
你把书包提前装好，免得到时候完成不了。,"{'S005797_P0000_T00', '把包落在包里,要提前完成任务,不要到时候处理。'}","(686, 686)","[664, 254]",47.82608695652174,12.500000000000002,29.488391230979428,0.0,16.058104814034937,0.0,0.0,0.0,37.42247450850236,8.662961752148677,76.10353231430054,63.62850069999695,0.40350455045700073,0.07215175032615662
你把书包提前装好，免得到时候完成不了。,"{'他把包扎起来,以防患未然,提前完成任务,到时处理。', 'S005797_P0009_T00'}","(687, 687)","[484, 539]",36.0,12.641979790237322,21.213203435596427,6.757422437941194,0.0,0.0,0.0,0.0,30.69738480690577,23.063356396699895,71.06748223304749,75.36870837211609,0.45001935958862305,0.09975391626358032
一个程序编写好后还要经过反复的调试。,"{'一个程序写完了,还得重复一遍。', 'S005808_P0000_T00'}","(688, 688)","[416, 580]",43.66564016415905,26.66666666666667,27.678151177637556,0.0,21.289590128702184,0.0,16.018263727677997,0.0,47.70283479957892,27.520836737972665,83.16619396209717,69.8066771030426,0.6863335967063904,0.21906746923923492
长江大桥沟通了大江南北。,"{'S005842_P0000_T00', '这条南腔北调的大桥是沟通南北的主要交通要道。'}","(689, 689)","[1100, 473]",31.818181818181817,12.500000000000002,21.320071635561042,0.0,0.0,0.0,0.0,0.0,35.52036199088691,13.736263736195337,74.7346043586731,68.05109977722168,0.5765393972396851,0.12162309885025024
长江大桥沟通了大江南北。,"{'S005842_P0009_T00', '长江大桥是沟通南北的主要交通要道。'}","(690, 690)","[524, 948]",52.94117647058824,0.0,40.67446084099804,0.0,28.04534469400917,0.0,19.923405658137927,0.0,58.68092154789043,0.0,83.7875247001648,71.74927592277527,0.6891738772392273,0.258818119764328
他很生气，否认说过此话，并追求哪里来的根据。,"{'否定说好了就不要追求什么,追求什么就把握什么。', 'S005861_P0009_T00'}","(691, 691)","[481, 595]",21.739130434782613,5.882352941176471,9.940534656094302,0.0,0.0,0.0,0.0,0.0,22.200306815637173,6.049506049450347,70.14813423156738,67.17992424964905,0.3447028398513794,0.39061278104782104
农民对狗爱护，结果被狗咬了。,"{'农民对狗的爱终于结果是狗的收尾。', 'S005874_P0006_T00'}","(692, 692)","[486, 13]",56.24999999999999,4.033700871483995,38.72983346207417,0.0,27.77566121439121,0.0,20.14941615706457,0.0,59.4736842104649,5.077658303460485,80.4422676563263,65.01095294952393,0.4491261839866638,0.08809997141361237
最近有什么吉利的日期适合结婚办喜宴？,"{'S005880_P0000_T00', '刚才有好日期适合的事情,现在结婚了。'}","(693, 693)","[1116, 439]",44.44444444444444,7.142857142857142,32.338083338177725,0.0,23.556613421026437,0.0,17.18152967132724,0.0,38.88888888883889,7.602862253962289,71.78562879562378,70.27994990348816,0.4245043396949768,0.14729683101177216
最近有什么吉利的日期适合结婚办喜宴？,"{'S005880_P0006_T00', '昨天是晴天,适合办理结婚吗?'}","(694, 694)","[843, 1105]",26.83847475268878,8.333333333333332,17.614899443989053,0.0,0.0,0.0,0.0,0.0,24.253731343261094,8.333333333283333,75.275319814682,66.78532361984253,0.5371065139770508,0.1506282389163971
妈妈办理了这个超市的会员卡。,"{'妈妈把事情办完了,并且把超市的员工卡弄丢了。', 'S005881_P0000_T00'}","(695, 695)","[37, 282]",45.45454545454545,8.070606580348652,25.482359571881275,0.0,14.807546137693752,0.0,0.0,0.0,50.77658303457917,9.65381540919962,80.86656928062439,67.98635721206665,0.4299767017364502,0.17330825328826904
会议室里有多媒体系统。,"{'S005892_P0000_T00', '会议室里有多媒体系统。'}","(696, 696)","[488, 85]",100.00000000000004,3.7558514534681353,100.00000000000004,0.0,100.00000000000004,0.0,100.00000000000004,0.0,99.99999999994999,8.633973339866023,100.0,68.3422327041626,0.9504702687263489,0.25032421946525574
会议室里有多媒体系统。,"{'S005892_P0006_T00', '会议室里有多媒体系统。'}","(697, 697)","[253, 147]",100.00000000000004,7.999999999999998,100.00000000000004,0.0,100.00000000000004,0.0,100.00000000000004,0.0,99.99999999994999,8.910335540282244,100.0,67.38946437835693,0.9504702687263489,0.08188514411449432
我们要研究完病历之后才能告诉你结果。,"{'我的研究后,再告诉你你的病因和结果。', 'S005893_P0000_T00'}","(698, 698)","[1026, 887]",61.1111111111111,0.0,42.3955849224307,0.0,28.217406327664445,0.0,0.0,0.0,55.555555555505556,0.0,80.9166431427002,65.06022214889526,0.604046106338501,0.09355403482913971
我们要研究完病历之后才能告诉你结果。,"{'S005893_P0006_T00', '这份病历不但能告诉你你的病历效果,还告诉你疾病的来龙去脉。'}","(699, 699)","[636, 1066]",27.58620689655173,16.666666666666668,19.85166667941861,7.580980435789034,14.291793313803606,0.0,10.293704767687334,0.0,30.83948247900303,14.87007975296058,74.66103434562683,71.62510752677917,0.5841426253318787,0.10595767199993134
他以为自己能进决赛，结果一开始就失败了。,"{'他以为自己可以进入决赛,没想到就开始失败了。', 'S005894_P0006_T00'}","(700, 700)","[30, 314]",68.18181818181817,0.0,54.05624776173352,0.0,41.803303244663816,0.0,32.77176740624639,0.0,66.36636636630777,0.0,89.64647650718689,65.86126685142517,0.8431470990180969,0.13508391380310059
去年，因艾滋病死亡的人数很多。,"{'S005913_P0000_T00', '去年,已有许多人因艾滋病去世了。'}","(701, 701)","[336, 733]",56.24999999999999,5.236249217872195,38.72983346207417,0.0,27.77566121439121,0.0,20.14941615706457,0.0,45.067594699448705,6.140241624097636,85.65541505813599,63.44720721244812,0.8124024868011475,0.13643388450145721
去年，因艾滋病死亡的人数很多。,"{'S005913_P0006_T00', '昨天,艾滋病病毒肆虐了世界各地。'}","(702, 702)","[789, 466]",24.999999999999996,11.092625221822056,18.25741858350554,0.0,13.353145150486627,0.0,0.0,0.0,25.752911256803817,11.409958120011805,74.76904392242432,63.214462995529175,0.5961453914642334,0.020124882459640503
每个人自有特质，何必如胡乱模仿？,"{'S005931_P0000_T00', '每个人都有自己的特殊点,不要乱模仿。'}","(703, 703)","[908, 982]",49.99999999999999,8.18730753077982,34.29971702850177,0.0,24.499865251482237,0.0,0.0,0.0,46.73650282024591,8.94428152489663,79.86542582511902,70.15317678451538,0.771493136882782,0.14429236948490143
每个人自有特质，何必如胡乱模仿？,"{'每个人都有自己的特制,不要乱模仿。', 'S005931_P0006_T00'}","(704, 704)","[647, 201]",52.94117647058824,10.000000000000002,36.38034375544995,0.0,26.034991753306883,0.0,0.0,0.0,48.39604839599269,10.8465608464945,80.75941801071167,67.90377497673035,0.7443951964378357,0.12432019412517548
人们秩序井然地排队，这是一种良好的习惯。,"{'S005933_P0000_T00', '人们排队秩序井然,这是个好习惯。'}","(705, 705)","[411, 575]",68.14506851874795,3.333333333333334,53.20222187082313,0.0,36.14873018313121,0.0,23.064313973247682,0.0,65.07936507933955,3.5714285713895406,88.64692449569702,65.09544253349304,0.8198248147964478,0.09935294836759567
人们秩序井然地排队，这是一种良好的习惯。,"{'S005933_P0009_T00', '人们排队秩序井然,这是个好习惯。'}","(706, 706)","[631, 604]",68.14506851874795,1.691691040457659,53.20222187082313,0.0,36.14873018313121,0.0,23.064313973247682,0.0,65.07936507933955,4.464285714295663,88.64692449569702,63.88445496559143,0.8198248147964478,0.03123970329761505
作弊者被当场抓获，他不觉得不好，还在那里强调各种原因。,"{'S005936_P0000_T00', '人作弊抓住人的思想空隙,再强调各种理由。'}","(707, 707)","[1006, 208]",28.187523588748533,5.83448879361965,20.44937891305279,0.0,14.849262641364982,0.0,10.793583834163357,0.0,32.626521691995706,6.201737451700957,74.34114217758179,65.58399200439453,0.3142901659011841,0.23452548682689667
这种事只有在特定的场合才会发生。,"{'这件事在某些特殊的场合会发生。', 'S005941_P0006_T00'}","(708, 708)","[213, 949]",68.6038455689853,21.16204312226535,47.87609630591693,12.761192151613686,36.713078276745435,0.0,24.921951546299496,0.0,70.82050595632138,22.80858676204191,90.58786034584045,71.5890884399414,0.7807773351669312,0.07639793306589127
这种事只有在特定的场合才会发生。,"{'S005941_P0009_T00', '这件事在某些特殊的场合会发生。'}","(709, 709)","[448, 258]",68.6038455689853,4.065696597405992,47.87609630591693,0.0,36.713078276745435,0.0,24.921951546299496,0.0,70.82050595632138,5.865886245075155,90.58786034584045,67.3319399356842,0.7807773351669312,0.3517981171607971
正因为是你，我才不好意思翻脸。,"{'因为你,我羞得脸都翻脸了。', 'S005949_P0000_T00'}","(710, 710)","[1173, 708]",46.16790333940838,4.761904761904762,25.685450246728266,0.0,0.0,0.0,0.0,0.0,49.49748743715146,5.218237628141913,82.72143006324768,62.39863634109497,0.6062523126602173,0.13294591009616852
正因为是你，我才不好意思翻脸。,"{'我因为害羞而翻脸了。', 'S005949_P0006_T00'}","(711, 711)","[217, 246]",36.391839582757996,11.76470588235294,22.14736827620661,0.0,0.0,0.0,0.0,0.0,37.1428571428493,12.668146793718451,80.08307218551636,66.66931509971619,0.6479493975639343,0.12270510196685791
虽然很害羞，但我还是把这句话告诉他了。,"{'S005956_P0000_T00', '这个句子太哥哥了,我还是有点害羞。'}","(712, 712)","[967, 666]",47.0652228742646,0.0,28.009410052498193,0.0,16.690694135281245,0.0,0.0,0.0,22.086306489938156,0.0,80.40488362312317,65.59095978736877,0.5819976925849915,0.07235199958086014
虽然很害羞，但我还是把这句话告诉他了。,"{'你句子太害羞了,我还是告诉你吧。', 'S005956_P0009_T00'}","(713, 713)","[624, 352]",51.814319886275044,19.999999999999996,33.84497202419124,0.0,18.929683641058883,0.0,0.0,0.0,45.05705157459222,19.999999999950003,81.61308765411377,73.1277585029602,0.6915292739868164,0.2471419721841812
像你这样大大咧咧的人原来也会有害羞的时候啊！,"{'S005957_P0000_T00', '像你这样的眼神空洞,就算眼睛空洞了,也会有点害羞。'}","(714, 714)","[906, 35]",40.0,2.7891270018553733,31.62277660168379,0.0,23.539531026768003,0.0,15.604242268653643,0.0,42.210634491622464,5.451127819559274,74.82416033744812,62.33152747154236,0.4990262985229492,0.06001321226358414
这个很好喝，但是喝多了会发胖。,"{'这个味道很好吃,喝一杯大一点。', 'S005971_P0000_T00'}","(715, 715)","[423, 73]",40.0,5.488116360940265,23.90457218668787,0.0,0.0,0.0,0.0,0.0,39.999999999950006,6.9858712715825515,78.6922812461853,67.1608030796051,0.5143079161643982,0.1485901027917862
这个很好喝，但是喝多了会发胖。,"{'S005971_P0006_T00', '他很好吃,喝一杯大一点。'}","(716, 716)","[915, 838]",25.960026102380166,16.374615061559634,13.557181477353213,0.0,0.0,0.0,0.0,0.0,28.92416225747006,17.888563049823315,76.66950225830078,68.25031042098999,0.4168565273284912,0.14849025011062622
一些人在倒霉的时候总是借酒浇愁。,"{'有些人倒霉,喜欢喝酒,喝酒解决愁眉苦脸。', 'S005972_P0006_T00'}","(717, 717)","[177, 536]",34.99999999999999,4.965853037914096,19.194297398747864,0.0,0.0,0.0,0.0,0.0,37.96296296289662,6.578724843565785,79.86485958099365,71.4754581451416,0.7502967715263367,0.32634422183036804
一些人在倒霉的时候总是借酒浇愁。,"{'S005972_P0009_T00', '有的人喜欢喝酒,有的人喜欢喝酒,解决愁眉苦脸。'}","(718, 718)","[917, 514]",21.739130434782613,4.999999999999999,0.0,0.0,0.0,0.0,0.0,0.0,24.134538522958486,5.5835387417646505,72.93167114257812,64.11840319633484,0.6186361312866211,0.15406915545463562
他旅游时，每到一个地方就会发一张自拍。,"{'他旅游时每到一个地方都会发来一张自己的偶像。', 'S005981_P0009_T00'}","(719, 719)","[175, 351]",72.7272727272727,2.0189651799465542,61.72133998483676,0.0,51.08729549290353,0.0,40.9318413117072,0.0,77.22625235613808,4.177433247211142,90.21028876304626,65.53759574890137,0.724332869052887,0.024236291646957397
如果你怀疑是阑尾炎，别给孩子服药，会疼痛。,"{'如果您委屈了,就不要给孩子吃药,孩子会得阑尾炎。', 'S005996_P0000_T00'}","(720, 720)","[342, 194]",45.833333333333336,14.285714285714283,31.56543697771668,0.0,20.845403633445816,0.0,0.0,0.0,35.24366471728752,15.811965811896684,85.05950570106506,69.65484619140625,0.5865466594696045,0.08576668053865433
如果你怀疑是阑尾炎，别给孩子服药，会疼痛。,"{'如果您怀疑是阑尾炎,最好不要给孩子吃药,孩子会很疼。', 'S005996_P0006_T00'}","(721, 721)","[1137, 22]",57.692307692307715,5.515605641153722,42.96689244236597,0.0,33.755319058958186,0.0,26.613685332453084,0.0,62.43246264479004,5.842062852500949,91.04325771331787,62.730973958969116,0.8053412437438965,0.03568919748067856
在共产党的改革开放政策的春风下，万象更新，形势大好。,"{'共产党政府正在蓬勃发展,春回大地,下大地万象更新。', 'S006013_P0009_T00'}","(722, 722)","[1042, 583]",49.961050835920815,10.47249843574439,31.623451876503324,0.0,23.228084417312328,0.0,15.295420876780035,0.0,43.104123369732065,12.280483248210231,74.11619424819946,64.7179126739502,0.5503848791122437,0.13553793728351593
追根究底地核实客户满意度，并保持与客户的信息沟通。,"{'为了满足顾客的需要,需要经常和客户沟通。', 'S006015_P0000_T00'}","(723, 723)","[1090, 1151]",31.152031322856196,5.4936719183370295,19.572225106205448,0.0,11.834359541837264,0.0,0.0,0.0,26.0317460317205,6.520102394204938,74.27282929420471,68.78775954246521,0.7221099734306335,0.23238065838813782
你介绍了这次我和他两校的合作。,"{'你介绍他去学校合作吗?', 'S006017_P0000_T00'}","(724, 724)","[1092, 719]",44.23643180720136,4.99766098125093,30.373024372693145,0.0,19.24285174566594,0.0,0.0,0.0,51.46621334464994,5.800270748707445,78.03208231925964,65.4658317565918,0.43102651834487915,0.11621403694152832
你介绍了这次我和他两校的合作。,"{'那你介绍他,我们一起去学校组团吧。', 'S006017_P0009_T00'}","(725, 725)","[827, 1033]",41.1764705882353,7.05401437408845,22.68713032432575,0.0,15.083054172315615,0.0,0.0,0.0,37.210424710363895,7.60286225399182,74.41856861114502,66.68825149536133,0.39389604330062866,0.11777030676603317
方方的二维码包含许多的信息。,"{'二维码包括信息很多。', 'S006035_P0000_T00'}","(726, 726)","[997, 1026]",53.62560368285113,7.6923076923076925,39.9701650564394,0.0,29.915621727790242,0.0,22.50191949727628,0.0,55.34188034186644,8.544087491386662,86.83247566223145,66.35691523551941,0.6655541658401489,0.17460304498672485
方方的二维码包含许多的信息。,"{'二维码包括很多信息。', 'S006035_P0009_T00'}","(727, 727)","[1141, 643]",53.62560368285113,19.999999999999996,44.68800306904259,0.0,36.88913375808962,0.0,26.331153487510537,0.0,63.247863247849345,22.056948576216776,90.11762142181396,70.38663625717163,0.7309072613716125,0.17996656894683838
这场台风给大家带来了严重的财物损失。,"{'哥哥的错误直接影响了大家的财物,造成了惨烈的损失。', 'S006043_P0000_T00'}","(728, 728)","[510, 1092]",36.0,12.980013051190083,27.386127875258303,0.0,18.683338157364798,0.0,0.0,0.0,35.38239269229242,7.231040564348366,79.93784546852112,65.83648920059204,0.6443096399307251,0.1750510036945343
售货员在热情地向顾客介绍商品。,"{'S006051_P0006_T00', '卖员热情地对待不顾客的物品。'}","(729, 729)","[1046, 985]",53.20358741165847,9.090909090909093,39.04075975999549,0.0,22.78302641434264,0.0,0.0,0.0,55.04167347601542,9.09090909085909,85.79726815223694,66.59852862358093,0.5260952115058899,0.18419043719768524
售货员在热情地向顾客介绍商品。,"{'S006051_P0009_T00', '服务员热情地向你打招呼,让你看看商品。'}","(730, 730)","[775, 958]",42.10526315789474,13.621385069049664,34.199278402838466,0.0,27.43060625339522,0.0,18.951629567590746,0.0,45.80809067806484,9.2922798733789,82.98346996307373,66.77907109260559,0.625816285610199,0.30356401205062866
这篇文章我看了几遍都不懂。,"{'S006071_P0009_T00', '这张表格的文字我完全看不懂。'}","(731, 731)","[78, 376]",49.99999999999999,5.882352941176471,27.73500981126145,0.0,18.576267965984346,0.0,0.0,0.0,51.71018012542381,6.520102394148532,84.15114283561707,65.60611724853516,0.6554036140441895,0.15105971693992615
离开座位超过一小时，就会有人过来把你的书收走。,"{'坐在网上超过一个小时有的人会取书。', 'S006072_P0000_T00'}","(732, 732)","[36, 205]",45.463551466429095,13.621385069049664,24.47327625429756,0.0,14.103844797307206,0.0,0.0,0.0,43.10304449646989,9.2922798733789,78.78257036209106,63.89889121055603,0.3994080424308777,0.045266516506671906
定位导航系统为我们的生活带来了便利。,"{'S006078_P0006_T00', '定坐、导航系统让我们的生活便利了很多。'}","(733, 733)","[1084, 604]",73.6842105263158,11.153474820965704,57.22633835193017,0.0,45.83926722832431,0.0,36.658827296012404,0.0,70.1678354739028,18.39656878918773,84.76117253303528,65.52186012268066,0.6693589091300964,0.16852796077728271
定位导航系统为我们的生活带来了便利。,"{'S006078_P0009_T00', '决定位置有利于导航系统方便。'}","(734, 734)","[433, 516]",48.309254554839804,12.987949183953042,33.42192179870339,0.0,24.095862879051808,0.0,17.582784635057727,0.0,48.50746268654467,13.580362142950154,72.6210355758667,66.11617803573608,0.6193540096282959,0.053076207637786865
自行车可以走近路，不受堵车的影响。,"{'因为堵车,他这条街的行车流量比较大,因此影响了交通。', 'S006081_P0006_T00'}","(735, 735)","[903, 1175]",30.769230769230774,0.0,19.215378456610463,0.0,0.0,0.0,0.0,0.0,25.745920227598035,0.0,71.54346704483032,59.89639759063721,0.48442327976226807,-0.00491844117641449
自行车可以走近路，不受堵车的影响。,"{'因为堵车,他这条街的行车流量比较大,因此影响交通。', 'S006081_P0009_T00'}","(736, 736)","[1143, 888]",32.0,6.666666666666667,20.000000000000007,0.0,0.0,0.0,0.0,0.0,26.701723634169767,7.071069633821655,72.03500866889954,62.17055320739746,0.46942728757858276,0.17053741216659546
他很有想法，经常与人交流自己的意见。,"{'一个好的想法经常与人交换意见。', 'S006086_P0006_T00'}","(737, 737)","[981, 973]",60.04025522571868,18.18181818181818,49.576609089341176,0.0,39.56129142425009,0.0,30.317983229357157,0.0,59.62854349948119,18.181818181768183,85.0832462310791,73.21992516517639,0.6111740469932556,0.2601110637187958
他很有想法，经常与人交流自己的意见。,"{'S006086_P0009_T00', '考虑好自己,经常与人交流意见。'}","(738, 738)","[450, 1101]",60.04025522571868,10.510660765630725,52.99962446009644,0.0,44.55582061417349,0.0,36.681628921724965,0.0,53.66568914953006,5.397525805644703,86.7347002029419,66.84917211532593,0.6719175577163696,0.0506746843457222
我存折里有五百块钱。,"{'S006089_P0000_T00', '我银行的存折里有五百元。'}","(739, 739)","[61, 1163]",66.66666666666669,5.555555555555555,55.04818825631805,0.0,49.48976031599527,0.0,44.833867003844595,0.0,71.5542521993491,5.704979059972523,84.01827216148376,65.29195308685303,0.8250733613967896,0.07590136677026749
优秀的企业家不断地向强者学习他们成功的经验。,"{'成功的企业家是不断对强者的学习经验。', 'S006115_P0000_T00'}","(740, 740)","[97, 1028]",71.1766580370496,9.090909090909093,57.901443802421596,0.0,40.63837217909321,0.0,24.46537864258809,0.0,63.7378640776419,9.805825242653109,87.30573058128357,63.117337226867676,0.6511837244033813,0.11222952604293823
优秀的企业家不断地向强者学习他们成功的经验。,"{'S006115_P0006_T00', '成功的企业家是不断对强者的学习,他成功的经验是不可取的。'}","(741, 741)","[1155, 315]",60.71428571428573,5.555555555555555,47.42021982949099,0.0,35.100065541497486,0.0,26.839613470694868,0.0,66.12269938643601,6.17283950611358,83.8376522064209,66.84021949768066,0.5903648734092712,0.2810564339160919
你有做生意的头脑。,"{'做生意的时候,你有权利知足吗?', 'S006127_P0006_T00'}","(742, 742)","[668, 693]",40.0,10.10884432854389,33.80617018914066,0.0,26.00316410329637,0.0,19.56475149792291,0.0,29.82456140344191,6.190476190468354,78.38467359542847,69.03103590011597,0.5476658344268799,0.07572165131568909
性传播已经成为了艾滋病的主要传播方式。,"{'S006144_P0009_T00', '艾滋病的传染手段主要通过做爱来传染。'}","(743, 743)","[1044, 417]",47.297973445338265,4.332361855090238,32.44614210393387,0.0,23.175879521579454,0.0,16.73872929477023,0.0,43.180206445468194,5.306122448971755,79.75355386734009,67.05176830291748,0.7335290312767029,0.2502937316894531
街道前面有一家超市。,"{'这条街道前有一家超市。', 'S006160_P0000_T00'}","(744, 744)","[972, 1140]",81.81818181818183,6.65742167396159,75.67874686642696,0.0,68.26924810955322,0.0,58.77283725105324,0.0,85.32818532812672,5.272390605212731,92.44945049285889,64.88430500030518,0.8315825462341309,0.09881538897752762
街道前面有一家超市。,"{'这条街道有一家超市。', 'S006160_P0009_T00'}","(745, 745)","[904, 615]",79.99999999999997,4.392955283543869,73.0296743340221,0.0,64.36595897370862,0.0,58.14307369682194,0.0,79.99999999995,5.885225885227509,91.25260710716248,63.68422508239746,0.7974056005477905,-0.006162866950035095
爱情跳动在每一次脉搏之中。,"{'S006180_P0009_T00', '爱情是跳动着爱情的脉搏。'}","(746, 746)","[526, 671]",53.669257520043864,5.555555555555555,36.69707715086976,0.0,0.0,0.0,0.0,0.0,55.82165605091388,6.140241624043568,80.29197454452515,65.35657048225403,0.6104457974433899,0.37400877475738525
我的笔记本电脑不见了！,"{'我们笔记本电脑不见了。', 'S006206_P0000_T00'}","(747, 747)","[331, 827]",81.81818181818183,3.8461538461538467,75.67874686642696,0.0,72.54690151527046,0.0,69.89307622784945,0.0,81.8181818181318,4.291338582614418,92.13722348213196,63.471364974975586,0.8227920532226562,0.19170208275318146
我的笔记本电脑不见了！,"{'S006206_P0006_T00', '我笔记本电脑不见了。'}","(748, 748)","[912, 120]",81.43536762323636,10.209462756353926,75.70412981829902,0.0,72.99453051270508,0.0,70.80735452207037,0.0,85.3281853281455,13.968911917101511,93.36614608764648,71.64668440818787,0.859157383441925,0.11641616374254227
字本身没有固定的含义，是人们用来表达自己的。,"{'S006241_P0006_T00', '字体没有固定的含义,是人表达自己的表现。'}","(749, 749)","[236, 7]",72.38699344287673,16.666666666666668,61.579348157633724,0.0,53.42600939388308,0.0,46.97672887654935,0.0,75.84727584723602,17.526188557554537,88.78121972084045,70.77711224555969,0.7025567293167114,0.11068422347307205
饭卡挂失要第二天才能生效，即第二天才不会扣钱。,"{'S006244_P0000_T00', '信件丢了,要开始第二天才能补办手续费。'}","(750, 750)","[211, 307]",29.847916550142035,4.965853037914096,23.18118032883819,0.0,19.73199525251998,0.0,16.70121822237505,0.0,32.74466519496724,6.578724843565785,78.88664603233337,63.1717324256897,0.40989381074905396,0.08965764939785004
饭卡挂失要第二天才能生效，即第二天才不会扣钱。,"{'S006244_P0006_T00', '用手机丢了2天之后,开始2天内不再减费。'}","(751, 751)","[380, 779]",17.214159528501156,6.250000000000001,0.0,0.0,0.0,0.0,0.0,0.0,18.42614171663099,6.870916873117232,74.1232693195343,62.3950719833374,0.2653839588165283,0.2869241237640381
由于害怕别人报复，他整天的都提心吊胆，吃不下饭。,"{'S006258_P0009_T00', '因为我报复天天担心,我每天担心吃不吃。'}","(752, 752)","[979, 321]",28.317598348190263,6.693904804452895,15.551165499107169,0.0,0.0,0.0,0.0,0.0,31.712034037591053,13.082706766927696,74.72777962684631,66.66818261146545,0.4533540606498718,0.06238020956516266
也许你感觉自己没有成功吃亏了，但不必怀疑，你每天都离成功更进一步。,"{'想要成功,就不要怀疑别人,每天距离成功最近的人都做过调查。', 'S006268_P0006_T00'}","(753, 753)","[22, 324]",36.0479490864525,0.0,23.680721126647438,0.0,12.18543764976437,0.0,0.0,0.0,35.19212279942025,0.0,73.375004529953,63.44744563102722,0.38581860065460205,0.04403737187385559
也许你感觉自己没有成功吃亏了，但不必怀疑，你每天都离成功更进一步。,"{'S006268_P0009_T00', '要想成功无亏,就不要怀疑每天经过这门实践的取得的成就。'}","(754, 754)","[611, 1126]",29.65694084877067,16.63893783273309,16.553208541073058,0.0,0.0,0.0,0.0,0.0,32.68608414236681,11.409958120011805,74.55840706825256,77.6793360710144,0.447831928730011,0.2927525043487549
能到银行做事是令人惊讶的机会，我能拒绝吗？,"{'S006300_P0006_T00', '工作是惊讶的,我能拒绝的。'}","(755, 755)","[474, 196]",33.257415168402105,10.916410041039759,27.365888540645102,0.0,22.265366323296103,0.0,15.628159966614906,0.0,42.590329900503825,11.92570869987219,80.30368685722351,65.97747802734375,0.35697436332702637,0.04418521374464035
全体同学都入座后，联欢晚会正式开始了。,"{'全班同学在后,联欢晚会开始了。', 'S006312_P0000_T00'}","(756, 756)","[475, 318]",61.27426706917187,7.6923076923076925,48.44156147400832,0.0,38.099009201434605,0.0,28.986413492880956,0.0,68.71213601717349,8.219954648462538,89.82051014900208,63.70086073875427,0.6733641624450684,0.12056025862693787
全体同学都入座后，联欢晚会正式开始了。,"{'大家都在学校后,联欢晚会开始了。', 'S006312_P0009_T00'}","(757, 757)","[266, 892]",56.99575187490254,6.666666666666667,43.4746537269151,0.0,35.50787381112593,0.0,27.488915599519622,0.0,56.32131446824808,7.456140350810321,85.42775511741638,66.84873104095459,0.7153229713439941,0.14292527735233307
他人品好，能力强，没被公司录取，真可惜。,"{'S006344_P0009_T00', '品质分钟是律师实力强大的公司没有录取的。'}","(758, 758)","[117, 693]",44.99999999999999,5.546312610911029,26.655699499159155,0.0,0.0,0.0,0.0,0.0,39.999999999950006,5.704979059983886,73.24008345603943,68.42743754386902,0.32681936025619507,0.12533783912658691
面对持刀的歹徒，王叔叔没有丝毫的害怕。,"{'我没有插嘴对坏人插嘴。', 'S006352_P0000_T00'}","(759, 759)","[365, 189]",17.571821134175472,12.214194735660788,9.21474074199325,0.0,0.0,0.0,0.0,0.0,17.655677655679277,13.507071349090833,71.44479155540466,66.37992262840271,0.11765512824058533,0.37084612250328064
这部电影的女演员很漂亮。,"{'S006416_P0009_T00', '这部电影的女演员表演得很漂亮。'}","(760, 760)","[1080, 12]",79.99999999999997,7.816162868972032,75.59289460184542,4.660659066194998,70.58344672919598,0.0,64.75445426291287,0.0,86.77248677242044,11.152559814772497,95.2204704284668,65.460604429245,0.8184546828269958,0.26055851578712463
现在还在用短信的人已经越来越少了。,"{'现在很少用短信发短信。', 'S006423_P0000_T00'}","(761, 761)","[784, 996]",36.88225410448786,7.6923076923076925,25.323597701501487,0.0,16.043783795037058,0.0,0.0,0.0,39.39782190902717,7.6923076922576925,80.24632930755615,66.96058511734009,0.5203250646591187,0.27551329135894775
她撒谎说自己已经有交往对象了。,"{'人有对象,就是那个虚伪的对象。', 'S006430_P0000_T00'}","(762, 762)","[928, 985]",26.66666666666667,18.096748360719186,13.801311186847087,0.0,0.0,0.0,0.0,0.0,26.666666666616667,18.96181896177912,69.70526576042175,73.06745052337646,0.4021788239479065,0.3080761432647705
对我们来说，每分钟都很宝贵。,"{'S006452_P0000_T00', '对我们来说,一个分钟的时间对我们来说太贵了。'}","(763, 763)","[229, 391]",40.90909090909091,11.111111111111109,31.209389196617963,0.0,24.446720040657695,0.0,19.80316235382626,0.0,45.698924731114424,11.925708699837852,85.56347489356995,65.42434692382812,0.739450991153717,0.2880585491657257
你冷静点，我会帮你的。,"{'你冷静下来,我会帮你的。', 'S006453_P0009_T00'}","(764, 764)","[1172, 1065]",74.99999999999997,9.090909090909093,69.08492797077568,0.0,62.02672829851782,0.0,53.107253497886994,0.0,77.96665576980149,10.155316606861138,92.88284182548523,69.33836936950684,0.897504448890686,0.11085185408592224
把衣服放进洗衣机之前要检查一下口里有没有餐巾纸等物品。,"{'洗衣服之前要检查衣服的卫生纸,有餐巾纸吗?', 'S006477_P0000_T00'}","(765, 765)","[69, 167]",46.52002290466058,7.6923076923076925,39.662871049367546,0.0,31.450932067794238,0.0,24.984248646577726,0.0,44.46517412933074,8.581973409153456,79.8049807548523,64.73868489265442,0.7309122681617737,0.13153907656669617
外卖有很多不同的公司。,"{'外卖公司不同,他们的外卖员也不一样。', 'S006480_P0009_T00'}","(766, 766)","[117, 508]",44.44444444444444,10.458938416503242,28.005601680560204,0.0,0.0,0.0,0.0,0.0,37.27488482472667,11.043153244950044,78.62095236778259,67.20945835113525,0.5782629251480103,0.22589123249053955
飞人是没办法超越的。,"{'飞机上有超过五百名乘客。', 'S006484_P0009_T00'}","(767, 767)","[1052, 308]",24.999999999999996,4.011210615999856,0.0,0.0,0.0,0.0,0.0,0.0,26.832844574715665,5.583538741832398,68.28029751777649,64.05550241470337,0.28811684250831604,0.16725291311740875
学校一年一度的歌咏比赛就要开始了。,"{'S006490_P0000_T00', '家里每年的音乐比赛就要开始了。'}","(768, 768)","[869, 107]",58.344887936196514,10.526315789473687,50.52815513370239,0.0,46.89461235471388,0.0,44.03651270896854,0.0,62.017374517338006,11.26426289359205,89.99025821685791,66.47034287452698,0.6577350497245789,0.08045583963394165
今天你复印好三张表格纸。,"{'一张表格已经复印完了。', 'S006493_P0009_T00'}","(769, 769)","[23, 730]",49.80549361539612,4.545454545454546,36.936742639955355,0.0,24.010311086019993,0.0,0.0,0.0,34.651847008785644,5.055979462242698,78.64614129066467,64.88066911697388,0.528275728225708,0.1584908813238144
玻璃制作碗很古老。,"{'S006499_P0009_T00', '玻璃被做成当初是白色的。'}","(770, 770)","[517, 281]",24.999999999999996,22.727272727272727,15.075567228888186,10.40312973220599,0.0,0.0,0.0,0.0,27.47252747245908,19.30656308898782,78.5679280757904,65.97641110420227,0.24169394373893738,0.017622366547584534
彩票最低二块钱一张。,"{'买彩票和买彩票时不要太低。', 'S006505_P0009_T00'}","(771, 771)","[768, 659]",30.769230769230774,6.666666666666667,16.012815380508716,0.0,0.0,0.0,0.0,0.0,33.65655301838707,7.2681704260173925,72.35381007194519,64.17050361633301,0.19425228238105774,0.03655251860618591
以他的实力，要拿冠军其实很容易。,"{'S006532_P0009_T00', '冠军真的能拿到吗?'}","(772, 772)","[476, 148]",20.41892551270785,21.368332584053444,10.828770520934043,0.0,0.0,0.0,0.0,0.0,13.968911917101511,14.774337178666578,71.44508957862854,68.35967898368835,0.5554402470588684,0.2018045037984848
越是接触，我越是感觉到了他人的性格好。,"{'越是与人接触,我越是亲切,越是上网。', 'S006537_P0009_T00'}","(773, 773)","[297, 261]",47.297973445338265,9.30058576283412,32.44614210393387,0.0,18.39470776642173,0.0,0.0,0.0,43.180206445468194,11.761965762194942,78.2500147819519,67.65469312667847,0.3601561188697815,0.061643294990062714
上海可以说是中国的金融中心。,"{'S006540_P0009_T00', '上海可以说是一个中国的经济妈妈。'}","(774, 774)","[35, 260]",62.50000000000002,7.6923076923076925,54.00617248673218,0.0,47.05180144405144,0.0,39.375553105513404,0.0,66.08187134496782,8.582677165291583,89.33556079864502,65.68999886512756,0.5765083432197571,0.05220130831003189
我一直都觉得搞金融的那些人很神秘。,"{'知道她在金融行业工作,是很多人都想知道的。', 'S006542_P0000_T00'}","(775, 775)","[126, 526]",33.333333333333336,5.263157894736842,12.909944487358057,0.0,0.0,0.0,0.0,0.0,20.60110060667891,5.2631578946868425,74.61630702018738,67.64971613883972,0.3815998435020447,0.1961439698934555
我们在这发现了比较脏的河。,"{'他在发现河里的河水很旧。', 'S006564_P0009_T00'}","(776, 776)","[1067, 458]",46.00222073146616,5.555555555555555,27.74038285261487,0.0,0.0,0.0,0.0,0.0,47.84713375792024,5.84206285247798,79.4085144996643,64.79178071022034,0.3816029131412506,0.09036298096179962
我越是学习，越是发现自己的聪明。,"{'S006565_P0009_T00', '越是读书,你越是聪明,你越是聪明。'}","(777, 777)","[78, 859]",41.1764705882353,15.688407624754868,32.0844473959874,0.0,19.00345744840514,0.0,0.0,0.0,42.34654234648664,11.043153244950044,80.39532899856567,67.66039729118347,0.5327820181846619,0.23072803020477295
老人们都很相信迷信。,"{'老人会迷信很多。', 'S006575_P0000_T00'}","(778, 778)","[382, 99]",58.410058730355345,7.6923076923076925,36.05147093430546,0.0,0.0,0.0,0.0,0.0,54.2328042327787,8.582677165291583,86.18634939193726,70.14867067337036,0.7361993789672852,0.20462742447853088
快把电源插上。,"{'S006584_P0009_T00', '快马加鞭,要及时把事情固定下来。'}","(779, 779)","[12, 617]",18.75,12.195121951219512,0.0,5.521576303742327,0.0,0.0,0.0,0.0,20.612750619456495,13.637546424364325,75.71802735328674,65.1407539844513,0.3472554683685303,0.13268503546714783
还有其他症状吗，比如说恶心，呕吐，腹泻？,"{'上网情况外在异国他乡,异想天开,有千丝万缕的想像力。', 'S006640_P0009_T00'}","(780, 780)","[93, 192]",7.6923076923076925,6.666666666666667,0.0,0.0,0.0,0.0,0.0,0.0,4.207069127239108,7.352316192026377,59.52579379081726,66.34300351142883,0.06103204935789108,0.19940388202667236
同学在运动会上取得了第一名的好成绩。,"{'S006667_P0009_T00', '运动会把第一名的成绩拿出来了。'}","(781, 781)","[333, 911]",60.04025522571868,5.555555555555555,45.89902117347861,0.0,34.143545604676255,0.0,22.828187338648245,0.0,59.62854349948119,6.040485829913165,81.92840814590454,72.61860370635986,0.43322253227233887,0.2272953987121582
小程序不用下载，可以直接使用，非常方便。,"{'S006674_P0009_T00', '这个小程序不熟悉,可以一直运行很方便。'}","(782, 782)","[621, 548]",49.9331305271809,16.666666666666668,39.737905061643275,12.309149097933275,29.79030078834811,0.0,19.89810734515353,0.0,51.21475200210891,16.666666666616667,81.83173537254333,71.79998755455017,0.41567540168762207,0.24300825595855713
医生给我开的处方里是专门治感冒的药。,"{'医生给我的处方是专门用于感冒的药。', 'S006677_P0000_T00'}","(783, 783)","[933, 280]",83.19468916366542,13.636363636363638,73.43629975025624,0.0,61.909962290491066,0.0,46.79312241729446,0.0,85.57468590037477,14.479922316725293,92.70243048667908,65.47744870185852,0.8246958255767822,0.1955898404121399
我已经忍受不了这种乏味的生活了。,"{'我无法忍受这种乏味的生活。', 'S006686_P0009_T00'}","(784, 784)","[1015, 460]",67.17807104613435,11.76470588235294,55.77778448033851,0.0,48.24207858802615,0.0,43.45392953927627,0.0,74.28889242012214,11.764705882302941,90.99676609039307,64.49260711669922,0.8923418521881104,0.042338594794273376
还好我发现的及时，不然就倒霉了。,"{'我发现我及时不承认倒霉。', 'S006694_P0000_T00'}","(785, 785)","[1158, 362]",53.73984829303417,4.999999999999999,37.41962728906481,0.0,21.568073882390955,0.0,0.0,0.0,61.81318681316811,5.510367739664311,78.69411110877991,65.74521064758301,0.5471234917640686,0.11905223876237869
他在街上徘徊着，脸上露出茫然的神色。,"{'他在车站里表情很茫然。', 'S006699_P0000_T00'}","(786, 786)","[777, 403]",24.05515188636592,5.546312610911029,15.956382616417136,0.0,0.0,0.0,0.0,0.0,31.062404020660207,5.704979059983886,79.44674491882324,69.82106566429138,0.5632014274597168,0.2799522280693054
他只会吹牛，一旦真要做事的时候他就一脸茫然了。,"{'S006700_P0000_T00', '你会说起这么大口诀,但其实做起来却徒劳无益,他感到很茫然。'}","(787, 787)","[1162, 375]",20.68965517241379,8.300915602566024,8.59602382591879,0.0,0.0,0.0,0.0,0.0,22.486048801771574,8.662961752165838,71.41127586364746,62.992167472839355,0.40739959478378296,0.10014722496271133
按照国家的规定，学生每学期都要缴纳学杂费。,"{'按照学校的规定,每个晚饭都要付钱。', 'S006715_P0009_T00'}","(788, 788)","[712, 931]",46.49049194008811,5.882352941176471,30.308092687487676,0.0,16.915298749959973,0.0,0.0,0.0,46.35247636514883,6.55795817079941,86.11112236976624,71.86801433563232,0.4631718397140503,0.16336984932422638
等到我长大了，一定报名入伍，到前线去做护士。,"{'我长大了,要报名战争,前线是护士。', 'S006748_P0009_T00'}","(789, 789)","[255, 519]",48.218099924401656,13.636363636363638,39.64854362781806,8.058229640253805,28.61433129747063,0.0,18.791968428521997,0.0,54.64301780089074,15.251070455363744,80.54317831993103,67.44202375411987,0.5214248299598694,0.12023594975471497
我们应该在体育课上教授不受伤的方法。,"{'S006754_P0000_T00', '我们应该给运动员上课,不接受受伤的办法。'}","(790, 790)","[142, 884]",59.999999999999986,0.0,43.5285750066007,0.0,31.608160102348876,0.0,20.76047003130265,0.0,57.57663389236399,0.0,84.12549495697021,68.66855025291443,0.6144881248474121,0.11977635324001312
我们的老师非常细心，时刻关注同学们情绪上的细微变化。,"{'S006761_P0009_T00', '我们老师仔仔细细地挑选了人才,弄巧成拙,弄得同学们心里总是变化无常。'}","(791, 791)","[1038, 1121]",41.1764705882353,2.216063167246677,24.977708421782108,0.0,12.492568369235178,0.0,0.0,0.0,35.428973277006634,6.657190239289281,76.25116109848022,69.77572441101074,0.369517982006073,0.14002391695976257
银行卡限于本人使用，不得出租或转借。,"{'银行卡和身份证一样是身份证,身份证比身份证更重要。', 'S006770_P0009_T00'}","(792, 792)","[105, 16]",15.999999999999998,6.250000000000001,11.547005383792511,0.0,8.338161453378323,0.0,0.0,0.0,17.691196346111678,6.985871271517577,69.41962838172913,64.02894258499146,0.4223443865776062,0.09741757810115814
买卖或出租共有财产，是否愿意签字？,"{'S006772_P0000_T00', '不签字的生意是经商、出租、买卖。'}","(793, 793)","[826, 1022]",46.97065314067378,11.309868932179763,29.706849422054088,0.0,0.0,0.0,0.0,0.0,12.099012098968444,12.883263009824592,74.34824109077454,68.16193461418152,0.4327683448791504,0.19425621628761292
这种传染病是通过空气传播，你要注意预防。,"{'这种传染病通过空气、水、衣服、衣服等途径传染,你应采取有力措施。', 'S006779_P0000_T00'}","(794, 794)","[299, 526]",37.5,19.999999999999996,29.0993847623689,9.12870929175277,24.16603802506426,0.0,19.547215688069816,0.0,41.91522762944536,13.156022060063568,82.08233714103699,69.62440013885498,0.6711654663085938,0.4797661304473877
二十年后，他在政府的帮助下终于定居下来。,"{'两年之后,政府帮助他终于定居下来。', 'S006813_P0000_T00'}","(795, 795)","[834, 306]",69.03016502307057,11.309868932179763,53.78787124731947,0.0,43.23834727304945,0.0,37.30136737077252,0.0,69.364206613458,12.883263009824592,88.14259171485901,63.80939483642578,0.7270010113716125,0.14332018792629242
医护人员都穿着雪白的衣服。,"{'医生没穿衣服,医生没力量。', 'S006819_P0007_T00'}","(796, 796)","[813, 795]",38.46153846153847,3.678794411714424,17.90287185098582,0.0,0.0,0.0,0.0,0.0,38.46153846148846,5.555555555562963,75.27741193771362,64.1439437866211,0.4511563181877136,0.17863282561302185
维持现状依然是不够的，必须有所突破。,"{'S006835_P0000_T00', '一个老是老是老是老是抱怨不够的,就要破坏。'}","(797, 797)","[50, 769]",28.57142857142857,7.142857142857142,16.90308509457033,0.0,11.456697640675745,0.0,0.0,0.0,30.411449016037423,7.602862253962289,72.00821042060852,67.22326874732971,0.25550007820129395,0.09364228695631027
维持现状依然是不够的，必须有所突破。,"{'S006835_P0003_T00', '总是抱怨是不够的,还应当破坏。'}","(798, 798)","[786, 12]",32.749230123119276,1.6160779348012537,23.969982049620302,0.0,19.342876317910285,0.0,14.906674059356048,0.0,35.777126099676686,3.603826197461943,78.8382887840271,67.40278005599976,0.44603806734085083,0.0694899931550026
存折丢了的话要马上去银行补办。,"{'S006854_P0007_T00', '银行存折丢了,快去银行补办事情。'}","(799, 799)","[376, 939]",62.50000000000002,0.0,54.00617248673218,0.0,47.05180144405144,0.0,39.375553105513404,0.0,64.3822781420936,0.0,83.18455815315247,69.16241645812988,0.7342996597290039,0.0772300511598587
被抬上担架时，他已经昏迷了。,"{'S006868_P0000_T00', '躺在担架上昏迷不醒。'}","(800, 800)","[721, 652]",40.21920276213835,3.8461538461538467,24.476627330774733,0.0,0.0,0.0,0.0,0.0,39.52991452990063,4.300510715413424,80.34563660621643,66.51448011398315,0.6174532771110535,0.09166327118873596
被抬上担架时，他已经昏迷了。,"{'S006868_P0007_T00', '他在担架上昏迷不醒。'}","(801, 801)","[122, 153]",46.92240322249477,9.523809523809524,26.43777915038567,0.0,0.0,0.0,0.0,0.0,39.52991452990063,10.611782477279894,82.12503790855408,68.4381902217865,0.610207736492157,0.04900914430618286
工人们在工作中提高自己的技术。,"{'工人们在技术上孜孜不倦地钻研着,孜孜不倦地钻研着。', 'S006873_P0003_T00'}","(802, 802)","[844, 811]",27.999999999999996,9.30627225044365,21.602468994692863,0.0,15.950329051158137,0.0,11.6539074539151,0.0,31.31578947361734,11.094564408029663,76.44539475440979,63.454192876815796,0.6856204867362976,0.08528707921504974
他只知道重复他人的想法，一点没有自己的主张。,"{'S006875_P0007_T00', '懂得建设社会主义,别人才不会以为自己是正确的。'}","(803, 803)","[859, 238]",26.08695652173913,4.166666666666667,10.889310129609417,0.0,0.0,0.0,0.0,0.0,22.200306815637173,4.642857142788081,75.07694959640503,64.05804753303528,0.2930442690849304,0.2660864293575287
他将来想成为科学家。,"{'S006883_P0003_T00', '我以后想做科学家。'}","(804, 804)","[252, 12]",49.71329537857609,8.214190835718739,40.84363993014519,0.0,34.93885193825986,0.0,28.24099048856542,0.0,52.34239444761888,7.451508789524225,89.44311141967773,65.18412232398987,0.8301318287849426,0.1212853193283081
我们的校园又整洁又漂亮。,"{'S006904_P0000_T00', '我们校园的校园很干净。'}","(805, 805)","[577, 479]",49.80549361539612,7.667036788577693,36.936742639955355,0.0,24.010311086019993,0.0,0.0,0.0,51.97777051319886,7.974522292952097,86.83873414993286,67.78398752212524,0.6140584945678711,0.08247507363557816
我们的校园又整洁又漂亮。,"{'S006904_P0003_T00', '我们校园里很干净。'}","(806, 806)","[856, 514]",39.807295031877175,0.0,26.703545307500104,0.0,0.0,0.0,0.0,0.0,45.78754578752709,0.0,84.73284840583801,63.194847106933594,0.5552112460136414,0.07190251350402832
猫被背后的小鸟惊吓。,"{'S006946_P0007_T00', '你小猫受了惊吓。'}","(807, 807)","[253, 928]",48.67504894196282,4.0,32.91033976993491,0.0,24.134962057056406,0.0,0.0,0.0,43.386243386217856,4.3169866698852735,80.53261041641235,68.31586956977844,0.5202556848526001,0.13161781430244446
你看她受了那么大的委屈都没说，你还有什么不平呢？,"{'S006967_P0000_T00', '看他受了大委屈,无可奈何地无可奈何地无可奈何地无地自容地否定了自己的委屈。'}","(808, 808)","[926, 104]",18.918918918918923,5.104731378176962,12.556180058348067,0.0,7.665650392945619,0.0,0.0,0.0,21.11605688843417,6.98445595855229,68.91543865203857,64.11072015762329,0.4555519223213196,0.18634265661239624
老师批评小明后，小明感到委屈，就立即找人倾诉。,"{'S006968_P0003_T00', '经过老师的批评,小明感到怀疑,诉说了自己的委屈。'}","(809, 809)","[404, 120]",49.99999999999999,6.107097367830394,36.11575592573077,0.0,22.80343355869184,0.0,15.415064977510763,0.0,46.76618829589451,6.753535674531798,79.01068925857544,61.19130253791809,0.7222339510917664,0.15404081344604492
老师批评小明后，小明感到委屈，就立即找人倾诉。,"{'S006968_P0007_T00', '被老师批评后,小明感觉很委屈,需要找人倾诉。'}","(810, 810)","[1062, 973]",65.15202520011029,16.666666666666668,54.448257228327776,0.0,43.96592227514848,0.0,33.650683488592314,0.0,66.6009204470289,17.32592350435528,87.3421311378479,66.31202101707458,0.7992990612983704,0.1983225792646408
以前还有一家店铺在出租，现在却找不到了。,"{'以前有一家店出租,现在找不到了。', 'S006990_P0000_T00'}","(811, 811)","[700, 692]",73.01257341294418,9.090909090909093,61.56960795070859,6.579516949597691,47.242590989004206,0.0,37.102344332898525,0.0,81.34920634918082,10.155316606861138,93.83050203323364,71.700918674469,0.8280735015869141,0.21687619388103485
以前还有一家店铺在出租，现在却找不到了。,"{'以前有店出租,现在找不到了。', 'S006990_P0007_T00'}","(812, 812)","[565, 578]",60.490769627883715,4.9548732078853215,46.06369751099826,0.0,32.57195287655277,0.0,25.293598725996755,0.0,72.11466865225901,6.597786751990295,90.87561368942261,65.4653787612915,0.8045019507408142,0.12943623960018158
我自愿加入组织。,"{'S006995_P0007_T00', '我自愿参加这个组织。'}","(813, 813)","[242, 96]",70.00000000000003,5.236249217872195,55.777335102271685,0.0,42.68597216624981,0.0,0.0,0.0,75.92592592585959,6.140241624097636,92.45845675468445,66.51133298873901,0.82546067237854,0.2374480813741684
很多地铁站的装修都很有特色。,"{'S007039_P0007_T00', '地铁站有自己的特色。'}","(814, 814)","[839, 58]",53.62560368285113,11.112273310225769,39.9701650564394,0.0,29.915621727790242,0.0,0.0,0.0,55.34188034186644,8.414138254592384,83.7993860244751,64.48416113853455,0.6932262778282166,0.04617854207754135
封面设计是一种艺术设计。,"{'S007042_P0000_T00', '封面设计是艺术设计。'}","(815, 815)","[137, 209]",81.87307530779823,11.530253528648418,77.19067566232133,0.0,71.52271917677635,0.0,64.32188699036833,0.0,89.4428152492368,12.668146793754733,86.17193102836609,67.01753735542297,0.9030569791793823,0.13791102170944214
封面设计是一种艺术设计。,"{'封面设计是艺术设计。', 'S007042_P0003_T00'}","(816, 816)","[864, 100]",81.87307530779823,6.650448426457306,77.19067566232133,0.0,71.52271917677635,0.0,64.32188699036833,0.0,89.4428152492368,6.880209184464527,86.17193102836609,64.64394330978394,0.9030569791793823,0.1142992377281189
签合同的时候要写下日期，避免无效。,"{'护照要写日期,以防签字不效果。', 'S007053_P0000_T00'}","(817, 817)","[1014, 578]",40.841421555337554,3.6770734578938282,22.596877931322712,0.0,0.0,0.0,0.0,0.0,37.21042471038822,6.644088829151033,77.62843370437622,66.28429293632507,0.5605915784835815,0.24357622861862183
签合同的时候要写下日期，避免无效。,"{'S007053_P0007_T00', '合同要写日期,以防白内障。'}","(818, 818)","[478, 1006]",39.58454126262917,4.761904761904762,26.972318343234708,0.0,0.0,0.0,0.0,0.0,45.09142053443781,5.306122448910529,76.70584321022034,63.75579833984375,0.6350681781768799,0.15816521644592285
北京的名片是什么？是人民大会堂。,"{'S007055_P0000_T00', '名片是什么?北京的首都最盛大的会议馆。'}","(819, 819)","[899, 745]",57.89473684210525,0.0,43.92976851069795,0.0,35.67601187511397,0.0,27.447938256311044,0.0,45.05705157455965,0.0,82.29557871818542,62.38347291946411,0.6680663228034973,0.0723687931895256
北京的名片是什么？是人民大会堂。,"{'北京名片是什么?北京名片是人民大会议室。', 'S007055_P0003_T00'}","(820, 820)","[416, 427]",64.99999999999999,13.333333333333334,55.48826333938604,0.0,46.819525016399616,0.0,39.42058093215872,0.0,70.50264550257916,14.704632384121577,88.3979082107544,68.67508292198181,0.7122713327407837,0.12735967338085175
两对夫妻组团一起去美国旅游。,"{'两个对夫妻组团去美国旅游。', 'S007057_P0003_T00'}","(821, 821)","[712, 225]",85.47333033621375,11.76470588235294,77.04461880297264,0.0,70.45755518815844,0.0,63.436083375358535,0.0,88.64602307221037,12.099012098956397,94.26657557487488,72.44526147842407,0.8523443937301636,0.42446208000183105
两对夫妻组团一起去美国旅游。,"{'S007057_P0007_T00', '两个人对结婚组团去美国旅游。'}","(822, 822)","[844, 1086]",71.42857142857146,6.650448426457306,57.416925176321456,0.0,47.898237810429386,0.0,41.60751652217844,0.0,71.42857142852144,6.880209184464527,88.8106107711792,67.06696152687073,0.650640070438385,0.10917618125677109
工厂急招几名技术熟练的工人。,"{'S007065_P0003_T00', '工厂急招了几位熟练的技术工人。'}","(823, 823)","[282, 429]",86.6666666666667,5.882352941176471,70.37315505489974,0.0,53.412580601946516,0.0,33.56891925037241,0.0,75.68230102952357,6.5663036514367725,94.87323760986328,66.01795554161072,0.9131947755813599,0.3171204924583435
为了招待好远亲哥哥，妈妈做了一桌菜。,"{'为了招待远亲亲戚,妈妈哥哥做了一个大餐。', 'S007067_P0003_T00'}","(824, 824)","[1022, 815]",70.00000000000003,5.882352941176471,54.2896714030637,0.0,36.623602237200515,0.0,23.185078121230163,0.0,62.81087333712975,6.520102394148532,91.59837365150452,66.17047786712646,0.7041456699371338,0.15180720388889313
为了招待好远亲哥哥，妈妈做了一桌菜。,"{'为了招待远亲堂兄弟,哥哥在中餐做了局部的钱。', 'S007067_P0007_T00'}","(825, 825)","[973, 260]",49.99999999999999,7.122777528017815,37.79644730092272,0.0,24.264275032025868,0.0,16.559113761114784,0.0,53.93203883488612,7.387168589312195,85.9523594379425,68.84772777557373,0.37746143341064453,0.20611253380775452
他永远是我们学习的好榜样。,"{'S007072_P0007_T00', '王师傅是我们学习的好榜样。'}","(826, 826)","[98, 534]",76.92307692307693,18.18181818181818,75.95545253127499,0.0,74.86377759323335,0.0,73.61703354503862,0.0,76.92307692302693,18.961818961760375,90.48413038253784,74.29272532463074,0.7210390567779541,0.17036963999271393
孩子被打针后，变得安静下来。,"{'S007080_P0000_T00', '打针后,他变得安静下来。'}","(827, 827)","[1016, 417]",70.5401437408845,3.6626392866284823,65.8985129079368,0.0,60.41897525347192,0.0,53.67088830805399,0.0,76.02862254021723,5.30589123867667,91.0313367843628,63.97155523300171,0.7946443557739258,0.33139729499816895
孩子被打针后，变得安静下来。,"{'打针后,他变得安静下来。', 'S007080_P0003_T00'}","(828, 828)","[42, 407]",70.5401437408845,4.033700871483995,65.8985129079368,0.0,60.41897525347192,0.0,53.67088830805399,0.0,76.02862254021723,5.077658303460485,91.0313367843628,63.06432485580444,0.7946443557739258,0.1044144332408905
你按下查询，就出现结果。,"{'S007088_P0007_T00', '按下此键之后,机器会开始运行。'}","(829, 829)","[651, 10]",19.999999999999996,5.991052854896288,11.952286093343934,0.0,0.0,0.0,0.0,0.0,21.693121693055346,8.274785323969294,73.34743142127991,64.59879279136658,0.6739744544029236,0.1626078188419342
我做梦时发现你追我。,"{'我做梦的时候发现你正在追求我。', 'S007118_P0003_T00'}","(830, 830)","[488, 635]",66.66666666666669,7.862569432856666,48.795003647426675,0.0,33.2107832073891,0.0,0.0,0.0,74.28571428564523,9.932319592169945,90.23625254631042,68.78283619880676,0.876258134841919,0.3045791983604431
我是没有男人要的，你别乱说。,"{'S007120_P0000_T00', '我是没有男朋友的,你不要乱说。'}","(831, 831)","[734, 466]",73.33333333333334,16.10308485161327,56.0611910581388,13.644442438337578,45.90011355264139,10.52483754605211,35.630548449868954,0.0,68.80209184501629,18.190298507440197,89.06269073486328,69.20627355575562,0.7530796527862549,0.19540287554264069
你喜欢吃油怎么还吃不胖。,"{'你喜欢吃油腻的食物,还是吃饱饭吧。', 'S007121_P0000_T00'}","(832, 832)","[322, 1158]",47.058823529411775,4.545454545454546,34.29971702850177,0.0,28.655216231663623,0.0,24.07843507482262,0.0,52.16081915367271,4.826640772200247,82.7390730381012,61.610668897628784,0.45208537578582764,0.14496251940727234
你喜欢吃油怎么还吃不胖。,"{'S007121_P0007_T00', '你喜欢吃油腻的食物,不喜欢吃饱饭。'}","(833, 833)","[203, 374]",47.058823529411775,0.0,34.29971702850177,0.0,28.655216231663623,0.0,24.07843507482262,0.0,45.64071675945496,0.0,83.01694989204407,64.56969380378723,0.45743072032928467,0.09076323360204697
严重感冒时应该及时就医。,"{'你感冒严重,要及时去医院。', 'S007123_P0000_T00'}","(834, 834)","[225, 54]",61.538461538461554,16.374615061559634,39.223227027636796,0.0,0.0,0.0,0.0,0.0,47.84713375790443,11.92570869987219,80.06666302680969,69.43649649620056,0.8274180293083191,0.18117311596870422
随着中国经济的发展，工资提升了。,"{'S007126_P0000_T00', '我国经济飞跃式地发展,劳动者的工资也跟着涨。'}","(835, 835)","[341, 1155]",45.45454545454545,4.761904761904762,29.424494316824994,0.0,16.297813360438468,0.0,0.0,0.0,40.15192620720182,5.323791237495526,78.7033200263977,67.78199076652527,0.7605964541435242,0.06622590124607086
随着中国经济的发展，工资提升了。,"{'S007126_P0003_T00', '国家经济建设蓬勃发展,工资水平也跟着涨。'}","(836, 836)","[65, 1172]",44.99999999999999,11.103100550345275,26.655699499159155,0.0,0.0,0.0,0.0,0.0,43.386243386177036,11.31270297104812,78.23729515075684,66.47388935089111,0.7959546446800232,0.1453394889831543
他的膝关节手术非常成功。,"{'腿关节手术成功了。', 'S007133_P0003_T00'}","(837, 837)","[4, 740]",55.73021304462805,13.636363636363638,44.68357785105387,0.0,34.44723249289506,0.0,26.432408210372945,0.0,64.10256410254541,13.636363636313636,86.61509156227112,64.00379538536072,0.7013882994651794,0.17392396926879883
他的膝关节手术非常成功。,"{'S007133_P0007_T00', '他的腿关节手术成功了。'}","(838, 838)","[809, 166]",74.70824042309421,12.500000000000002,58.40211804485979,0.0,41.05705442931901,0.0,29.81247384881109,0.0,77.96665576981866,13.416422287325636,91.85048937797546,68.74691247940063,0.7582340836524963,0.13475191593170166
广告公司可以充分发挥自己在绘画和美术装潢上的技术。,"{'这个广告公司向观众展示了他们的画画技术。', 'S007137_P0003_T00'}","(839, 839)","[420, 1159]",35.046035238213214,4.848562973820922,26.800372978094174,0.0,21.046777108644534,0.0,14.375851100606985,0.0,34.70899470896918,5.8524734982232,79.18965220451355,64.23686146736145,0.5276769995689392,0.0980595201253891
用核磁共振的方法确定机器表面。,"{'S007140_P0000_T00', '核磁共振成像仪是用于确定表面的机器。'}","(840, 840)","[98, 189]",72.22222222222223,17.310993243825873,50.48781642974013,0.0,31.702564616533525,0.0,21.468316165048364,0.0,53.66568914949571,20.8402432282925,81.31420612335205,68.07200312614441,0.5681025981903076,0.1346079707145691
用核磁共振的方法确定机器表面。,"{'S007140_P0003_T00', '核磁共振成像仪来确定封面机器。'}","(841, 841)","[1130, 1004]",66.66666666666669,9.523809523809524,48.795003647426675,0.0,33.2107832073891,0.0,23.505204106959603,0.0,59.99999999994999,9.744510746715523,83.88071060180664,66.28385782241821,0.4305539131164551,0.04913753271102905
急诊医院出现很多没有医院保险的人没办法支付昂贵的费用。,"{'发现很多急诊室没有保险,就只好付钱给他们。', 'S007148_P0000_T00'}","(842, 842)","[230, 120]",39.36309630394355,6.191984998215583,27.19396672864648,0.0,14.301089624350555,0.0,0.0,0.0,36.380597014902875,6.608187134467372,77.34363079071045,63.06142210960388,0.5967085361480713,0.18932875990867615
全国人民都对事故中受难者的家属深表哀悼。,"{'家属对这次故障表示委屈。', 'S007154_P0003_T00'}","(843, 843)","[1030, 1031]",25.670855951629598,15.384615384615385,10.946089756698235,0.0,0.0,0.0,0.0,0.0,22.368421052631188,15.949044585929906,72.8211522102356,64.66953158378601,0.5063709616661072,0.05142749845981598
全国人民都对事故中受难者的家属深表哀悼。,"{'事故家属对事故家属表示难过。', 'S007154_P0007_T00'}","(844, 844)","[516, 982]",37.22508900177462,0.0,23.65613120841666,0.0,14.483048867061616,0.0,0.0,0.0,38.830975428133904,0.0,70.56182622909546,65.49093723297119,0.4360206127166748,0.11733561009168625
有的同学沉迷于网络。总是找借口骗家长的钱上网吧。,"{'他爱好电脑,经常在网络上骗取父母的钱。', 'S007160_P0003_T00'}","(845, 845)","[1008, 13]",28.317598348190263,8.897082254631197,15.551165499107169,0.0,0.0,0.0,0.0,0.0,27.18174346078883,9.805825242690437,78.74747514724731,66.3818359375,0.45867908000946045,0.14794643223285675
老师在多年的教学工作中取得了丰富的经验。,"{'S007161_P0000_T00', '老师在教学工作中取得了丰硕的工作经验。'}","(846, 846)","[1092, 1080]",79.89300884348945,11.530253528648418,71.08532560101388,8.46089295634907,63.313836822531236,0.0,54.817268386057926,0.0,81.94360320340107,12.668146793754733,94.31905150413513,70.4396903514862,0.8259057998657227,0.3202289342880249
快递员今天积极工作。,"{'S007167_P0007_T00', '快递员现在积极工作。'}","(847, 847)","[1119, 647]",79.99999999999997,8.686936693348041,73.0296743340221,0.0,64.36595897370862,0.0,52.53819788848316,0.0,79.99999999995,8.880122726231173,91.9256865978241,65.6029999256134,0.8687276244163513,0.06290926039218903
你女儿的房间很漂亮，都是粉色的。,"{'S007175_P0003_T00', '他女儿的房间很漂亮,多少钱?'}","(848, 848)","[473, 1152]",49.53587998572469,10.916410041039759,48.08573410947407,0.0,46.45011700323372,0.0,44.57834303038865,0.0,52.86549707598783,11.92570869987219,85.55563688278198,70.90374231338501,0.39805781841278076,0.10496732592582703
你女儿的房间很漂亮，都是粉色的。,"{'S007175_P0007_T00', '女儿的房间很漂亮,全是粉色的。'}","(849, 849)","[1049, 198]",81.07727203607357,11.942188509563156,77.19788568013335,0.0,72.80910085451242,0.0,67.74546186626391,0.0,83.69696158475132,13.736263736245045,91.60150289535522,70.03142237663269,0.8509138226509094,0.3473924994468689
提高票价是限制客流量的一种方法。,"{'S007192_P0007_T00', '提高流量的方法是为了提高效率。'}","(850, 850)","[515, 255]",56.130419101897054,5.555555555555555,38.73366905367134,0.0,22.101766469598076,0.0,0.0,0.0,51.50582251367647,5.84206285247798,82.55173563957214,63.383376598358154,0.4620997905731201,0.17325206100940704
天黑了，我害怕。,"{'S007211_P0000_T00', '天黑了,晚上我害怕。'}","(851, 851)","[460, 206]",70.00000000000003,10.000000000000002,62.360956446232365,0.0,52.636329980469824,0.0,37.99178428257963,0.0,75.92592592585959,11.094564407972461,93.28163862228394,65.90087413787842,0.7559762597084045,0.1305268555879593
天黑了，我害怕。,"{'S007211_P0007_T00', '我害怕在夜间看书。'}","(852, 852)","[985, 1057]",44.44444444444444,18.195919791379005,33.333333333333336,0.0,25.1315813709718,0.0,0.0,0.0,46.73650282024591,14.85714285713502,77.01218128204346,75.46740174293518,0.28733667731285095,0.20122042298316956
禁不起任何的风吹草动和考验的爱情是不长久的。,"{'考试是考验风力,是爱情的考验。', 'S007218_P0007_T00'}","(853, 853)","[827, 576]",33.444751214563006,8.333333333333332,17.309303215457476,0.0,0.0,0.0,0.0,0.0,30.335876773861774,8.333333333283333,75.2814769744873,68.16262602806091,0.5158849358558655,0.14141839742660522
艺术在于创新，如果只是模仿，艺术还有什么生命力？,"{'创业是艺术,如果没有模仿,就不会有活络的艺术感染力。', 'S007229_P0003_T00'}","(854, 854)","[1154, 458]",46.15384615384615,12.500000000000002,27.174648819470296,0.0,0.0,0.0,0.0,0.0,35.88535031841399,12.499999999949999,79.58293557167053,65.03314971923828,0.5223082304000854,0.028899066150188446
艺术在于创新，如果只是模仿，艺术还有什么生命力？,"{'S007229_P0007_T00', '技术是最重要的发明,模仿和再造,有活络的灵感。'}","(855, 855)","[429, 605]",20.814203653660456,7.397908918248196,9.517598386877953,0.0,0.0,0.0,0.0,0.0,21.25735831629467,9.120345385870996,71.77009582519531,62.911683320999146,0.37921977043151855,0.19492480158805847
我实习的地方没有工资，只有公交车补贴。,"{'S007256_P0003_T00', '我的试工资没有工资,坐公交车补贴有吗?'}","(856, 856)","[663, 788]",63.15789473684212,22.727272727272727,49.55946277833521,10.40312973220599,41.64773822046176,0.0,34.11488281065382,0.0,57.89473684205527,23.23069968350575,81.91859126091003,69.11611557006836,0.47213733196258545,0.2082274705171585
这箱八宝粥都已经过期了。,"{'S007259_P0000_T00', '盒子里的八宝粥已经过期了。'}","(857, 857)","[220, 956]",69.23076923076921,0.0,63.548890930224275,0.0,56.83263035814121,0.0,48.44273237963865,0.0,71.77070063688531,0.0,89.7670328617096,63.743674755096436,0.8202061057090759,0.05186516046524048
越是到了最后的阶段，我们越是不能放松。,"{'S007278_P0000_T00', '到了最后阶段,我们越是这样,越是心灰意冷了。'}","(858, 858)","[882, 796]",59.09090909090908,7.667036788577693,47.44557145911775,0.0,35.57463502208147,0.0,26.237620039358504,0.0,53.09304849482549,7.974522292952097,84.53110456466675,72.76354432106018,0.6352242827415466,0.18830303847789764
越是到了最后的阶段，我们越是不能放松。,"{'S007278_P0007_T00', '到了最后阶段,我们越是这样下去,越是心灰意冷了。'}","(859, 859)","[132, 34]",54.16666666666666,3.273053647890081,43.405736614121544,0.0,32.47709612235543,0.0,23.89932131933397,0.0,49.83319634475748,5.510367739727687,83.81280899047852,68.35513114929199,0.6173525452613831,0.11070287972688675
领导迟到三十分钟，会议推迟开始。,"{'人总是迟到,会迟到,会议马上就要开始了。', 'S007293_P0000_T00'}","(860, 860)","[287, 999]",40.0,6.9934522793850435,25.131234497501726,0.0,0.0,0.0,0.0,0.0,37.96296296289662,9.3191694833426,71.76327109336853,69.24519538879395,0.496262788772583,0.09249316155910492
领导迟到三十分钟，会议推迟开始。,"{'领导迟到了十分钟,会议就要开始了。', 'S007293_P0003_T00'}","(861, 861)","[122, 670]",70.58823529411764,4.761904761904762,55.57189302262111,0.0,39.52878442048272,0.0,25.772294506990857,0.0,72.5940725940169,5.323791237495526,90.45028686523438,65.95494747161865,0.7631188035011292,0.07653864473104477
我将分别介绍这几位同事。,"{'我分别介绍了几个同事。', 'S007300_P0000_T00'}","(862, 862)","[651, 1088]",74.70824042309421,6.666666666666667,58.40211804485979,0.0,46.99859496252885,0.0,32.99292579001791,0.0,77.96665576981866,7.071069633821655,91.513991355896,66.16215705871582,0.7807636857032776,0.13556259870529175
我将分别介绍这几位同事。,"{'S007300_P0003_T00', '我买了几个介绍人,同时是同事。'}","(863, 863)","[231, 390]",46.66666666666667,8.333333333333332,31.62277660168379,0.0,19.740230337485706,0.0,0.0,0.0,43.386243386177036,9.1203453858109,78.90325784683228,65.60736298561096,0.4272342324256897,0.15407545864582062
安装了两万部。,"{'S007307_P0003_T00', '安装、调试、维修都需要天赋。'}","(864, 864)","[733, 1064]",21.42857142857143,21.052631578947366,12.838814775327391,10.814761408717501,0.0,0.0,0.0,0.0,23.809523809464547,17.40081224610433,70.64322829246521,68.47429275512695,0.13622552156448364,0.14690659940242767
有的人用死牛代替活牛卖。,"{'S007321_P0007_T00', '人活在世上,用死牛代替活牛,是不可取的。'}","(865, 865)","[630, 435]",49.99999999999999,16.666666666666668,39.735970711951325,0.0,35.265906439974906,0.0,31.872714733206724,0.0,50.32894736835418,17.88856304978898,79.7544538974762,65.13227224349976,0.5124297738075256,0.1306988149881363
由于堵车严重，爸爸只好改道行驶。,"{'因为堵车,爸爸勉强忍受不了,勉强自己改变主意。', 'S007325_P0000_T00'}","(866, 866)","[1077, 37]",26.08695652173913,3.7908166232039595,15.399810070180363,0.0,0.0,0.0,0.0,0.0,28.961446227564032,4.642857142849306,77.4523913860321,65.06578922271729,0.5301393270492554,0.11089529097080231
由于堵车严重，爸爸只好改道行驶。,"{'S007325_P0003_T00', '路上堵车,爸爸经常改行打车。'}","(867, 867)","[862, 784]",43.34389498750908,17.310993243825873,24.04286705473701,0.0,0.0,0.0,0.0,0.0,46.25730994148491,20.8402432282925,81.20616674423218,71.13893628120422,0.673507571220398,0.14900675415992737
这块石头是自然形成的。,"{'他喜欢是自然的。', 'S007336_P0000_T00'}","(868, 868)","[922, 36]",42.95557992443578,9.553750807650523,35.57059954491716,0.0,24.381302145736957,0.0,0.0,0.0,50.1899077590728,10.989010988992296,77.17816233634949,62.137240171432495,0.25860926508903503,0.030399255454540253
男朋友买了一个大型娃娃送给我，作为生日礼物。,"{'我男朋友买了大长大的娃娃作为生日礼物。', 'S007337_P0003_T00'}","(869, 869)","[1007, 755]",71.91070868408717,8.314353792100524,61.25907968133965,0.0,53.227540147421095,0.0,46.877766433299385,0.0,72.39961158390379,10.647582475124185,88.62202763557434,64.51287865638733,0.7769625186920166,0.10515616834163666
男朋友买了一个大型娃娃送给我，作为生日礼物。,"{'S007337_P0007_T00', '我男朋友怎么办做高娃娃作为生日礼物?'}","(870, 870)","[1123, 940]",53.38249352778721,0.0,44.85026551362875,0.0,36.92241147290353,0.0,29.963847019163097,0.0,53.932038834923446,0.0,79.52226996421814,62.13073134422302,0.5169802904129028,0.08143788576126099
我有一些同事工作上喜欢浑水摸鱼。,"{'当我们工作在粗心大意的时候,有的人总是想浑水摸鱼,想给自己做个好事。', 'S007350_P0000_T00'}","(871, 871)","[361, 525]",29.411764705882355,2.725317930340127,18.881372801234022,0.0,13.061179076112758,0.0,9.207598308796069,0.0,26.027649769529067,4.777094250788363,75.86548328399658,63.051289319992065,0.5413507223129272,0.24980714917182922
生命太短，全部用来记仇没有意思。,"{'生来就有明知故犯的道理。', 'S007361_P0003_T00'}","(872, 872)","[4, 183]",23.884377019126312,9.090909090909093,0.0,6.579516949597691,0.0,0.0,0.0,0.0,27.47252747250878,10.167380303553701,69.46290135383606,65.52912592887878,0.4046452045440674,0.04387196898460388
这个视频拍下了你作弊的行为。,"{'这个意见是作弊的行为。', 'S007362_P0000_T00'}","(873, 873)","[667, 1024]",55.36730085068171,4.166666666666667,50.28984840779665,0.0,44.06678788590734,0.0,39.5348755325422,0.0,62.23312883433224,4.616534130261175,83.18150639533997,66.76415801048279,0.419328510761261,0.15032972395420074
这笔钱是预留金，租完之后我们会退给你。,"{'留下来收银台后,会做收银员。', 'S007372_P0000_T00'}","(874, 874)","[643, 484]",19.99064392500372,7.40818220681718,0.0,0.0,0.0,0.0,0.0,0.0,23.20108299488052,8.414138254592384,69.89861726760864,69.50968503952026,0.20984143018722534,0.16633839905261993
这笔钱是预留金，租完之后我们会退给你。,"{'S007372_P0007_T00', '留下来收租后,他摔跤了。'}","(875, 875)","[1163, 1074]",18.60117152566824,8.333333333333332,0.0,0.0,0.0,0.0,0.0,0.0,23.52393152439361,8.810916179275823,70.15315294265747,68.5354471206665,0.18034960329532623,0.02700716257095337
钥匙坏了，拿不出来了。,"{'钥匙坏了,我找不到了。', 'S007384_P0003_T00'}","(876, 876)","[269, 348]",63.63636363636361,9.523809523809524,50.4524979109513,0.0,38.38700926079122,0.0,28.997844147152072,0.0,63.63636363631363,10.541310541241412,89.35300707817078,61.51168942451477,0.695643424987793,0.22264030575752258
工人仔细养护着花草树木。,"{'工人们煞费苦心养护花草,保护好植被。', 'S007387_P0000_T00'}","(877, 877)","[139, 317]",38.888888888888886,11.74266328516845,26.196841599779198,0.0,0.0,0.0,0.0,0.0,43.33333333326427,12.099012098968444,84.33613777160645,69.53797936439514,0.5714740753173828,0.058697476983070374
上海最国际化的建筑物标志是漂亮的老洋房。,"{'S007390_P0003_T00', '上海的空气建设是上海的标志。'}","(878, 878)","[1111, 1137]",41.878225126996426,7.581633246407919,20.48681058174669,0.0,0.0,0.0,0.0,0.0,38.830975428133904,9.28571428570645,77.9598593711853,60.08434295654297,0.28353554010391235,0.03726966679096222
小猫睡觉。,"{'猫在房间里睡觉。', 'S007396_P0000_T00'}","(879, 879)","[883, 124]",49.99999999999999,2.736166620796627,37.79644730092272,0.0,28.768479133239396,0.0,0.0,0.0,55.88697017261648,10.066476733152129,86.68134212493896,64.67942595481873,0.6560713052749634,0.07699230313301086
小猫睡觉。,"{'小猫有睡觉吗?', 'S007396_P0003_T00'}","(880, 880)","[1011, 571]",57.14285714285717,6.666666666666667,43.64357804719849,0.0,0.0,0.0,0.0,0.0,63.247863247794115,7.23104056430755,81.6798746585846,66.16146564483643,0.7809399366378784,0.09275855123996735
厨师发现吃饭的地方有一只老鼠。,"{'厨师发现在地上有老鼠。', 'S007397_P0000_T00'}","(881, 881)","[239, 8]",56.87541232354464,17.391304347826082,44.46155505146823,8.89108448948774,35.78004851918296,0.0,25.117527162201892,0.0,66.17084572884032,14.480723113747393,88.77619504928589,71.98394536972046,0.7130993604660034,0.2202879786491394
厨师发现吃饭的地方有一只老鼠。,"{'厨师发现在厨房里有老鼠。', 'S007397_P0007_T00'}","(882, 882)","[741, 93]",51.92005220476034,17.85714285714286,42.87157212068261,0.0,35.01833430856121,0.0,24.689800508009657,0.0,57.84832451496564,19.96314496307977,87.82987594604492,66.92413687705994,0.8270465135574341,0.2984094023704529
他今年四岁。,"{'S000020_P0004_T00', '他今年三岁。'}","(883, 883)","[1119, 713]",83.33333333333334,13.636363636363638,70.71067811865471,0.0,49.99999999999999,0.0,0.0,0.0,83.33333333328333,9.653281544462772,99.00177717208862,63.96229863166809,0.7575284838676453,0.1693706214427948
今天星期几？,"{'S000040_P0008_T00', '今天星期几号?'}","(884, 884)","[1046, 588]",71.42857142857146,0.0,69.00655593423544,0.0,65.86337560083494,0.0,61.47881529512643,0.0,76.0286225401877,0.0,92.9453194141388,66.41737818717957,0.7803899049758911,0.23664744198322296
今天我想吃面条。,"{'今天我想吃面条。', 'S000054_P0008_T00'}","(885, 885)","[873, 1078]",100.00000000000004,6.319490258171627,100.00000000000004,0.0,100.00000000000004,0.0,100.00000000000004,0.0,99.99999999994999,7.352316192078757,100.00002384185791,67.83310770988464,0.9688627123832703,0.16623437404632568
你和小张什么时候认识的？,"{'S000153_P0000_T00', '你和小张什么时候认识的?'}","(886, 886)","[974, 53]",91.66666666666667,0.0,91.28709291752772,0.0,90.856029641607,0.0,90.36020036098445,0.0,91.66666666661666,0.0,98.94049167633057,65.22765159606934,0.9975435733795166,0.05826881527900696
我要去超市买椅子，你去吗？,"{'S000185_P0004_T00', '我要去超市买椅子,你去吗?'}","(887, 887)","[44, 751]",84.61538461538463,8.695652173913045,79.66275068156918,0.0,73.91603294586487,0.0,67.03420896351791,0.0,84.6153846153346,8.695652173863042,98.20504188537598,66.45854115486145,0.9657182097434998,0.08646705746650696
我要去超市买椅子，你去吗？,"{'我要去超市买椅子,你回来。', 'S000185_P0008_T00'}","(888, 888)","[31, 776]",69.23076923076921,13.333333333333334,63.548890930224275,0.0,60.393681659266534,0.0,57.60844201603898,0.0,69.23076923071922,14.142139267705359,90.48478603363037,66.5370225906372,0.6633008122444153,0.10392695665359497
他们下午要做什么？,"{'S000195_P0004_T00', '下午你做什么?'}","(889, 889)","[877, 728]",53.676949505377586,5.555555555555555,44.909357997437425,0.0,31.179789850805648,0.0,0.0,0.0,60.63432835818647,5.5555555555055545,89.07521963119507,64.58147764205933,0.7430509924888611,0.1656014323234558
他们想什么时候去买椅子？,"{'S000196_P0008_T00', '你们什么时候去买椅子?'}","(890, 890)","[1072, 297]",74.70824042309421,6.250000000000001,69.10231797107848,0.0,66.24262773765221,0.0,63.8194179668201,0.0,77.96665576981866,6.868131868063471,94.39390897750854,61.144351959228516,0.8683192133903503,0.08106078207492828
我每天六点起床。,"{'S000201_P0000_T00', '我每天早上出门旅游时起床。'}","(891, 891)","[932, 978]",46.15384615384615,11.031211282307444,39.223227027636796,0.0,30.355774498248472,0.0,0.0,0.0,51.60575858243518,11.684125705039227,84.06352400779724,66.24523997306824,0.5748138427734375,0.07080942392349243
他每天回来都很累。,"{'S000213_P0004_T00', '他每天来,我很累。'}","(892, 892)","[375, 664]",77.77777777777777,9.79952422944619,62.360956446232365,0.0,48.07498567691362,0.0,0.0,0.0,77.77777777772779,12.416653114324019,88.34474086761475,61.29436492919922,0.5860921144485474,0.08109469711780548
他每天回来都很累。,"{'他每天来的时候很累。', 'S000213_P0008_T00'}","(893, 893)","[776, 714]",70.00000000000003,3.621651737558985,55.777335102271685,0.0,42.68597216624981,0.0,0.0,0.0,73.27935222666127,5.074337427283039,91.09288454055786,62.23743557929993,0.7906699776649475,0.09570933878421783
这块手表是你的吗？,"{'你的手表在哪里?', 'S000218_P0004_T00'}","(894, 894)","[659, 848]",44.12484512922977,6.295853427918729,33.35524767176619,0.0,0.0,0.0,0.0,0.0,23.36825141011578,13.543599257895405,81.31378293037415,68.6680793762207,0.7451645731925964,0.07689264416694641
这块手表是你的吗？,"{'手表太低了。', 'S000218_P0008_T00'}","(895, 895)","[605, 978]",20.21768865708778,3.5714285714285716,15.660554293541518,0.0,0.0,0.0,0.0,0.0,24.761904761896925,3.813764825146632,72.1462607383728,60.26108264923096,0.2711111009120941,0.07525283843278885
这块手表多少钱买的？,"{'S000220_P0000_T00', '你的手表多少钱?'}","(896, 896)","[224, 432]",58.410058730355345,8.36118780364075,50.984479138794235,0.0,46.604099327895234,0.0,42.13952948452608,0.0,54.2328042327787,10.111958924614122,85.39505004882812,67.00299978256226,0.632256269454956,0.3322185277938843
你看见我的杯子吗？,"{'S000224_P0000_T00', '你看见我的杯子了吗?'}","(897, 897)","[134, 836]",79.99999999999997,12.500000000000002,73.0296743340221,0.0,69.33612743506343,0.0,66.06328636027612,0.0,83.7478311161928,12.499999999949999,96.554034948349,71.31361961364746,0.8170346021652222,0.43901973962783813
你看见我的杯子吗？,"{'你看见我的杯子了吗?', 'S000224_P0008_T00'}","(898, 898)","[15, 959]",79.99999999999997,4.4932896411722165,73.0296743340221,0.0,69.33612743506343,0.0,66.06328636027612,0.0,83.7478311161928,6.206088992977879,96.554034948349,64.12752270698547,0.8170346021652222,0.14366953074932098
这里有几个杯子，哪个是你的？,"{'S000225_P0004_T00', '交流是什么?交流什么?'}","(899, 899)","[533, 744]",6.920912606335218,15.384615384615385,0.0,0.0,0.0,0.0,0.0,0.0,7.779141104270902,16.82827650915966,65.79657793045044,70.71727514266968,0.1156376302242279,0.2777876853942871
左边的房间是我爸爸妈妈的，他们的房间很大。,"{'S000230_P0000_T00', '左边那个房间是爸爸妈妈的,这个房间太大了。'}","(900, 900)","[422, 124]",66.66666666666669,13.636363636363638,51.63977794943224,8.058229640253805,38.29055908234227,0.0,28.10335395782486,0.0,66.66666666661666,13.938419810081676,90.43036103248596,69.16095018386841,0.7564855813980103,0.3645072281360626
左边的房间是我爸爸妈妈的，他们的房间很大。,"{'左边那个房间是爸爸妈妈的,那个房间太大了。', 'S000230_P0008_T00'}","(901, 901)","[1041, 749]",66.66666666666669,4.180593901820375,51.63977794943224,0.0,38.29055908234227,0.0,28.10335395782486,0.0,66.66666666661666,5.055979462302202,89.85735774040222,63.12069296836853,0.7489365935325623,0.0870547816157341
微信是谁发的。,"{'微信是谁发的?', 'S000236_P0000_T00'}","(902, 902)","[412, 254]",85.7142857142857,4.180593901820375,84.51542547285166,0.0,82.98265333662431,0.0,80.91067115702207,0.0,85.7142857142357,5.055979462302202,92.80731678009033,64.57163095474243,0.8705866932868958,0.35183006525039673
微信是谁发的。,"{'微信是谁发的?', 'S000236_P0008_T00'}","(903, 903)","[623, 584]",85.7142857142857,4.545454545454546,84.51542547285166,0.0,82.98265333662431,0.0,80.91067115702207,0.0,85.7142857142357,5.0836901517436575,92.80731678009033,63.77248167991638,0.8705866932868958,0.08684533089399338
他是什么时候开始踢足球的？,"{'他什么时候开始踢足球?', 'S000249_P0000_T00'}","(904, 904)","[1101, 804]",75.79571982501638,8.333333333333332,71.10268775888359,0.0,68.95328762339413,0.0,67.28850678464079,0.0,82.19954648522899,9.1203453858109,94.54309344291687,66.59147143363953,0.8664335012435913,0.05025453865528107
他是什么时候开始踢足球的？,"{'他什么时候开始踢足球?', 'S000249_P0008_T00'}","(905, 905)","[99, 1031]",75.79571982501638,16.374615061559634,71.10268775888359,0.0,68.95328762339413,0.0,67.28850678464079,0.0,82.19954648522899,17.888563049823315,94.54309344291687,67.61813759803772,0.8664335012435913,0.23538509011268616
苹果是你买的吗？,"{'S000255_P0000_T00', '苹果是你买的吗?'}","(906, 906)","[405, 1061]",87.50000000000003,5.104731378176962,86.60254037844388,0.0,85.49879733383483,0.0,84.08964152537145,0.0,87.49999999994999,6.98445595855229,98.2805609703064,71.92369103431702,0.9678282141685486,0.15897879004478455
苹果是你买的吗？,"{'S000255_P0008_T00', '苹果是你买的吗?'}","(907, 907)","[541, 62]",87.50000000000003,4.160668262492549,86.60254037844388,0.0,85.49879733383483,0.0,84.08964152537145,0.0,87.49999999994999,7.322670137352811,98.2805609703064,65.07490277290344,0.9678282141685486,0.08916393667459488
晚上我们去饭馆吃饭怎么样？,"{'S000257_P0000_T00', '我们晚上饭店怎么样?'}","(908, 908)","[863, 529]",59.26545765453741,13.333333333333334,44.1738640110603,0.0,26.24122768046807,0.0,0.0,0.0,50.48482952766089,13.760418368958119,88.60015869140625,63.95525932312012,0.6423442959785461,0.05071934312582016
帮我看一下，这件衣服怎么样？,"{'看保险怎么样?', 'S000262_P0004_T00'}","(909, 909)","[61, 34]",21.02168235265386,4.971329537857609,16.05557510272561,0.0,12.37834023040722,0.0,0.0,0.0,31.74603174603915,5.234239444727041,76.70212984085083,65.17617106437683,0.23376265168190002,0.1783425509929657
今天天气有点冷。,"{'今天天气有点冷。', 'S000274_P0000_T00'}","(910, 910)","[1116, 506]",100.00000000000004,7.142857142857142,100.00000000000004,0.0,100.00000000000004,0.0,100.00000000000004,0.0,99.99999999994999,7.387168589297522,100.0,65.20801782608032,0.9747068881988525,0.2570234537124634
我昨天有点累。,"{'S000275_P0004_T00', '我昨天有点累。'}","(911, 911)","[689, 936]",100.00000000000004,9.090909090909093,100.00000000000004,0.0,100.00000000000004,0.0,100.00000000000004,0.0,99.99999999994999,10.167380303553701,100.0,61.10888719558716,0.9655373096466064,0.14228887856006622
这个月我每天游泳。,"{'S000291_P0000_T00', '下个月我每天游泳。'}","(912, 912)","[242, 171]",88.8888888888889,6.107097367830394,88.1917103688197,0.0,87.3580464736299,0.0,86.33400213704509,0.0,88.88888888883888,6.753535674531798,95.1974093914032,71.26896381378174,0.6573412418365479,0.280781090259552
这个月我每天游泳。,"{'每个月我都会去上班。', 'S000291_P0004_T00'}","(913, 913)","[492, 934]",49.99999999999999,4.761904761904762,33.333333333333336,0.0,24.03749283845681,0.0,0.0,0.0,41.87391555806672,4.872255373330438,82.28727579116821,62.9906952381134,0.3406558930873871,0.06273610889911652
不是，他是去见他同学。,"{'不一样,他去见了同学。', 'S000295_P0000_T00'}","(914, 914)","[121, 767]",63.63636363636361,10.000000000000002,43.69314487526513,0.0,27.68182380588132,0.0,0.0,0.0,63.63636363631363,9.99999999995,84.75463390350342,69.6539044380188,0.7060338854789734,0.14358463883399963
不是，他是去见他同学。,"{'S000295_P0008_T00', '不是,他去见同学了。'}","(915, 915)","[1087, 791]",72.38699344287673,6.69076785648738,46.72560334771452,0.0,0.0,0.0,0.0,0.0,75.84727584723602,8.60095976374849,91.80310368537903,66.44424200057983,0.7624367475509644,0.24525529146194458
可以，离这里不远有一个饭馆，走几分钟就到了。,"{'能不远吗?离这里最近的饭店吗?走几分钟就到。', 'S000313_P0004_T00'}","(916, 916)","[572, 1100]",59.09090909090908,6.065306597126336,47.44557145911775,0.0,38.321613888397756,0.0,30.702571862234088,0.0,49.99999999995,7.428571428563592,80.86988925933838,66.60910844802856,0.6101242899894714,0.1570468544960022
可以，离这里不远有一个饭馆，走几分钟就到了。,"{'S000313_P0008_T00', '可以,离这个附近不远的饭店走几分钟就到。'}","(917, 917)","[964, 610]",67.86280635269694,4.3478260869565215,50.84747325124159,0.0,37.32205916680974,0.0,30.184564832451763,0.0,66.36636636632652,4.862182281469824,88.84963393211365,63.46384882926941,0.7689511179924011,0.08709395676851273
公司离家很远，她为什么不打车？,"{'S000317_P0004_T00', '这家公司太远了,他为什么不打车呢?'}","(918, 918)","[145, 459]",58.82352941176469,22.224546620451537,46.96682183138621,0.0,38.891111873282036,0.0,33.50704079514751,0.0,55.81563706557624,25.242414763819788,89.62048292160034,68.50529909133911,0.6147865056991577,0.261191189289093
公司离家很远，她为什么不打车？,"{'这家公司离公司远,为什么不打车?', 'S000317_P0008_T00'}","(919, 919)","[342, 1042]",68.75000000000001,14.285714285714283,56.642151559888106,0.0,48.57063902709546,0.0,40.325042950627804,0.0,64.3822781420936,14.285714285664286,87.78225779533386,65.49314856529236,0.5331580638885498,0.041514910757541656
这件红色的衣服怎么样？这是新的。,"{'S000331_P0004_T00', '那件红色的衣服怎么样?怎么样?新吗?'}","(920, 920)","[827, 473]",55.55555555555555,16.666666666666668,51.13099925649138,0.0,48.54176230267462,0.0,46.24892603869298,0.0,58.42062852532245,16.666666666616667,85.1111650466919,67.86393523216248,0.7311435341835022,0.14974448084831238
这件红色的衣服怎么样？这是新的。,"{'那件红色的衣服怎么样?是不是新?', 'S000331_P0008_T00'}","(921, 921)","[344, 314]",68.75000000000001,5.770331081275291,64.22616289332566,0.0,59.08328752337507,0.0,55.54570250728591,0.0,68.74999999994999,6.9467477427572115,89.61473107337952,69.19403076171875,0.811661422252655,0.23658427596092224
左边这个看手机的女生是你女朋友吗？,"{'那个看电话的女生是你女朋友吗?', 'S000362_P0000_T00'}","(922, 922)","[852, 178]",64.17937672981616,7.124226538110605,60.089974402715974,0.0,55.41375730101556,0.0,52.23711905907878,0.0,68.21911196907547,8.544087491444868,92.7582859992981,64.61681723594666,0.7297635078430176,0.2923017144203186
左边这个看手机的女生是你女朋友吗？,"{'看手机上的女生是你女朋友吗?', 'S000362_P0004_T00'}","(923, 923)","[622, 1146]",69.18152117189051,18.18181818181818,65.53779502796718,0.0,61.368159203797475,0.0,56.478244319608436,0.0,76.00888076267208,13.938419810081676,89.74570035934448,71.21286988258362,0.7659454941749573,0.27851182222366333
你比我早起一个小时。,"{'S000373_P0000_T00', '你比我早上起床一个小时。'}","(924, 924)","[945, 11]",83.33333333333334,2.1227861735537585,72.82190812544194,0.0,64.24382213570759,0.0,54.52469119630866,0.0,89.44281524920247,4.044922432674278,93.02588701248169,64.53147530555725,0.7670355439186096,0.028069280087947845
你比我早起一个小时。,"{'你比我早起床一个小时。', 'S000373_P0008_T00'}","(925, 925)","[49, 85]",90.90909090909088,3.056113178443933,85.28028654224414,0.0,78.56009758726493,0.0,70.16879391277372,0.0,94.80909480903622,4.455167770177922,95.28565406799316,64.82534408569336,0.7499052286148071,0.3326820731163025
下雪了，今天真冷。,"{'S000379_P0004_T00', '下雪了,今天很冷。'}","(926, 926)","[757, 829]",77.77777777777777,6.250000000000001,62.360956446232365,0.0,38.1571414184444,0.0,0.0,0.0,77.77777777772779,6.868131868063471,94.66678500175476,67.31739044189453,0.915895938873291,0.11279990524053574
下雪了，今天真冷。,"{'S000379_P0008_T00', '下雪了,今天很冷。'}","(927, 927)","[565, 960]",77.77777777777777,6.107097367830394,62.360956446232365,0.0,38.1571414184444,0.0,0.0,0.0,77.77777777772779,6.753535674531798,94.66678500175476,67.7989661693573,0.915895938873291,0.06077398359775543
我不认识那个男生。,"{'S000388_P0000_T00', '我还不认识那个男生。'}","(928, 928)","[390, 716]",90.0,9.111615923542011,83.66600265340755,0.0,80.67143230122716,0.0,78.25422900366438,0.0,94.21631000572432,14.739107046808297,97.82907366752625,72.07050919532776,0.82415372133255,0.19613707065582275
时间过得真快，新年快要到了。,"{'S000414_P0004_T00', '时间过得很快,新的一年开始了,新的一年开始了。'}","(929, 929)","[986, 1087]",39.1304347826087,8.18730753077982,26.67325346846322,0.0,18.922894218856708,0.0,13.566979610140004,0.0,43.759640533766785,8.94428152489663,82.93527960777283,72.31538891792297,0.7678214907646179,0.31161922216415405
时间过得真快，新年快要到了。,"{'时间过的太快,快到了。', 'S000414_P0008_T00'}","(930, 930)","[850, 327]",55.36730085068171,3.910974796733545,41.06148928033962,0.0,30.554204205111823,0.0,0.0,0.0,62.23312883433224,4.851370479983608,85.6164038181305,62.693601846694946,0.6389420032501221,0.11980455368757248
那也不能一直上网。,"{'你不能一直上网。', 'S000433_P0000_T00'}","(931, 931)","[1135, 612]",77.21847897615213,11.76470588235294,76.42647363993407,0.0,75.4524238218173,0.0,74.20884818558928,0.0,81.78887993549853,12.403474903414075,91.78860187530518,67.40144491195679,0.7453421950340271,0.11201544106006622
那也不能一直上网。,"{'你不能一直上网。', 'S000433_P0004_T00'}","(932, 932)","[1094, 221]",77.21847897615213,13.30089685291461,76.42647363993407,0.0,75.4524238218173,0.0,74.20884818558928,0.0,81.78887993549853,13.7604183689718,91.78860187530518,66.84843301773071,0.7453421950340271,0.37396305799484253
水果、面包、茶都准备好了，我们还带什么？,"{'水果、面包和茶我们都准备好了,我们还带什么?', 'S000438_P0004_T00'}","(933, 933)","[1013, 292]",77.2727272727273,5.882352941176471,69.16321120039022,0.0,62.07357629842625,0.0,54.483648870506556,0.0,80.58773058767198,5.88235294112647,95.2266275882721,69.87783908843994,0.9196861982345581,0.1438964307308197
水果、面包、茶都准备好了，我们还带什么？,"{'S000438_P0008_T00', '面包、水果和茶我们都准备好了,我们还带什么?'}","(934, 934)","[559, 275]",77.2727272727273,4.848562973820922,66.44986392449891,0.0,56.106872507608756,0.0,46.43186698761531,0.0,71.10682110676252,5.8524734982232,94.36092972755432,67.379629611969,0.882982075214386,0.12327800691127777
这些我昨天下午就准备好了。,"{'S000440_P0000_T00', '你们昨天下午都准备好了吗?'}","(935, 935)","[150, 593]",61.538461538461554,9.405352498784598,55.470019622522905,0.0,48.18678837182909,0.0,38.67706276352344,0.0,61.53846153841154,10.137149672000165,85.80692410469055,66.17319583892822,0.7705731391906738,0.1464238166809082
这些我昨天下午就准备好了。,"{'我昨天下午都准备好了。', 'S000440_P0004_T00'}","(936, 936)","[853, 919]",75.79571982501638,0.0,71.10268775888359,0.0,65.49971060765309,0.0,58.50343668259105,0.0,82.19954648522899,0.0,92.8598701953888,66.41213893890381,0.8459926843643188,0.12368889153003693
你看，我这么胖，怎么办呢？,"{'你看见我越来越胖了,怎么办?', 'S000452_P0004_T00'}","(937, 937)","[320, 30]",49.99999999999999,12.0,33.968311024337865,0.0,21.264518514149504,0.0,0.0,0.0,51.71018012542381,8.567065820075882,84.60137248039246,61.51840686798096,0.8610600829124451,0.15958039462566376
你看，我这么胖，怎么办呢？,"{'看,我越来越胖了,怎么办?', 'S000452_P0008_T00'}","(938, 938)","[449, 1051]",46.15384615384615,6.703200460356395,27.73500981126145,0.0,19.12293963810262,0.0,0.0,0.0,46.15384615379616,7.905982905969005,84.60657596588135,68.79809498786926,0.8607429265975952,0.19462594389915466
但是你一点也没瘦，你做什么运动了？,"{'S000455_P0000_T00', '你虽然瘦了,但是还不太瘦,你做什么运动?'}","(939, 939)","[88, 1124]",55.000000000000014,3.8461538461538467,41.675437673324545,0.0,33.79475287876279,0.0,28.72797668292002,0.0,48.021373809276156,4.215369968743969,86.66319847106934,64.56811428070068,0.7439125180244446,0.08359121531248093
但是你一点也没瘦，你做什么运动了？,"{'你虽然很瘦,但是还很瘦,你做什么运动?', 'S000455_P0008_T00'}","(940, 940)","[544, 369]",52.63157894736842,11.538461538461537,41.88539082916955,0.0,34.56039823003058,0.0,29.660903203497252,0.0,49.69418960238667,12.81613123711462,86.09119653701782,67.58630275726318,0.704812228679657,0.23827220499515533
阴天，电视上说多云，怎么了？明天有事？,"{'天阴了,电视说明天天气怎么样,明天有什么好事?', 'S000460_P0000_T00'}","(941, 941)","[807, 842]",52.173913043478265,1.1626811151332939,30.79962014036073,0.0,16.530670725864674,0.0,0.0,0.0,46.77809313564418,3.926714533309371,80.19580841064453,67.23816990852356,0.6263027787208557,0.08655567467212677
阴天，电视上说多云，怎么了？明天有事？,"{'阴天电视说明天天气怎么样,你明天有什么事情?', 'S000460_P0004_T00'}","(942, 942)","[514, 1129]",49.99999999999999,6.69076785648738,34.50327796711772,0.0,18.123006216714867,0.0,0.0,0.0,53.09304849482549,8.60095976374849,78.82694602012634,63.937920331954956,0.4206925630569458,0.07956312596797943
我不去爬山，我有事。,"{'我不去爬山,我有点事。', 'S000464_P0000_T00'}","(943, 943)","[767, 1150]",81.81818181818183,5.4936719183370295,70.06490497453706,0.0,54.69655075928688,0.0,44.97332084013507,0.0,85.32818532812672,6.520102394204938,95.95450758934021,63.75023126602173,0.8219636678695679,0.21873286366462708
我不去爬山，我有事。,"{'不要去爬山了,我有点事。', 'S000464_P0004_T00'}","(944, 944)","[658, 1156]",66.66666666666669,5.190053731909963,49.23659639173309,0.0,28.941787404774686,0.0,0.0,0.0,71.5542521993491,8.49564857025364,89.15510177612305,66.50935411453247,0.7410087585449219,0.06205661594867706
我记得你已经有两条这样的裤子了。,"{'记得,你有一条裤子吗?', 'S000466_P0000_T00'}","(945, 945)","[833, 1018]",40.39231756892701,5.882352941176471,22.644414325126352,0.0,0.0,0.0,0.0,0.0,48.627234199363066,6.334073396826718,82.79809951782227,70.28174996376038,0.5971243977546692,0.25830161571502686
我记得你已经有两条这样的裤子了。,"{'S000466_P0008_T00', '我记得你有一条裤子和一条裤子。'}","(946, 946)","[1131, 403]",56.130419101897054,5.546312610911029,38.73366905367134,0.0,27.84648081490733,0.0,20.255556775654846,0.0,57.94405032789144,5.704979059983886,85.83155274391174,64.0629768371582,0.5244787931442261,0.023600131273269653
这条裤子怎么样？,"{'这条裤子怎么样?', 'S000468_P0000_T00'}","(947, 947)","[708, 31]",87.50000000000003,10.916410041039759,86.60254037844388,0.0,85.49879733383483,0.0,84.08964152537145,0.0,87.49999999994999,11.92570869987219,98.57529401779175,66.19420647621155,0.9406527280807495,0.3413102924823761
这条裤子怎么样？,"{'S000468_P0008_T00', '这条裤子怎么样?'}","(948, 948)","[853, 663]",87.50000000000003,7.317488481253686,86.60254037844388,0.0,85.49879733383483,0.0,84.08964152537145,0.0,87.49999999994999,9.314495028777737,98.57529401779175,63.79668712615967,0.9406527280807495,0.10478473454713821
桌上放着很多饮料，你喝什么？,"{'桌子上有饮料,你想喝什么?', 'S000475_P0008_T00'}","(949, 949)","[782, 790]",56.98222022414254,15.789473684210527,36.31918160634301,0.0,22.309545268543932,0.0,0.0,0.0,59.09734871479285,16.192577417012092,89.84975218772888,67.57460832595825,0.8325102925300598,0.04980239272117615
你去房间找找，是不是刚才放在桌子上了？,"{'房间里找了半天,才发现刚才不是桌子下面。', 'S000496_P0000_T00'}","(950, 950)","[619, 689]",49.99999999999999,5.263157894736842,32.4442842261525,0.0,0.0,0.0,0.0,0.0,35.85032640145262,5.88098288103112,75.41052103042603,65.04859924316406,0.45885640382766724,0.053594134747982025
学校太大，多累啊。,"{'学校太大了,太累了。', 'S000502_P0000_T00'}","(951, 951)","[1053, 758]",59.999999999999986,0.0,44.72135954999579,0.0,36.840314986403875,0.0,29.071536848410968,0.0,62.81087333712975,0.0,87.7626121044159,66.27659201622009,0.846057116985321,0.11670659482479095
我喝咖啡怎么了？,"{'S000504_P0004_T00', '我喝什么咖啡?'}","(952, 952)","[931, 585]",61.91984998215586,6.69076785648738,42.29931028018369,0.0,0.0,0.0,0.0,0.0,52.86549707598783,8.60095976374849,89.87352848052979,64.47646021842957,0.8195180892944336,0.09126842767000198
我喝咖啡怎么了？,"{'我喝什么咖啡?', 'S000504_P0008_T00'}","(953, 953)","[1174, 159]",61.91984998215586,16.666666666666668,42.29931028018369,0.0,0.0,0.0,0.0,0.0,52.86549707598783,11.409958120000443,89.87352848052979,66.81849360466003,0.8195180892944336,0.3082424998283386
那你现在为什么不去？,"{'你今天为什么没去考试?', 'S000550_P0004_T00'}","(954, 954)","[681, 1166]",45.45454545454545,4.197235618612486,30.15113445777636,0.0,21.616643908267584,0.0,0.0,0.0,47.40454740448881,9.029066171933746,84.72458720207214,64.75368738174438,0.6543377041816711,0.16703608632087708
那你现在为什么不去？,"{'S000550_P0008_T00', '你今天为什么不去?'}","(955, 955)","[538, 249]",59.655954454291326,11.76470588235294,51.66357204442371,0.0,46.77843745102681,0.0,41.80134288483487,0.0,62.81087333715041,12.943133625383563,92.08993911743164,66.12937450408936,0.8367692828178406,0.2584492564201355
你想请几天假？,"{'S000560_P0008_T00', '你请假几天还好吗?'}","(956, 956)","[398, 1169]",55.55555555555555,4.7026762493923,26.352313834736496,0.0,0.0,0.0,0.0,0.0,48.50746268649977,5.068574835983471,87.79345750808716,61.16114258766174,0.7956182956695557,0.07044801115989685
小张，那个女生是你们公司的吗？你对她了解吗？,"{'小张是你公司最了解的女生吗?', 'S000561_P0000_T00'}","(957, 957)","[107, 634]",48.40441045780793,8.695652173913045,32.42437815703229,0.0,0.0,0.0,0.0,0.0,45.69892473117852,8.880122726222316,81.57141208648682,65.74696898460388,0.6594529747962952,0.10430324822664261
小张，那个女生是你们公司的吗？你对她了解吗？,"{'S000561_P0004_T00', '小张是你公司留下的吗?'}","(958, 958)","[187, 48]",26.754868448832163,5.654934466089881,19.841941491267264,0.0,0.0,0.0,0.0,0.0,40.404040404047805,6.441631504901945,80.48824071884155,70.93494534492493,0.319161593914032,0.2644912004470825
不用去医院。我问你，你多久没运动了？,"{'S000568_P0008_T00', '不用去医院,我去问医生,我很久没运动了。'}","(959, 959)","[1081, 787]",64.99999999999999,7.82194959346709,52.31483637805969,0.0,45.0169598912662,0.0,38.27673535697133,0.0,62.81087333712975,9.702740959973312,87.29562759399414,66.2635326385498,0.666334331035614,0.07480151206254959
说下你为什么选择来我们公司工作。,"{'S000573_P0000_T00', '请你为什么选择我们公司工作?'}","(960, 960)","[900, 758]",74.30381997858699,4.761904761904762,70.39030713782921,0.0,65.91194551167206,0.0,60.659974333376745,0.0,79.29824561399953,4.872255373330438,88.58402967453003,67.67385005950928,0.7197452187538147,0.10549387335777283
只要我同意，我相信我妻子就会同意的。,"{'我只要你相信你妻子会同意我,她就会同意我。', 'S000576_P0004_T00'}","(961, 961)","[80, 113]",76.19047619047622,11.942188509563156,51.63977794943224,0.0,30.3912368838803,0.0,19.87207215766376,0.0,55.75432319612092,13.736263736245045,88.29106092453003,66.54550433158875,0.6742892861366272,0.38486355543136597
只要我同意，我相信我妻子就会同意的。,"{'S000576_P0008_T00', '我只要你同意我,我信我妻子会批准我。'}","(962, 962)","[38, 653]",66.66666666666669,4.3478260869565215,44.28074427700476,0.0,29.047802224635298,0.0,20.105373454060025,0.0,61.11111111106111,4.8593706487795565,86.24515533447266,65.74704647064209,0.6954968571662903,0.10254000127315521
没有了，谢谢你给我这个机会，我会努力的。,"{'好,你明天来工作,关于这个工作还有什么问题吗?', 'S000578_P0000_T00'}","(963, 963)","[1028, 997]",17.391304347826082,5.882352941176471,8.89108448948774,0.0,0.0,0.0,0.0,0.0,13.819606287437555,6.441631504854731,70.83206176757812,69.00532841682434,0.33961570262908936,0.14288471639156342
没有了，谢谢你给我这个机会，我会努力的。,"{'好,你明天来工作,关于这个工作还有什么问题吗?', 'S000578_P0008_T00'}","(964, 964)","[595, 17]",17.391304347826082,24.999999999999996,8.89108448948774,12.909944487358057,0.0,0.0,0.0,0.0,13.819606287437555,26.43274853795029,70.83206176757812,73.3614981174469,0.33961570262908936,0.4161372780799866
先把茶和杯子放好，然后把冰箱里的西瓜拿出来。,"{'先把茶喝了,再去冰箱拿西瓜。', 'S000598_P0000_T00'}","(965, 965)","[705, 410]",36.30330784335595,9.428092086955143,25.115815322663515,0.0,14.37192736177716,0.0,0.0,0.0,40.62126642771378,8.284620883973593,83.89101028442383,67.8260862827301,0.7120711207389832,0.3250369429588318
先把茶和杯子放好，然后把冰箱里的西瓜拿出来。,"{'S000598_P0004_T00', '先把茶放在桌上,进冰箱拿西瓜。'}","(966, 966)","[782, 492]",41.80593901820376,9.474606592129046,27.36841143566092,0.0,15.344816166385383,0.0,0.0,0.0,45.50381516079752,9.950372208397415,82.45055079460144,68.39646697044373,0.6537176966667175,0.08363629132509232
那件衣服我穿着小，送给我弟弟了。,"{'我把这件衣服穿得太少了,送给弟弟。', 'S000603_P0008_T00'}","(967, 967)","[592, 320]",64.70588235294115,15.864096233989521,40.219983326992185,0.0,22.093482189977408,0.0,0.0,0.0,54.445554445498736,12.663190347468847,84.33580994606018,68.22050213813782,0.5892913937568665,0.22544139623641968
明天上海要下雪。,"{'S000616_P0008_T00', '上海明天要下雪。'}","(968, 968)","[1049, 1108]",100.00000000000004,0.0,84.51542547285173,0.0,61.97980942410942,0.0,46.71379777282004,0.0,74.99999999994999,0.0,95.08887529373169,66.02573990821838,0.8893340826034546,0.13982196152210236
吃完午饭要多吃点水果。,"{'S000620_P0000_T00', '吃完午饭要多吃点水果。'}","(969, 969)","[1053, 324]",100.00000000000004,0.0,100.00000000000004,0.0,100.00000000000004,0.0,100.00000000000004,0.0,99.99999999994999,0.0,100.00002384185791,63.18039894104004,0.9464395642280579,0.018676206469535828
早饭我吃的是面包和牛奶。,"{'S000625_P0004_T00', '我早上吃早饭,吃面包和牛奶。'}","(970, 970)","[134, 14]",71.42857142857146,8.591115984887153,57.416925176321456,0.0,47.898237810429386,0.0,41.60751652217844,0.0,68.42576028616266,10.03798155180206,87.28447556495667,69.43578720092773,0.855539858341217,0.21705523133277893
早饭我吃的是面包和牛奶。,"{'我早上吃面包和牛奶。', 'S000625_P0008_T00'}","(971, 971)","[951, 958]",73.68576777701837,3.0119421191220206,57.89300674674095,0.0,51.576805499961566,0.0,46.84162031176824,0.0,71.55425219938343,5.01373626374563,89.90210890769958,65.67792892456055,0.8783819675445557,0.07908442616462708
你们吃点什么，我请客。,"{'你们吃什么?我请你。', 'S000637_P0000_T00'}","(972, 972)","[539, 672]",72.38699344287673,11.111111111111109,53.95407934170131,0.0,32.051107866432694,0.0,0.0,0.0,75.84727584723602,12.34567901228642,88.01187872886658,65.6642496585846,0.7655267119407654,0.05167447775602341
你们吃点什么，我请客。,"{'S000637_P0008_T00', '你们吃什么?我请你们吃饭。'}","(973, 973)","[538, 937]",61.538461538461554,8.823529411764707,45.29108136578384,0.0,26.518211593610204,0.0,0.0,0.0,65.75963718814508,9.578082455798935,85.90278625488281,64.27021622657776,0.7420945763587952,0.07430096715688705
我想试试这件衣服，在哪儿？,"{'S000638_P0004_T00', '我想去试衣服,在哪儿?'}","(974, 974)","[1152, 432]",60.63657586001311,8.067401742967988,44.96928821556907,0.0,26.558831371156522,0.0,0.0,0.0,65.75963718817684,10.155316606925242,90.1921033859253,67.91395545005798,0.7882786393165588,0.057097479701042175
我想试试这件衣服，在哪儿？,"{'S000638_P0008_T00', '我想试穿一条裤子,在哪儿?'}","(975, 975)","[465, 81]",46.15384615384615,28.491110112071265,39.223227027636796,0.0,30.355774498248472,0.0,0.0,0.0,46.15384615379616,22.161505768020955,90.55115580558777,68.04319620132446,0.7329522371292114,0.2744916081428528
天气预报明天下雪，多穿衣服。,"{'天气预报明天下雪,多穿衣服。', 'S000656_P0004_T00'}","(976, 976)","[794, 284]",92.85714285714283,3.125,88.64052604279179,0.0,83.83820492034592,0.0,78.25422900366432,0.0,92.85714285709285,3.4856884531419974,98.57097864151001,63.86796832084656,0.9643780589103699,0.17093691229820251
天气预报明天下雪，多穿衣服。,"{'天气预报明天下雪,多穿衣服。', 'S000656_P0008_T00'}","(977, 977)","[924, 1064]",92.85714285714283,14.108028748176901,88.64052604279179,0.0,83.83820492034592,0.0,78.25422900366432,0.0,92.85714285709285,15.205724508016866,98.57097864151001,68.08477640151978,0.9643780589103699,0.10992172360420227
超市在医院的旁边。,"{'S000669_P0000_T00', '医院旁边有一家超市。'}","(978, 978)","[133, 1044]",70.00000000000003,5.871331642584225,48.304589153964805,0.0,0.0,0.0,0.0,0.0,52.34239444759824,6.049506049462391,84.79241728782654,65.11347889900208,0.7738639712333679,0.15156537294387817
我给你预订了一个生日蛋糕。,"{'我预定你生生日蛋糕。', 'S000673_P0000_T00'}","(979, 979)","[489, 152]",59.26545765453741,16.666666666666668,44.1738640110603,0.0,37.84639934649394,0.0,32.72874319918699,0.0,58.89896778227458,17.32592350435528,87.19821572303772,70.23040056228638,0.7619229555130005,0.05732262134552002
我给你预订了一个生日蛋糕。,"{'S000673_P0008_T00', '我预订了一份生日蛋糕。'}","(980, 980)","[508, 1156]",75.79571982501638,10.000000000000002,66.51047421812703,0.0,58.954231640141984,0.0,50.30989330530425,0.0,82.19954648522899,11.160145140658921,94.44607496261597,66.0943329334259,0.8433526158332825,0.055090077221393585
我喜欢冬天，下雪太美了。,"{'我喜欢下雪,它很漂亮。', 'S000690_P0000_T00'}","(981, 981)","[401, 104]",49.80549361539612,6.236713233544119,36.936742639955355,0.0,24.010311086019993,0.0,0.0,0.0,51.97777051319886,6.438227814171732,86.27873063087463,64.88367915153503,0.7724899649620056,0.2732446789741516
我喜欢冬天，下雪太美了。,"{'我喜欢下雪,因为它很漂亮。', 'S000690_P0008_T00'}","(982, 982)","[708, 1174]",46.15384615384615,10.212377844861983,33.968311024337865,0.0,21.89030136322373,0.0,0.0,0.0,47.84713375790443,11.452022669508839,82.70055651664734,65.06896018981934,0.8114673495292664,0.3279333710670471
上海的夏天太热了，需要买空调。,"{'S000695_P0004_T00', '上海太热了,要买空调。'}","(983, 983)","[282, 784]",63.194902581716235,11.76470588235294,55.45330196192749,0.0,45.62984702230277,0.0,35.84597893232635,0.0,73.52316192093554,12.099012098956397,90.50120711326599,65.13835787773132,0.8633968234062195,0.39961546659469604
上海的夏天太热了，需要买空调。,"{'S000695_P0008_T00', '上海太热了,要买空调。'}","(984, 984)","[967, 321]",63.194902581716235,3.674321929413379,55.45330196192749,0.0,45.62984702230277,0.0,35.84597893232635,0.0,73.52316192093554,4.450287272363675,90.50120711326599,65.40995836257935,0.8633968234062195,0.11215788125991821
我们乘坐公交车回学校。,"{'我们坐公交车去学校。', 'S000708_P0000_T00'}","(985, 985)","[663, 1077]",81.43536762323636,9.090909090909093,70.08840502157177,0.0,55.034039496477924,0.0,38.31260405050856,0.0,85.3281853281455,9.935094145552855,96.94772362709045,61.46804690361023,0.8537905812263489,0.15965107083320618
我们乘坐公交车回学校。,"{'我们坐公交车去学校。', 'S000708_P0004_T00'}","(986, 986)","[789, 136]",81.43536762323636,11.76470588235294,70.08840502157177,0.0,55.034039496477924,0.0,38.31260405050856,0.0,85.3281853281455,12.099012098956397,96.94772362709045,65.38684964179993,0.8537905812263489,0.07003051042556763
我们的航班延误了，现在住在酒店。,"{'我们飞机延误了,现在在酒店住宿。', 'S000718_P0000_T00'}","(987, 987)","[560, 747]",74.99999999999997,8.333333333333332,54.77225575051659,0.0,34.99514023876007,0.0,0.0,0.0,68.74999999994999,8.662961752148677,92.16002821922302,65.67303538322449,0.8232570290565491,0.1641482561826706
我们的航班延误了，现在住在酒店。,"{'我们飞机延误了,今天喝点酒睡觉。', 'S000718_P0004_T00'}","(988, 988)","[618, 669]",43.74999999999999,9.474606592129046,29.580398915498076,0.0,18.420157493201934,0.0,0.0,0.0,43.74999999995,9.950372208397415,85.60523390769958,66.2230372428894,0.3447461426258087,0.03428436815738678
跑步完很渴，我想喝饮料。,"{'S000724_P0000_T00', '跑步完很渴,我想喝一杯水。'}","(989, 989)","[579, 119]",69.23076923076921,9.090909090909093,58.834840541455215,0.0,50.11627948853365,0.0,39.832871551569504,0.0,71.77070063688531,10.03798155174875,93.63590478897095,66.22841954231262,0.8569186329841614,0.13916902244091034
跑步完很渴，我想喝饮料。,"{'跑步完我很渴,想喝一杯水。', 'S000724_P0004_T00'}","(990, 990)","[621, 73]",69.23076923076921,1.5739633569796818,48.03844614152614,0.0,27.580051476068,0.0,0.0,0.0,63.796178343891675,3.385899814481677,89.4327163696289,64.19978141784668,0.8466528654098511,0.10697595775127411
晚上你有没有时间？我想和你去跑步。,"{'S000783_P0000_T00', '晚上你有时间多久有时间?我想去跑步。'}","(991, 991)","[392, 503]",72.22222222222223,11.76470588235294,61.83469424008421,0.0,49.253619649297804,0.0,35.527389585269326,0.0,74.16472778030754,12.668146793718451,90.29848575592041,67.209792137146,0.526466429233551,0.1612313687801361
公交站台太远了，我们还是打车回家吧。,"{'公交车站太远了,我们打车回家。', 'S000786_P0000_T00'}","(992, 992)","[116, 683]",70.95666526675846,2.621604805790655,53.895456204468395,0.0,38.00211521222142,0.0,24.736929544091932,0.0,77.51710654933454,3.8395043941859117,92.69997477531433,60.5552077293396,0.7887967824935913,0.18939688801765442
他的女儿每天晚上写作业写到很晚。,"{'S000788_P0004_T00', '女儿每天写作很晚,每天晚上。'}","(993, 993)","[251, 862]",68.11183498037144,7.142857142857142,56.38552127243905,0.0,45.122237314608306,0.0,34.68899992311541,0.0,59.47368421049075,7.602862253962289,85.89543104171753,63.304442167282104,0.5140352845191956,0.040987029671669006
他的女儿每天晚上写作业写到很晚。,"{'S000788_P0008_T00', '他女儿每天晚上写作业。'}","(994, 994)","[459, 872]",63.47364189402821,6.107097367830394,56.77255122181022,0.0,54.18868222357989,0.0,52.4620325492043,0.0,76.41422517043365,6.753535674531798,92.3108458518982,63.005685806274414,0.6808326840400696,0.18704324960708618
祝你生日快乐，越来越漂亮。,"{'S000791_P0000_T00', '生日那天,你的生日快乐了,美丽多了。'}","(995, 995)","[937, 907]",33.333333333333336,7.142857142857142,24.253562503633297,0.0,19.445555936641014,0.0,14.879641171245488,0.0,36.84144974460652,7.9852579851927885,79.30543422698975,71.98845744132996,0.5630265474319458,0.27852386236190796
学校附近哪里有好吃的饭店？,"{'学校附近有什么好吃的饭店?', 'S000809_P0000_T00'}","(996, 996)","[782, 933]",76.92307692307693,0.0,66.98641270570835,0.0,58.864065482558765,0.0,49.73567356124543,0.0,76.92307692302693,0.0,94.08212304115295,63.84778022766113,0.8453859686851501,0.08357294648885727
学校附近哪里有好吃的饭店？,"{'学校附近有什么好吃的饭店?', 'S000809_P0004_T00'}","(997, 997)","[999, 898]",76.92307692307693,9.090909090909093,66.98641270570835,0.0,58.864065482558765,0.0,49.73567356124543,0.0,76.92307692302693,9.805825242653109,94.08212304115295,66.79356098175049,0.8453859686851501,0.18203261494636536
今天的晚饭是面条和饺子。,"{'S000823_P0000_T00', '今天晚上吃面条和饺子。'}","(998, 998)","[1084, 673]",74.70824042309421,18.18181818181818,63.97631491849844,0.0,54.96989013660649,0.0,48.83499409416458,0.0,77.96665576981866,19.611650485371555,88.89558911323547,72.63138890266418,0.8307895660400391,0.35675621032714844
今天的晚饭是面条和饺子。,"{'今天晚上吃面条和饺子。', 'S000823_P0008_T00'}","(999, 999)","[238, 96]",74.70824042309421,5.054422164271944,63.97631491849844,0.0,54.96989013660649,0.0,48.83499409416458,0.0,77.96665576981866,6.190476190468354,88.89558911323547,68.23264956474304,0.8307895660400391,0.09793291240930557
手机选不到靠近窗户的位置。,"{'靠近窗户的位置不能选择手机。', 'S000849_P0000_T00'}","(1000, 1000)","[1075, 261]",85.7142857142857,9.523809523809524,67.93662204867577,0.0,57.720783663215975,0.0,51.424016050282646,0.0,59.097348714778185,9.950372208377761,85.73416471481323,68.36431622505188,0.7105576395988464,0.13956503570079803
手机选不到靠近窗户的位置。,"{'玻璃窗的位置不能选择手机。', 'S000849_P0004_T00'}","(1001, 1001)","[534, 409]",69.23076923076921,11.282180836891406,41.60251471689218,0.0,25.05813974426682,0.0,0.0,0.0,38.46153846148846,13.294531204987358,80.86586594581604,67.38165020942688,0.38562747836112976,0.10598491132259369
请问在哪里取行李箱？,"{'请问我的行李怎么拿?', 'S000852_P0000_T00'}","(1002, 1002)","[699, 408]",40.0,6.896551724137931,29.814239699997188,0.0,0.0,0.0,0.0,0.0,39.999999999950006,7.495349600546063,82.87957906723022,63.72934579849243,0.5926724076271057,0.19762755930423737
请问在哪里取行李箱？,"{'请问我的行李怎么拿?', 'S000852_P0008_T00'}","(1003, 1003)","[548, 7]",40.0,12.214194735660788,29.814239699997188,0.0,0.0,0.0,0.0,0.0,39.999999999950006,13.507071349090833,82.87957906723022,65.20190238952637,0.5926724076271057,0.22820433974266052
上海的地铁很多，我不知道乘坐哪一个地铁。,"{'S000860_P0004_T00', '上海的火车很多,我不知道哪里有地铁。'}","(1004, 1004)","[516, 742]",64.62728399214893,5.555555555555555,52.16761882967039,0.0,39.339517718387164,0.0,24.54908011346863,0.0,68.04511278191617,6.17283950611358,91.40657782554626,67.68988966941833,0.699113667011261,0.12419440597295761
上海的地铁很多，我不知道乘坐哪一个地铁。,"{'S000860_P0008_T00', '上海的火车很多,我不知道哪里有地铁。'}","(1005, 1005)","[209, 577]",64.62728399214893,16.666666666666668,52.16761882967039,0.0,39.339517718387164,0.0,24.54908011346863,0.0,68.04511278191617,16.666666666616667,91.40657782554626,70.37156820297241,0.699113667011261,0.2897299528121948
机场离我家远，我打车去机场。,"{'S000874_P0004_T00', '机场离我家远,可以打车去机场。'}","(1006, 1006)","[92, 1033]",79.99999999999997,5.263157894736842,75.59289460184542,0.0,70.58344672919598,0.0,64.75445426291287,0.0,82.56251021403085,5.800270748655613,92.44757890701294,68.7151849269867,0.7813798785209656,0.12978333234786987
机场离我家远，我打车去机场。,"{'机场离我家远,打车去机场。', 'S000874_P0008_T00'}","(1007, 1007)","[648, 862]",85.47333033621375,8.300915602566024,81.21215895894296,0.0,76.29757158101,0.0,70.4805090506219,0.0,88.64602307221037,8.662961752165838,95.51268219947815,64.84799981117249,0.8249401450157166,0.186270073056221
从合肥到北京，推荐乘坐高铁，座位舒服。,"{'乘坐高铁从合肥到北京乘坐舒服的高铁。', 'S000877_P0004_T00'}","(1008, 1008)","[15, 50]",68.31929497659974,6.703200460356395,58.49311452336229,0.0,49.51131142193068,0.0,41.83007445500921,0.0,59.37278386253539,7.905982905969005,84.20396447181702,67.22197532653809,0.7330061793327332,0.34696608781814575
从合肥到北京，推荐乘坐高铁，座位舒服。,"{'乘坐高铁从合肥到北京乘坐舒服的高铁。', 'S000877_P0008_T00'}","(1009, 1009)","[56, 376]",68.31929497659974,21.42857142857143,58.49311452336229,0.0,49.51131142193068,0.0,41.83007445500921,0.0,59.37278386253539,15.20572450798733,84.20396447181702,66.91089272499084,0.7330061793327332,0.2865898609161377
附近有很多好吃的饭店。,"{'附近有很多好吃的饭店。', 'S000903_P0000_T00'}","(1010, 1010)","[1125, 762]",100.00000000000004,4.761904761904762,100.00000000000004,0.0,100.00000000000004,0.0,100.00000000000004,0.0,99.99999999994999,5.270655270586141,99.99998211860657,67.4345850944519,0.9429313540458679,0.11455109715461731
服务员，拿点餐巾纸，饮料洒了。,"{'服务员,杯子拿去,餐巾纸拿去。', 'S000912_P0008_T00'}","(1011, 1011)","[664, 453]",53.33333333333335,4.166666666666667,39.03600291794134,0.0,28.620185370050958,0.0,0.0,0.0,53.33333333328333,4.657247514322392,85.0458025932312,64.31257128715515,0.6225247979164124,0.0656905323266983
我喜欢喝奶茶，甜的我都喜欢。,"{'S000914_P0008_T00', '我喜欢喝茶,喜欢吃甜食。'}","(1012, 1012)","[225, 505]",63.48612936679603,13.333333333333334,44.206066343488196,0.0,32.10237089716701,0.0,23.6181893620228,0.0,60.822898032167124,14.142139267705359,87.84545063972473,68.09307336807251,0.7119687795639038,0.27519553899765015
今天水果很新鲜，买一个西瓜回家。,"{'今天的水果很新鲜,买一个西瓜回家。', 'S000931_P0008_T00'}","(1013, 1013)","[1052, 975]",88.23529411764704,7.579571982501643,81.34892168199605,0.0,73.4995957544467,0.0,66.75075987129311,0.0,90.74259074253503,8.219954648494307,97.08003401756287,66.91075563430786,0.9243661761283875,0.12363696843385696
少喝酒，多吃菜，吃饱再回家。,"{'喝酒少吃点菜,吃饱饭就回家。', 'S000934_P0008_T00'}","(1014, 1014)","[285, 498]",71.42857142857146,7.632293332888544,46.880723093849554,0.0,26.35941610004862,0.0,0.0,0.0,64.28571428566428,8.102746864771746,87.02856302261353,64.43588137626648,0.7044039368629456,0.10423941910266876
我妻子最近喜欢喝酸，是不是要有儿子？,"{'我妻子最近喝酸饮料喜欢,好儿子是。', 'S000937_P0008_T00'}","(1015, 1015)","[610, 613]",66.55575133093234,5.882352941176471,52.39724548420555,0.0,37.270629239302146,0.0,28.897738063050745,0.0,51.344811540207246,6.201737451676627,83.1971526145935,67.52077341079712,0.4519069790840149,0.07779110968112946
我吃了面条不舒服。,"{'S000945_P0008_T00', '我吃完饭后身体不舒服。'}","(1016, 1016)","[603, 440]",54.54545454545453,7.6923076923076925,46.709936649691365,0.0,36.46436717285791,0.0,27.901593935858266,0.0,58.834951456245335,7.974522292936276,85.70330142974854,67.52582788467407,0.7426872253417969,0.05210621654987335
我开车去高铁站接儿子。,"{'我开车去高铁站接受儿子。', 'S000962_P0000_T00'}","(1017, 1017)","[87, 615]",91.66666666666667,10.526315789473687,86.60254037844388,0.0,80.67143230122723,0.0,73.48889200874659,0.0,95.2925792742147,10.526315789423684,97.12134003639221,65.87715148925781,0.8678883910179138,0.19547486305236816
今年你和妻子准备去哪里旅游？,"{'S000963_P0008_T00', '你们夫妻今年准备去哪里旅游?'}","(1018, 1018)","[701, 652]",78.5714285714286,12.500000000000002,65.04436355879913,0.0,56.070706953342686,0.0,50.317476265301394,0.0,64.28571428566428,12.876455628373884,90.75647592544556,70.0905978679657,0.9223831295967102,0.1941453516483307
你喜欢这条裙子，我可以拿一件给你试穿。,"{'S000966_P0008_T00', '你喜欢裙子,我给你拿一条试裙子,可以吗?'}","(1019, 1019)","[11, 431]",70.00000000000003,13.043478260869563,47.01623459816274,7.699905035090181,23.07142369081295,0.0,0.0,0.0,46.09327680188334,14.480723113747393,81.80932402610779,68.55766177177429,0.7252900004386902,0.2524235248565674
这条裤子打折，我给儿子买一条。,"{'S000968_P0008_T00', '我给儿子买了一条打折的裤子。'}","(1020, 1020)","[773, 885]",79.80538111748766,11.111111111111109,63.25326016834167,0.0,45.32748273584199,0.0,35.4344152174539,0.0,55.04167347601542,12.23203026476393,88.11513185501099,67.56309270858765,0.8060362339019775,0.14236532151699066
我拿了一条裤子，哪里可以结账？,"{'S000969_P0008_T00', '我拿一条裤子,怎么付钱?'}","(1021, 1021)","[646, 237]",38.94003915357024,8.695652173913045,33.20817696982677,0.0,25.801729324531752,0.0,19.635075643117933,0.0,43.386243386217856,9.47830435017449,87.5852882862091,62.621718645095825,0.6691709160804749,0.03430725634098053
你男朋友右边那个女生是谁？很漂亮。,"{'你男朋友的左边那个男生是谁最漂亮?', 'S000988_P0000_T00'}","(1022, 1022)","[191, 1172]",70.58823529411764,0.0,59.40885257860044,0.0,45.48732039051906,0.0,28.63424630911014,0.0,70.58823529406764,0.0,89.10004496574402,66.50577783584595,0.7182761430740356,0.12403210997581482
我弟弟喜欢踢足球，身体很好。,"{'弟弟喜欢踢足球,身体健康。', 'S000998_P0000_T00'}","(1023, 1023)","[319, 561]",71.22777528017816,2.2302577902281575,62.02681096335704,0.0,54.50583356750204,0.0,49.487489225241916,0.0,73.87168589350162,5.381757161702654,88.10823559761047,66.88511967658997,0.8067699670791626,0.04459240287542343
听人到你们学校学习手语，要多少钱？,"{'S001026_P0000_T00', '听人到你们学校学习手语,要多少钱?'}","(1024, 1024)","[128, 369]",88.23529411764704,5.4582050205198795,84.67064217932223,0.0,80.7090764654872,0.0,76.24658586234858,0.0,88.23529411759705,5.962854349921066,97.63907194137573,67.25163459777832,0.9671997427940369,-0.002322450280189514
我想找聋人朋友学习手语。,"{'S001027_P0000_T00', '找聋人朋友学习手语。'}","(1025, 1025)","[319, 27]",81.87307530779823,0.0,81.87307530779823,0.0,81.87307530779823,0.0,81.87307530779823,0.0,89.4428152492368,0.0,93.83798837661743,62.40421533584595,0.7516030669212341,0.05140385031700134
手机可以学习手语。,"{'S001030_P0008_T00', '可以用手机学习手语。'}","(1026, 1026)","[349, 456]",90.0,23.529411764705884,77.45966692414831,0.0,60.822019955733964,0.0,50.353378875558576,0.0,73.27935222666127,25.76652601962266,91.75288081169128,71.31742238998413,0.8552766442298889,0.21458888053894043
我有朋友在银行工作，他知道怎么贷款。,"{'S001035_P0000_T00', '朋友在银行工作,他想去贷款。'}","(1027, 1027)","[545, 736]",59.04464445591534,12.0,52.25423624274156,0.0,46.81405831779265,0.0,40.9192825960765,0.0,66.69776119400737,8.90057454467712,88.09837698936462,66.84274673461914,0.6774632930755615,0.22731447219848633
妈妈，同学新买了一块手表，我也想买。,"{'妈妈,我新买的手表了,我想买手表。', 'S001051_P0000_T00'}","(1028, 1028)","[1084, 140]",61.009438720021286,9.622060754546368,37.92234212531177,0.0,0.0,0.0,0.0,0.0,57.049790600235184,12.424961608263171,83.06108117103577,65.59204459190369,0.59844970703125,0.22762665152549744
爷爷年龄大，喜欢爬山。,"{'爷爷年龄大,喜欢去爬山。', 'S001064_P0008_T00'}","(1029, 1029)","[731, 646]",83.33333333333334,15.022514983593707,72.82190812544194,0.0,59.63868149074117,0.0,46.59538415189962,0.0,86.6296175220081,14.586546844610087,97.4778413772583,66.7170524597168,0.879972517490387,0.0810515433549881
介绍一下，他是我的乒乓球老师。,"{'我介绍他是我的乒乓球老师。', 'S001072_P0008_T00'}","(1030, 1030)","[58, 609]",79.14497715327147,4.999999999999999,75.19929830849405,0.0,70.64858167894134,0.0,67.82635235687796,0.0,84.85283560656998,5.547282203951612,92.0329213142395,64.22065496444702,0.7899208068847656,0.01655496656894684
工作累的时候喝一杯咖啡。,"{'工作很累,喝咖啡吧。', 'S001073_P0000_T00'}","(1031, 1031)","[204, 774]",57.31115271545876,6.666666666666667,32.29117637391049,0.0,0.0,0.0,0.0,0.0,62.60997067445674,6.8802091844508455,82.84213542938232,62.021613121032715,0.8384072780609131,0.1766510009765625
晚上从学校回家，公交车人很多。,"{'晚上乘坐公交车从学校回家的人很多。', 'S001081_P0000_T00'}","(1032, 1032)","[1040, 223]",82.35294117647057,5.263157894736842,71.7430053979439,0.0,59.048160709195415,0.0,45.83034067124107,0.0,68.21911196905114,5.726011334699592,88.87023329734802,64.38508033752441,0.7992456555366516,0.17342285811901093
蛋糕太甜，吃多了对身体不好。,"{'S001090_P0000_T00', '蛋糕太甜了,对身体不好。'}","(1033, 1033)","[257, 1030]",77.59415811497296,6.250000000000001,69.11494341909903,0.0,62.36930675040936,0.0,54.96509142160034,0.0,83.63148479424227,6.43822781415892,92.49171614646912,64.8634672164917,0.7918651700019836,0.13953368365764618
警察要检查你的身份证。,"{'S001091_P0000_T00', '警察要检查你的身份证。'}","(1034, 1034)","[974, 1045]",100.00000000000004,0.0,100.00000000000004,0.0,100.00000000000004,0.0,100.00000000000004,0.0,99.99999999994999,0.0,99.99999403953552,74.45463538169861,0.9852522611618042,0.30397260189056396
儿子越来越瘦了，让他在学校多吃饭。,"{'S001095_P0008_T00', '儿子很瘦,叫他在学校吃多。'}","(1035, 1035)","[793, 430]",56.54934466089882,12.500000000000002,37.225335888568615,0.0,26.458293503685816,0.0,19.209413468550956,0.0,57.97468354428309,13.893495485466042,86.85165643692017,64.81254696846008,0.6957826018333435,0.1639859676361084
今天天气好，爸爸和爷爷会出去跑步。,"{'S001126_P0008_T00', '今天天气很好,爸爸和爷爷去跑步。'}","(1036, 1036)","[165, 838]",82.19864299617916,11.111111111111109,71.74885781955102,0.0,62.29963864633316,0.0,51.417085326632545,0.0,84.69308469304103,12.380952380883322,94.4201409816742,65.42962789535522,0.8487181067466736,0.27264368534088135
她的姐姐是老师，平时开车去学校。,"{'他姐姐是老师,平时开车去学校。', 'S001142_P0000_T00'}","(1037, 1037)","[1016, 316]",81.07727203607357,9.090909090909093,77.19788568013335,0.0,72.80910085451242,0.0,67.74546186626391,0.0,83.69696158475132,9.805825242653109,96.8256413936615,65.45364260673523,0.8420230746269226,0.19442731142044067
我的护照忘记带了，需要回家拿。,"{'S001143_P0000_T00', '我忘记把护照带回家。'}","(1038, 1038)","[257, 827]",54.58775937413701,12.500000000000002,33.22105241430994,0.0,0.0,0.0,0.0,0.0,51.99999999999216,13.216374268944438,84.0231716632843,69.38264966011047,0.7209633588790894,0.1691291183233261
我的爷爷年龄很大，不适合坐飞机。,"{'我爷爷要求年龄大,不能和飞机打架。', 'S001147_P0000_T00'}","(1039, 1039)","[419, 1064]",58.82352941176469,4.999999999999999,33.21055820775357,0.0,0.0,0.0,0.0,0.0,60.49506049500479,5.381757161651188,84.10530686378479,63.96864056587219,0.37869352102279663,0.14937564730644226
买单程票不能乘坐两次汽车。,"{'S001164_P0000_T00', '买一张去一票,就不能去汽车站来两个票。'}","(1040, 1040)","[1151, 353]",42.10526315789474,15.789473684210527,21.629522817435003,0.0,0.0,0.0,0.0,0.0,40.96731448756328,11.731772490076978,77.88388729095459,72.70056009292603,0.49812090396881104,0.2478753924369812
司机，我在前面红绿灯路口下车。,"{'S001173_P0000_T00', '开车时,我闯红绿灯,过后才行。'}","(1041, 1041)","[979, 302]",40.0,10.976232721880526,23.90457218668787,0.0,16.380966908806922,0.0,0.0,0.0,33.333333333283335,13.971742543168109,76.98689699172974,67.8885817527771,0.40309327840805054,0.19097790122032166
因为天气不好，飞机航班取消。,"{'因为天气不好,飞机取消了。', 'S001178_P0008_T00'}","(1042, 1042)","[342, 280]",78.35055280819599,9.995321962501858,65.05426816214626,0.0,52.23206665621776,0.0,44.60478024728242,0.0,81.25885448285601,11.600541497431802,93.16344261169434,66.32805466651917,0.8288355469703674,0.052080631256103516
我没有买到火车卧铺票。,"{'火车卧铺票我买不起。', 'S001186_P0000_T00'}","(1043, 1043)","[1037, 631]",72.38699344287673,6.666666666666667,53.95407934170131,0.0,46.22569654823894,0.0,39.97497721460288,0.0,56.88545688541703,7.3695535233439164,85.35978198051453,68.41595768928528,0.7480877637863159,0.09897040575742722
我在家吃早饭和午饭，在学校吃午饭。,"{'我在家吃早饭,我在学校午饭。', 'S001221_P0008_T00'}","(1044, 1044)","[392, 649]",69.18152117189051,5.882352941176471,62.17461153409047,0.0,53.83247582201253,0.0,43.04766824560559,0.0,76.00888076267208,5.88235294112647,91.59573316574097,63.72072100639343,0.7808213233947754,0.1019340306520462
你公司的午饭味道怎么样？,"{'我们公司中午饭店的午饭味道怎么样?', 'S001222_P0004_T00'}","(1045, 1045)","[85, 1122]",58.82352941176469,8.232174541410396,54.23261445466402,0.0,48.99973050296443,0.0,45.27471870952891,0.0,65.20102394210816,10.47880690737533,91.23562574386597,63.67145776748657,0.7197612524032593,0.31883129477500916
你公司的午饭味道怎么样？,"{'S001222_P0008_T00', '你公司午饭味道怎么样?'}","(1046, 1046)","[48, 908]",83.00915602566019,0.0,77.86949072647971,0.0,71.73328137813604,0.0,64.07117598241614,0.0,86.62961752202527,0.0,95.05329728126526,67.46910810470581,0.9198490381240845,0.035086728632450104
今天的菜好咸，我想喝饮料。,"{'S001227_P0000_T00', '今天菜真咸,我想喝饮料。'}","(1047, 1047)","[402, 609]",76.67036788577695,5.555555555555555,62.02938178031639,0.0,52.122018976031036,0.0,45.64968731624414,0.0,79.74522292989478,6.063432835753497,93.74454617500305,63.63115310668945,0.8845812678337097,0.22075584530830383
今天的菜好咸，我想喝饮料。,"{'S001227_P0004_T00', '今天菜真咸,我想喝饮料。'}","(1048, 1048)","[1007, 57]",76.67036788577695,5.659683710329882,62.02938178031639,0.0,52.122018976031036,0.0,45.64968731624414,0.0,79.74522292989478,8.547008547015956,93.74454617500305,55.52297234535217,0.8845812678337097,0.0338144451379776
这道菜味道太辣了，我需要喝点水。,"{'这个菜太辣了,多喝点水。', 'S001232_P0000_T00'}","(1049, 1049)","[719, 960]",53.73984829303417,9.090909090909093,41.836415155527526,0.0,33.508510129089785,0.0,23.394539701283108,0.0,61.81318681316811,10.03798155174875,87.43211627006531,65.65079689025879,0.7694230675697327,0.15072870254516602
这道菜味道太辣了，我需要喝点水。,"{'这个菜太辣了,你要喝点水。', 'S001232_P0004_T00'}","(1050, 1050)","[906, 409]",61.07097367830395,1.4929121033339954,49.23699307340429,0.0,41.21065487191882,0.0,32.46827270101123,0.0,67.53535674556309,4.269690772767927,92.32174158096313,61.89835071563721,0.8133549094200134,0.018586814403533936
今天是妹妹的生日，我来做鱼。,"{'今天妹妹的生日,我做鱼。', 'S001236_P0004_T00'}","(1051, 1051)","[40, 433]",77.59415811497296,13.621385069049664,64.65110964513372,0.0,52.11265278949999,0.0,40.39323667732871,0.0,83.63148479424227,13.938419810090947,92.95995235443115,65.85493683815002,0.8797210454940796,0.3135058581829071
今天是妹妹的生日，我来做鱼。,"{'S001236_P0008_T00', '今天妹妹生日,我做鱼。'}","(1052, 1052)","[149, 396]",69.20912606335213,19.999999999999996,51.32686160042453,0.0,28.14066267688062,0.0,0.0,0.0,77.7914110429212,19.999999999950003,90.30871391296387,68.80179047584534,0.8153451085090637,0.2737731337547302
服务员，卫生间在哪里。,"{'服务员,您不在哪儿?', 'S001246_P0000_T00'}","(1053, 1053)","[170, 3]",45.24187090179797,2.0210089552970723,36.93983290609162,0.0,24.897561053603276,0.0,0.0,0.0,47.40454740450756,3.7714898342178733,82.737135887146,67.4881637096405,0.43407392501831055,0.08791139721870422
服务员，卫生间在哪里。,"{'服务员,洗手间在哪里?', 'S001246_P0008_T00'}","(1054, 1054)","[516, 75]",63.63636363636361,3.015263784245677,56.407607481776594,0.0,47.335252868199454,0.0,33.932513407933634,0.0,63.63636363631363,3.854935309881316,87.01364994049072,65.81562757492065,0.7073413133621216,0.05439183861017227
我的妻子感冒了，我开车带她去医院。,"{'S001252_P0000_T00', '我妻子感冒了,我开车送她去医院。'}","(1055, 1055)","[184, 1146]",82.19864299617916,7.8727758790169124,71.74885781955102,0.0,62.29963864633316,0.0,51.417085326632545,0.0,84.69308469304103,10.647010647012943,96.62590026855469,73.0065643787384,0.8750242590904236,0.33575570583343506
你去超市买伞，我在收银台等你。,"{'S001260_P0000_T00', '你去超市买伞,我在钱袋里等你。'}","(1056, 1056)","[171, 898]",73.33333333333334,0.0,64.73388749701499,0.0,54.42060219024125,0.0,44.80304273880272,0.0,73.33333333328332,0.0,93.59349012374878,65.80415368080139,0.6562681794166565,0.030866585671901703
你去超市买伞，我在收银台等你。,"{'你去超市买伞,我在这儿等你。', 'S001260_P0004_T00'}","(1057, 1057)","[880, 31]",73.1549326910304,0.0,64.74177582715532,0.0,54.58152258283364,0.0,45.07763457323718,0.0,75.68230102953723,0.0,92.45918393135071,63.76584768295288,0.776832103729248,0.09009944647550583
我下班要去超市买一些果汁回家。,"{'S001266_P0002_T00', '我下班之后去超市买点水果和果汁回家。'}","(1058, 1058)","[712, 654]",66.66666666666669,11.76470588235294,59.408852578600495,0.0,50.96177337655968,0.0,40.335820725998886,0.0,71.5542521993491,12.883263009777373,89.73316550254822,69.94872093200684,0.822044312953949,0.3494943678379059
这家商店的水果便宜，我想买一些香蕉。,"{'S001268_P0000_T00', '这个商店的水果便宜,我想买香蕉。'}","(1059, 1059)","[120, 1084]",77.21847897615213,10.526315789473687,67.40181427763304,0.0,58.52509435292461,0.0,48.3018816076337,0.0,81.78887993549853,11.600541497379972,96.28493189811707,68.70949268341064,0.8435503244400024,0.1929911971092224
这家商店的水果便宜，我想买一些香蕉。,"{'S001268_P0008_T00', '这个商店的水果便宜,我想买香蕉。'}","(1060, 1060)","[679, 784]",77.21847897615213,16.464349082820792,67.40181427763304,0.0,58.52509435292461,0.0,48.3018816076337,0.0,81.78887993549853,20.957613814753667,96.28493189811707,66.01552367210388,0.8435503244400024,0.342351496219635
你不要吃太多巧克力，对身体不好。,"{'巧克力吃多了对身体不好。', 'S001292_P0004_T00'}","(1061, 1061)","[593, 105]",65.68203680259735,14.285714285714283,54.72598280850501,8.451542547285165,47.51865126703473,0.0,40.01073768299052,0.0,61.81318681316811,15.65471288456177,82.88700580596924,66.69285297393799,0.6114364862442017,0.25745558738708496
你不要吃太多巧克力，对身体不好。,"{'S001292_P0008_T00', '巧克力吃多了对身体不好。'}","(1062, 1062)","[1139, 732]",65.68203680259735,16.53220053324695,54.72598280850501,0.0,47.51865126703473,0.0,40.01073768299052,0.0,61.81318681316811,14.367681498811816,82.88700580596924,69.13968920707703,0.6114364862442017,0.12830442190170288
父母过生日，你应该早点起床做早饭。,"{'S001298_P0004_T00', '爸爸妈妈过生日,你应该起床做早饭。'}","(1063, 1063)","[508, 763]",70.58823529411764,4.999999999999999,63.01260378126043,0.0,54.154965179343364,0.0,42.9513694636652,0.0,70.58823529406764,5.547282203951612,92.37203001976013,63.261157274246216,0.763157844543457,0.10580404102802277
天气太冷了，我们去打篮球吧。,"{'S001308_P0000_T00', '天气太冷了,我们去打篮球吧。'}","(1064, 1064)","[909, 257]",92.85714285714283,0.0,88.64052604279179,0.0,83.83820492034592,0.0,78.25422900366432,0.0,92.85714285709285,0.0,99.3220329284668,61.85320019721985,0.9835644960403442,0.06018334627151489
天气太冷了，我们去打篮球吧。,"{'S001308_P0004_T00', '天气太冷了,我们去打篮球吧。'}","(1065, 1065)","[889, 592]",92.85714285714283,0.0,88.64052604279179,0.0,83.83820492034592,0.0,78.25422900366432,0.0,92.85714285709285,0.0,99.3220329284668,63.756757974624634,0.9835644960403442,0.016439437866210938
我的爷爷会手语，有很多聋人朋友。,"{'S001315_P0004_T00', '我的爷爷会打手语,他和聋人朋友很多。'}","(1066, 1066)","[533, 1108]",77.77777777777777,15.384615384615385,64.1688947919748,0.0,50.48546725411212,0.0,40.052744847255724,0.0,70.104754230399,15.384615384565386,91.84086322784424,64.82376456260681,0.6784246563911438,0.06457816064357758
病人做完手术还不能出院，护士会照顾他。,"{'S001324_P0000_T00', '病人做手术不能出院,护士会照顾他们。'}","(1067, 1067)","[650, 80]",84.08528612504583,10.000000000000002,71.74111950220077,0.0,59.721259969646006,0.0,48.145648022582144,0.0,86.36041289098077,11.094564407972461,94.18885707855225,61.664873361587524,0.8088919520378113,0.25395482778549194
病人做完手术还不能出院，护士会照顾他。,"{'护士会照顾病人做手术不能出院,护士会照顾他们。', 'S001324_P0004_T00'}","(1068, 1068)","[735, 792]",69.56521739130434,7.6923076923076925,58.976782461958834,0.0,48.76186398752199,0.0,39.02273664485568,0.0,74.84494901706957,8.544087491386662,87.24214434623718,63.6846125125885,0.6665522456169128,0.1757364720106125
我今天去爬山，晚上回家吃晚饭。,"{'S001349_P0000_T00', '我今天去爬山,晚上回家吃饭。'}","(1069, 1069)","[709, 791]",86.45582954394496,6.404070681197325,78.68916696862145,0.0,69.54115267180529,0.0,61.42150942225169,0.0,89.4427193985518,8.601021430959758,96.95360064506531,66.25852584838867,0.8887011408805847,0.22486630082130432
我有两件衣服，一件是红色的，一件是黄色的。,"{'我有两件红色的衣服,一件红色的、一件黄色的。', 'S001354_P0000_T00'}","(1070, 1070)","[474, 606]",77.2727272727273,10.976232721880526,63.62090102803519,0.0,46.59935225242371,0.0,32.125804236450584,0.0,78.98437892405022,13.971742543168109,92.85290241241455,70.19617557525635,0.8132957816123962,0.03293692320585251
我有两件衣服，一件是红色的，一件是黄色的。,"{'我有两件红色的衣服,一件红色的、一件黄色的。', 'S001354_P0004_T00'}","(1071, 1071)","[55, 203]",77.2727272727273,14.285714285714283,63.62090102803519,0.0,46.59935225242371,0.0,32.125804236450584,0.0,78.98437892405022,15.20572450798733,92.85290241241455,68.76626014709473,0.8132957816123962,0.16018813848495483
穿黑色鞋子的男生是我的男朋友。,"{'S001356_P0000_T00', '穿黑鞋子的那个男生是我的男朋友。'}","(1072, 1072)","[967, 178]",87.50000000000003,5.882352941176471,80.10409893798612,0.0,71.57430563396476,0.0,64.1386525898168,0.0,90.13518939895346,6.441631504854731,95.98538875579834,60.395628213882446,0.8103557825088501,0.09540848433971405
穿黑色鞋子的男生是我的男朋友。,"{'这双黑色鞋子黑色的男生是我的男朋友。', 'S001356_P0008_T00'}","(1073, 1073)","[874, 6]",77.77777777777777,3.496726139692522,74.0958573634948,0.0,70.00933582299675,0.0,65.40585844910977,0.0,83.47996089925135,4.659584741671911,91.44004583358765,65.69796204566956,0.6300861239433289,0.057172954082489014
我的女儿没有手机，我只能给她的朋友打电话。,"{'S001357_P0000_T00', '我女儿没有手机,我只能用手机给朋友发短信。'}","(1074, 1074)","[800, 735]",66.66666666666669,9.931706075828188,51.63977794943224,0.0,41.24725439385678,0.0,32.88580454955831,0.0,66.66666666661666,13.157449687130812,91.08853340148926,67.66019463539124,0.7887282967567444,0.17081163823604584
我的女儿没有手机，我只能给她的朋友打电话。,"{'我女儿没有手机,我只能用手机给朋友发短信。', 'S001357_P0008_T00'}","(1075, 1075)","[541, 840]",66.66666666666669,6.595414762772626,51.63977794943224,0.0,41.24725439385678,0.0,32.88580454955831,0.0,66.66666666661666,7.071069633849232,91.08853340148926,69.57714557647705,0.7887282967567444,0.13081900775432587
过年回家多吃蔬菜，少吃肉，别胖了。,"{'S001369_P0000_T00', '过年回家多吃蔬菜,不胖。'}","(1076, 1076)","[503, 712]",54.93671918337031,10.362863977255007,48.00716060501515,0.0,45.00586214705231,0.0,42.74592105960378,0.0,65.20102394216458,11.264262893624634,91.31375551223755,65.93157649040222,0.6919731497764587,0.4625098705291748
过年回家多吃蔬菜，少吃肉，别胖了。,"{'过年回家多吃菜,少吃晚饭,不胖。', 'S001369_P0004_T00'}","(1077, 1077)","[26, 751]",64.58464806842647,11.538461538461537,49.26323661826979,6.793662204867573,40.23569228076943,0.0,34.47205967189252,0.0,66.5445665445229,12.154120297152147,90.55862426757812,65.16702771186829,0.6135786771774292,0.2480696439743042
明天考试，带上笔，不要带手机。,"{'明天考试要带什么,不带手机。', 'S001372_P0000_T00'}","(1078, 1078)","[135, 698]",73.1549326910304,11.111111111111109,60.56038593913457,0.0,48.46315232250213,0.0,37.257423107540355,0.0,68.80209184502999,11.11111111106111,87.79470324516296,65.53860306739807,0.6171287894248962,0.3178565502166748
明天考试，带上笔，不要带手机。,"{'明天考试要带什么,不带手机。', 'S001372_P0008_T00'}","(1079, 1079)","[42, 969]",73.1549326910304,7.142857142857142,60.56038593913457,0.0,48.46315232250213,0.0,37.257423107540355,0.0,68.80209184502999,7.779141104227431,87.79470324516296,67.86791682243347,0.6171287894248962,0.25121304392814636
中午去哪里吃饭，在学校还是去饭店？,"{'午饭在哪里吃饭?在学校饭店吃饭。', 'S001377_P0000_T00'}","(1080, 1080)","[829, 351]",58.71331642584226,3.2020353405986626,46.970653140673804,0.0,35.41340374357606,0.0,23.801485533558356,0.0,60.49506049501683,4.300510715480783,82.45972394943237,63.02834153175354,0.7067887783050537,0.093994140625
中午去哪里吃饭，在学校还是去饭店？,"{'午饭在哪里吃饭?在学校的饭店。', 'S001377_P0008_T00'}","(1081, 1081)","[46, 1047]",58.344887936196514,5.555555555555555,46.779981627207306,0.0,35.35607298758012,0.0,23.827376217791336,0.0,62.017374517338006,6.140241624043568,81.25748038291931,69.36528086662292,0.7084103226661682,0.17239578068256378
牛奶可以和咖啡一起喝。,"{'牛奶和咖啡可以和咖啡一起喝。', 'S001401_P0008_T00'}","(1082, 1082)","[28, 803]",78.5714285714286,9.090909090909093,73.75337578416624,0.0,68.20667314496643,0.0,64.50001140844256,0.0,85.57055214717221,9.09090909085909,94.50215101242065,67.21583604812622,0.7637672424316406,0.32814425230026245
我的老板对我满意，我很高兴。,"{'S001403_P0004_T00', '老板对我的生日作了充分的高兴。'}","(1083, 1083)","[632, 1054]",53.33333333333335,8.591115984887153,47.809144373375744,0.0,37.50305225461222,0.0,25.748661016289674,0.0,48.16146429149448,10.03798155180206,79.40328121185303,70.52949070930481,0.4826509952545166,0.05824308097362518
我的老板对我满意，我很高兴。,"{'S001403_P0008_T00', '老板对我的处方很满意。'}","(1084, 1084)","[940, 780]",62.28821345701695,4.99331305271809,48.692936341673004,0.0,34.23143893801623,0.0,24.85623706648625,0.0,54.45398773003777,5.12147520017069,86.22276186943054,64.36787247657776,0.7256612181663513,0.3884575366973877
上班时间不能喝酒，老板也不能。,"{'上班的时候不能喝酒,老板也不能。', 'S001409_P0000_T00'}","(1085, 1085)","[1165, 27]",81.24999999999997,0.0,69.82120021884465,0.0,59.33796001378432,0.0,50.353378875558576,0.0,83.6969615847385,0.0,93.85591149330139,61.83340549468994,0.9116762280464172,0.17619580030441284
上班时间不能喝酒，老板也不能。,"{'上班的时候不能喝酒,老板也不能。', 'S001409_P0008_T00'}","(1086, 1086)","[317, 805]",81.24999999999997,4.3478260869565215,69.82120021884465,0.0,59.33796001378432,0.0,50.353378875558576,0.0,83.6969615847385,4.843468873634265,93.85591149330139,62.570446729660034,0.9116762280464172,0.03464232385158539
明天是春节，要穿新衣服。,"{'S001414_P0008_T00', '明天是新年,你要穿一件新的衣服。'}","(1087, 1087)","[317, 1031]",56.24999999999999,8.695652173913045,43.30127018922193,0.0,29.92042402942877,0.0,0.0,0.0,61.81318681311843,9.686937747329837,87.16563582420349,64.98119831085205,0.7936046123504639,0.05748790502548218
这件衣服不保暖，我不想买。,"{'S001415_P0000_T00', '我不想穿暖衣,我不想买。'}","(1088, 1088)","[904, 687]",61.33629430862157,8.785910567087734,45.29985550557232,6.515805665539386,38.40383193608607,0.0,32.80424072511114,0.0,55.82165605091388,11.770451770453395,83.62057209014893,68.08348298072815,0.630894660949707,0.045331068336963654
这件衣服不保暖，我不想买。,"{'S001415_P0004_T00', '衣服没给我,我不想买。'}","(1089, 1089)","[663, 605]",53.05700387751146,4.150457801283012,47.030007339570616,0.0,39.46590520668785,0.0,33.64425339232041,0.0,57.53968253965076,4.331480876062538,85.96404790878296,62.70254850387573,0.5495607256889343,0.17340877652168274
明天考试完就放假，我很高兴。,"{'明天考试完了,放假快乐。', 'S001417_P0004_T00'}","(1090, 1090)","[1040, 1057]",56.43211499270762,15.789473684210527,46.59728534731134,0.0,38.061569367463356,0.0,31.912901122227073,0.0,60.822898032167124,11.452022669466057,84.88760590553284,71.27535939216614,0.8049182295799255,0.1772269606590271
明天考试完就放假，我很高兴。,"{'S001417_P0008_T00', '明天考试完了,放假很高兴。'}","(1091, 1091)","[244, 537]",78.35055280819599,22.727272727272727,69.5459380028764,0.0,58.82625436275439,0.0,48.764850158827386,0.0,81.25885448285601,18.181818181768183,90.56453108787537,68.17755103111267,0.82403165102005,0.2238842397928238
你是我的客户，我应该请你吃饭。,"{'S001423_P0000_T00', '你很有礼貌,我应该请你吃饭。'}","(1092, 1092)","[34, 168]",59.85403583811575,14.285714285714283,54.77893017797023,0.0,51.88701506680858,0.0,49.30978249017994,0.0,61.9218826605227,14.925558312596124,89.60652947425842,69.7400450706482,0.6448741555213928,0.11434297263622284
你是我的客户，我应该请你吃饭。,"{'S001423_P0004_T00', '你是我的客户,我应该请你吃饭。'}","(1093, 1093)","[667, 49]",93.33333333333336,8.333333333333332,89.44271909999159,0.0,85.05807405659806,0.0,80.03203203845001,0.0,93.33333333328332,9.319169483275434,99.48163032531738,68.08903217315674,0.9577754735946655,0.32746291160583496
跳舞是一种运动，对身体好。,"{'S001425_P0000_T00', '跳舞是另一种运动,对身体好。'}","(1094, 1094)","[111, 912]",85.7142857142857,18.18181818181818,77.03288865196431,0.0,66.69717773118558,0.0,53.33505353503043,0.0,88.64602307219572,19.611650485371555,94.53698396682739,68.85870099067688,0.8427286744117737,0.09889384359121323
跳舞是一种运动，对身体好。,"{'S001425_P0008_T00', '跳舞是种运动,对身体好。'}","(1095, 1095)","[187, 616]",84.33740467435464,18.336679070663596,75.12131188464936,11.018972768500825,63.79231677865715,7.597442819017124,47.99824421063026,0.0,87.7197452228884,26.731006621036407,95.36280632019043,74.99809265136719,0.8935177326202393,0.4835951328277588
老板发邮件让我预订回公司的航班。,"{'S001430_P0008_T00', '老板给我发邮件,让我预定去公司飞机。'}","(1096, 1096)","[292, 295]",61.1111111111111,4.649621089329101,46.44203640128239,0.0,29.985468634200238,0.0,0.0,0.0,64.26269137786073,8.430739937599386,87.93641328811646,65.49569964408875,0.8015624284744263,0.08928261697292328
我的儿子在出差，你有事给他打电话。,"{'S001432_P0004_T00', '我儿子出差了,你有什么事,给他发手机。'}","(1097, 1097)","[648, 774]",57.89473684210525,13.84182521267043,35.868505789931355,0.0,0.0,0.0,0.0,0.0,60.737342847374784,15.55828220856538,86.7235004901886,64.14143443107605,0.7418004870414734,0.3297958970069885
路口有狗，我有点害怕它。,"{'S001447_P0004_T00', '路口有一只小狗,我有点小。'}","(1098, 1098)","[216, 400]",61.538461538461554,8.556951983876534,45.29108136578384,0.0,33.41085299235576,0.0,0.0,0.0,63.796178343891675,11.184210526315402,86.62629127502441,70.38168907165527,0.3658179044723511,0.4735485315322876
路口有狗，我有点害怕它。,"{'其实,不管她多大,我害怕她。', 'S001447_P0008_T00'}","(1099, 1099)","[169, 863]",28.57142857142857,4.0,14.82498633322202,0.0,0.0,0.0,0.0,0.0,30.411449016037423,4.431510401602448,78.28060984611511,64.90670442581177,0.4911866784095764,0.14717142283916473
我下午吃很多水果，不想吃晚饭。,"{'S001456_P0000_T00', '下午我吃了很多水果,不想吃晚饭。'}","(1100, 1100)","[1040, 571]",87.50000000000003,5.263157894736842,72.45688373094717,0.0,60.822019955733964,0.0,51.29497107827518,0.0,83.6969615847385,5.88098288103112,95.00194191932678,67.1055018901825,0.8514894843101501,0.1599978804588318
我没有看到老板的邮件，他什么时候发的？,"{'老板没有给我发邮件,我看没有,他什么时候回复的。', 'S001489_P0004_T00'}","(1101, 1101)","[1159, 628]",62.50000000000002,4.999999999999999,43.61391879943235,0.0,29.601673563865226,0.0,22.29409636663292,0.0,45.30290576795528,5.592105263091024,84.97164249420166,65.1553213596344,0.5301481485366821,0.057747408747673035
我没有看到老板的邮件，他什么时候发的？,"{'S001489_P0008_T00', '老板的邮件我没有看到,他什么时候回复的。'}","(1102, 1102)","[1029, 558]",79.99999999999997,6.49000652559504,71.08186533109108,0.0,63.21632020469772,0.0,54.64463020975289,0.0,56.33622720231405,7.231040564348366,88.72555494308472,65.25581479072571,0.7137688994407654,0.10514457523822784
穿蓝色裙子在跳舞的是我的女儿。,"{'我女儿穿了一件裙子,她跳舞是我女儿的。', 'S001507_P0004_T00'}","(1103, 1103)","[923, 159]",57.89473684210525,0.0,35.868505789931355,0.0,0.0,0.0,0.0,0.0,57.26011334759777,0.0,80.92997670173645,59.93894338607788,0.42030787467956543,0.048841193318367004
穿蓝色裙子在跳舞的是我的女儿。,"{'S001507_P0008_T00', '穿蓝色裙子的女生是我的女儿。'}","(1104, 1104)","[112, 1145]",79.80538111748766,9.145195361833023,71.72245543692837,0.0,65.37354249888456,0.0,58.63954417655858,0.0,82.56251021404451,10.43647525639954,91.31630063056946,65.92866778373718,0.5645272731781006,0.11530698090791702
今天是阴天，可能会下雨。,"{'S001509_P0004_T00', '今天是阴天,大概会下雨。'}","(1105, 1105)","[820, 64]",74.99999999999997,4.999999999999999,69.08492797077568,0.0,62.02672829851782,0.0,53.107253497886994,0.0,74.99999999994999,5.423280423214075,94.05484199523926,62.79445290565491,0.8931477069854736,0.12084005773067474
不要在家里看电视，出去踢足球。,"{'不用在家看电视,你可以去踢足球。', 'S001515_P0004_T00'}","(1106, 1106)","[1047, 1173]",68.75000000000001,4.775079947669835,56.642151559888106,0.0,45.08898714992068,0.0,34.46073377034663,0.0,70.82050595630857,8.154686843221096,87.76153326034546,69.28207874298096,0.7200483679771423,0.1616833209991455
不要在家里看电视，出去踢足球。,"{'S001515_P0008_T00', '不用在家看电视,我去踢足球。'}","(1107, 1107)","[218, 872]",73.1549326910304,6.107097367830394,60.56038593913457,0.0,48.46315232250213,0.0,37.257423107540355,0.0,75.68230102953723,6.753535674531798,89.44970965385437,67.53137111663818,0.6611278057098389,0.3236236572265625
椅子上有一件衣服，是谁的？,"{'桌子上有一件衣服,是谁的?', 'S001517_P0000_T00'}","(1108, 1108)","[1104, 17]",76.92307692307693,21.42857142857143,71.61148740394327,0.0,65.39953362181168,0.0,57.83569866465144,0.0,76.92307692302693,21.42857142852143,95.70865631103516,69.62052583694458,0.8257591128349304,0.04105386883020401
椅子上有一件衣服，是谁的？,"{'桌子上有一件衣服,是谁的?', 'S001517_P0004_T00'}","(1109, 1109)","[762, 8]",76.92307692307693,18.710139700632354,71.61148740394327,0.0,65.39953362181168,0.0,57.83569866465144,0.0,76.92307692302693,19.314683442601666,95.70865631103516,69.20210123062134,0.8257591128349304,0.19477343559265137
合肥气温低，你骑自行车上学一定很冷。,"{'合肥气温低,骑自行车上课一定要冷。', 'S001568_P0004_T00'}","(1110, 1110)","[939, 139]",77.64837655275439,4.999999999999999,67.64455304915663,0.0,55.67492492672698,0.0,46.43452800614708,0.0,79.86970684034685,5.423280423214075,91.70191287994385,64.05339241027832,0.8335621953010559,0.16163496673107147
合肥气温低，你骑自行车上学一定很冷。,"{'S001568_P0008_T00', '合肥气温低,骑自行车上课应该冷。'}","(1111, 1111)","[33, 1023]",66.18726769384463,13.043478260869563,59.199691923364966,7.699905035090181,50.98687944219263,0.0,43.556330210944246,0.0,70.10475423042197,14.586546844544065,89.7348165512085,71.4722990989685,0.8321617841720581,0.10026942193508148
我的丈夫在美国，他喜欢中国菜。,"{'我丈夫在美国喜欢吃中国菜。', 'S001574_P0004_T00'}","(1112, 1112)","[742, 151]",79.14497715327147,5.1061889224309915,67.26029715123109,0.0,56.07381643860639,0.0,46.14734996195437,0.0,84.85283560656998,5.726011334742372,91.39130711555481,64.7673487663269,0.8186236023902893,0.10157237946987152
我的丈夫在美国，他喜欢中国菜。,"{'我丈夫在美国,喜欢吃中国菜。', 'S001574_P0008_T00'}","(1113, 1113)","[286, 60]",79.80538111748766,10.362863977255007,67.62057947040273,0.0,56.187774832841875,0.0,46.06894414936015,0.0,82.56251021404451,11.264262893624634,93.8064455986023,68.4721052646637,0.8267524838447571,0.15124276280403137
服务员说黑色的帽子很适合我。,"{'帽子太远了,我服务你。', 'S001610_P0004_T00'}","(1114, 1114)","[165, 65]",41.52547563801129,3.980729503187718,25.144924203898324,0.0,0.0,0.0,0.0,0.0,31.11656441715434,4.578754578735885,76.46450996398926,64.39505815505981,0.16919264197349548,0.2533503770828247
服务员说黑色的帽子很适合我。,"{'黑帽子在与我们服务员打交道。', 'S001610_P0005_T00'}","(1115, 1115)","[1157, 656]",57.14285714285717,14.285714285714283,36.31365196012816,0.0,22.232392577061862,0.0,0.0,0.0,35.71428571423572,15.970515970450775,78.43205332756042,62.68272399902344,0.3111996650695801,0.26993483304977417
我明天去超市买面包给爷爷吃。,"{'S001625_P0005_T00', '我明天去超市买点面包给爷爷。'}","(1116, 1116)","[716, 688]",92.85714285714283,15.163266492815833,84.51542547285166,0.0,78.089666561908,0.0,71.38957847176475,0.0,92.85714285709285,12.380952380944544,96.40290141105652,66.29136204719543,0.8880724906921387,0.07005630433559418
人体的许多器官都可能发生癌变。,"{'S001641_P0000_T00', '人对癌症的患病率大致会增加。'}","(1117, 1117)","[785, 661]",26.601793705829223,9.30058576283412,0.0,0.0,0.0,0.0,0.0,0.0,20.640627553479067,11.761965762194942,76.76321268081665,69.42235827445984,0.6451926827430725,0.12963137030601501
人体的许多器官都可能发生癌变。,"{'S001641_P0004_T00', '人对癌症的患病率大致不会增加。'}","(1118, 1118)","[603, 446]",26.66666666666667,7.6923076923076925,0.0,0.0,0.0,0.0,0.0,0.0,19.999999999950003,7.6923076922576925,77.10963487625122,69.78669166564941,0.5114375352859497,0.12893472611904144
手术治疗是目前治疗白内障比较有效的手段。,"{'小女孩艾滋病被奇迹般地治愈了,效果是做手术。', 'S001656_P0004_T00'}","(1119, 1119)","[448, 609]",27.272727272727277,6.703200460356395,11.396057645963799,0.0,0.0,0.0,0.0,0.0,18.961818961760375,7.905982905969005,71.36909365653992,69.2611813545227,0.4214174747467041,0.1743973046541214
手术治疗是目前治疗白内障比较有效的手段。,"{'S001656_P0005_T00', '治疗白内障的最佳效果主要是手术切除白内障。'}","(1120, 1120)","[1169, 114]",52.38095238095239,10.000000000000002,36.187343222787284,0.0,27.446924285949066,0.0,21.89321973004432,0.0,38.97804298702606,10.8465608464945,82.62665867805481,66.64405465126038,0.7052395939826965,0.257610559463501
因为白天很忙，所以我大部分时候阅读是在晚上睡觉前躺在床上完成的。,"{'S001667_P0000_T00', '忙忙碌了一天,晚上就睡觉了,前还要看书、看文章。'}","(1121, 1121)","[1099, 300]",23.884377019126312,11.530253528648418,12.199039152381264,0.0,0.0,0.0,0.0,0.0,24.038461538442846,12.668146793754733,71.9079077243805,65.02147912979126,0.5053504705429077,0.12151660025119781
因为白天很忙，所以我大部分时候阅读是在晚上睡觉前躺在床上完成的。,"{'忙忙碌了一天,晚上就睡觉了,之前写的小说也做完了。', 'S001667_P0005_T00'}","(1122, 1122)","[476, 365]",30.231349658229018,10.47249843574439,13.798660126365109,0.0,0.0,0.0,0.0,0.0,27.260140929450305,12.280483248210231,71.91224694252014,66.21497869491577,0.5747814178466797,0.23668120801448822
一位老人正在慢慢地穿过斑马线，等待的司机却不耐烦地按起了喇叭。,"{'行人通过斑马线时要小心行人,防止行车。', 'S001685_P0000_T00'}","(1123, 1123)","[660, 680]",16.792153583070657,9.090909090909093,12.199216752169903,0.0,9.7645276465095,0.0,7.458227402640675,0.0,21.6425648021811,9.292279873369633,69.96193528175354,67.43290424346924,0.26600080728530884,0.06315068155527115
斑马线是行人的生命线。,"{'过街走斑马线是一种很安全的行为。', 'S001687_P0000_T00'}","(1124, 1124)","[1064, 952]",43.74999999999999,14.285714285714283,29.580398915498076,0.0,23.20794416806389,0.0,17.609282679116177,0.0,41.68048645653663,7.9852579851927885,76.12769603729248,72.82935976982117,0.47188180685043335,0.22254416346549988
斑马线是行人的生命线。,"{'过街走斑马线是条相互平行的道路,十分安全。', 'S001687_P0005_T00'}","(1125, 1125)","[770, 47]",33.333333333333336,5.4936719183370295,22.360679774997894,0.0,17.394640854894956,0.0,13.076558875109015,0.0,37.14123867063338,6.520102394204938,74.28093552589417,69.88937854766846,0.48176318407058716,0.06869880855083466
目前许多笔记本电脑都内置了蓝牙功能。,"{'大多数笔记本电脑都有蓝牙功能。', 'S001702_P0000_T00'}","(1126, 1126)","[311, 38]",65.49846024623854,8.09074238519722,58.71422516524184,0.0,53.365529114232565,0.0,47.71754374398068,0.0,71.55425219938343,9.060581153580019,92.95170903205872,65.03958702087402,0.8557472825050354,0.10350166261196136
目前许多笔记本电脑都内置了蓝牙功能。,"{'大多数笔记本电脑都有蓝牙功能。', 'S001702_P0004_T00'}","(1127, 1127)","[36, 39]",65.49846024623854,10.23616157962556,58.71422516524184,0.0,53.365529114232565,0.0,47.71754374398068,0.0,71.55425219938343,7.849293563560583,92.95170903205872,65.46376347541809,0.8557472825050354,0.07087435573339462
老师最后介绍了研制蓝牙数据终端的设计原理和实现过程。,"{'S001705_P0004_T00', '老师讲了蓝牙技术常见的贷款和试用过程。'}","(1128, 1128)","[864, 337]",36.41188554055353,4.653136125221825,23.65994400469989,0.0,13.158056829845922,0.0,0.0,0.0,42.43912420706391,5.547282204008814,81.15283250808716,62.663984298706055,0.3889162540435791,0.17416821420192719
老师最后介绍了研制蓝牙数据终端的设计原理和实现过程。,"{'探讨蓝牙技术原来的痛和实践过程。', 'S001705_P0005_T00'}","(1129, 1129)","[123, 359]",30.1084553541932,19.47001957678512,20.73058598521241,0.0,11.800136287043589,0.0,0.0,0.0,34.40383905499987,21.693121693096163,77.29442119598389,66.38609170913696,0.3721621036529541,0.05313418060541153
这家公司在逐步完善蓝牙的机密性与安全性。,"{'这家公司在蓝牙设计秘诀中改变了蓝牙的使用。', 'S001711_P0000_T00'}","(1130, 1130)","[1131, 409]",42.85714285714285,11.022965788240139,35.856858280031815,0.0,30.025041747854356,0.0,23.41812326184748,0.0,43.85029836041114,8.900574544736841,80.22609949111938,66.71261191368103,0.33843663334846497,0.007421374320983887
这家公司在逐步完善蓝牙的机密性与安全性。,"{'S001711_P0005_T00', '这家公司在蓝牙设计上秘密维修身体。'}","(1131, 1131)","[636, 699]",44.37653465768823,10.000000000000002,34.094286178096276,5.872202195147035,26.910245869560285,0.0,21.97878540279269,0.0,48.021373809307136,11.18421052624892,79.72983717918396,69.3488359451294,0.3484326899051666,0.1685701608657837
关闭不必需的一些程序，可以帮助我们节省流量。,"{'这个程序不用关掉,可以帮我节约流量。', 'S001717_P0000_T00'}","(1132, 1132)","[827, 917]",53.38249352778721,3.621651737558985,35.4572481715921,0.0,23.259661713795545,0.0,0.0,0.0,49.029126213564226,5.074337427283039,82.30778574943542,67.01120734214783,0.6488761901855469,0.11538764089345932
关闭不必需的一些程序，可以帮助我们节省流量。,"{'这个过程不用排队,可以帮助我们节约流量。', 'S001717_P0005_T00'}","(1133, 1133)","[138, 404]",54.29024508215756,4.166666666666667,45.47936266955139,0.0,39.6606059931508,0.0,33.948056376349875,0.0,52.145002144962305,4.657247514322392,83.61713886260986,65.90221524238586,0.49081695079803467,0.16794037818908691
医生量了量我的体温和脉搏，检查了一下我的身体。,"{'S001735_P0004_T00', '医生对症下药,检查身体。'}","(1134, 1134)","[1154, 673]",26.65664362298983,12.500000000000002,19.68723604835123,0.0,11.572363689921215,0.0,0.0,0.0,33.90428211587513,13.968911917033862,77.81106233596802,70.03926634788513,0.3911743760108948,0.06911160051822662
医生量了量我的体温和脉搏，检查了一下我的身体。,"{'S001735_P0005_T00', '医生对病人的体温和脉搏进行了检查。'}","(1135, 1135)","[372, 615]",49.59660159974084,10.212377844861983,39.045841377140064,0.0,30.568863972749284,0.0,25.608708576873774,0.0,52.68149882902259,11.452022669508839,82.10355639457703,69.39016580581665,0.7638750672340393,0.14224129915237427
拟设上海公司法人身份证明复印件、简历、照片6张。,"{'上海公司的人拍照的身份证复印不好。', 'S001743_P0000_T00'}","(1136, 1136)","[189, 619]",46.76330367486537,5.488116360940265,34.084321771522816,0.0,24.87543723560814,0.0,16.42817227606757,0.0,50.78187543362086,6.9858712715825515,78.290855884552,67.34725832939148,0.23691080510616302,0.03839726746082306
拟设上海公司法人身份证明复印件、简历、照片6张。,"{'上海公司可以表示身份证复印不好。', 'S001743_P0004_T00'}","(1137, 1137)","[968, 889]",37.908166232039605,22.062422564614884,30.32653298563168,0.0,22.86461194283588,0.0,15.367394061536741,0.0,46.428571428563586,11.684125705039227,76.46373510360718,74.22552108764648,0.18209347128868103,0.261638879776001
每个人在生活中都会遇到让人感动的事情。,"{'每个人都在生活中会遇到感动的事情。', 'S001747_P0000_T00'}","(1138, 1138)","[43, 839]",88.9009765402776,7.999999999999998,76.9905041051248,0.0,65.50279956685452,0.0,51.68976030700797,0.0,88.3452259598668,3.99999999995,96.10477089881897,63.26943039894104,0.8226521015167236,-0.021733328700065613
每个人在生活中都会遇到让人感动的事情。,"{'每个人都在生活中会遇到感动的事情。', 'S001747_P0004_T00'}","(1139, 1139)","[1049, 195]",88.9009765402776,7.667036788577693,76.9905041051248,0.0,65.50279956685452,0.0,51.68976030700797,0.0,88.3452259598668,7.974522292952097,96.10477089881897,66.90841317176819,0.8226521015167236,0.21233636140823364
难道顽强拼搏的运动员不是我们学习的榜样吗？,"{'S001754_P0000_T00', '困难运动员是运动员,努力学习、刻苦训练,不是我们的榜样。'}","(1140, 1140)","[1172, 345]",46.42857142857143,4.545454545454546,37.08990935094579,0.0,27.660884445541463,0.0,17.057467191272078,0.0,43.17111459961763,5.055979462242698,80.3786039352417,64.95348811149597,0.4840763807296753,0.06546979397535324
难道顽强拼搏的运动员不是我们学习的榜样吗？,"{'困难运动员不是我们学习的榜样。', 'S001754_P0004_T00'}","(1141, 1141)","[756, 647]",58.09440398975543,15.643899186934181,55.31470219991151,8.096487032045353,54.03477375185507,0.0,53.06899591470129,0.0,68.5185185185046,19.405481919952727,87.61557340621948,69.84984278678894,0.645083487033844,0.21194028854370117
你可不要成为弟弟的坏榜样啊！,"{'你不要给别人做榜样,不好。', 'S001759_P0005_T00'}","(1142, 1142)","[310, 209]",35.61388764008908,5.4936719183370295,23.44393091820821,0.0,0.0,0.0,0.0,0.0,36.93584294672973,6.520102394204938,77.31395959854126,68.50160956382751,0.6901902556419373,0.09105533361434937
这样子做是最保险的。,"{'S001769_P0004_T00', '做起事情时要做好最保险的准备。'}","(1143, 1143)","[354, 982]",40.0,5.882352941176471,29.277002188455995,0.0,23.62544248544665,0.0,18.20705281109213,0.0,44.57142857135952,6.520102394148532,74.66347813606262,70.45248746871948,0.615247905254364,0.18461310863494873
这样子做是最保险的。,"{'S001769_P0005_T00', '这种情况是比较保险的。'}","(1144, 1144)","[599, 473]",54.54545454545453,19.999999999999996,40.45199174779453,0.0,33.1300762471962,0.0,25.965358893403383,0.0,56.88545688539829,14.46208112868145,82.69007205963135,70.98708748817444,0.706122100353241,0.23884104192256927
他看到病床上缠着绷带的儿子，感到焦急万分。,"{'S001788_P0000_T00', '看到病床上缠着绷带的儿子,父亲心里暖洋洋的。'}","(1145, 1145)","[100, 318]",59.09090909090908,7.6923076923076925,55.634864026418654,0.0,53.68933466474012,0.0,52.03412353479889,0.0,60.399819177202076,8.219954648462538,84.96877551078796,62.428104877471924,0.7037467360496521,0.15012508630752563
他看到病床上缠着绷带的儿子，感到焦急万分。,"{'看到病床上缠着儿子的绷带,家属们感动不已。', 'S001788_P0005_T00'}","(1146, 1146)","[151, 128]",66.66666666666669,4.4485411273155995,51.63977794943224,0.0,41.24725439385678,0.0,35.338096752781205,0.0,52.38095238090238,4.902912621331214,85.70654392242432,61.33657097816467,0.7170089483261108,0.2040967494249344
他的笔记本电脑中了病毒，根本开不了机。,"{'他是妈妈做的笔记本电脑,我还没打开。', 'S001798_P0000_T00'}","(1147, 1147)","[235, 96]",47.297973445338265,0.0,36.27588967600709,0.0,31.45450782672819,0.0,27.700512338542904,0.0,48.57773225115727,0.0,76.8348753452301,63.84315490722656,0.207361102104187,0.3561789393424988
他的笔记本电脑中了病毒，根本开不了机。,"{'他把笔记本电脑在笔记本电脑上做启动了。', 'S001798_P0005_T00'}","(1148, 1148)","[53, 522]",47.368421052631575,10.714285714285714,32.4442842261525,0.0,26.48395915094988,0.0,21.951524426618455,0.0,47.368421052581574,11.838999544439103,74.05676245689392,65.97877740859985,0.18441951274871826,0.2773832678794861
他对自己一直高标准严要求。,"{'S001808_P0000_T00', '他对自己的标志非常严格。'}","(1149, 1149)","[714, 85]",53.669257520043864,4.0,36.69707715086976,0.0,29.154163133721333,0.0,22.434531552409887,0.0,55.82165605091388,3.99999999995,81.77536129951477,64.38108682632446,0.6776541471481323,0.2446938455104828
你的发音还不够标准，需要多加练习。,"{'S001813_P0000_T00', '你没有标准的午饭标准,你还要接受锻炼。'}","(1150, 1150)","[140, 261]",36.84210526315789,13.636363636363638,14.306584587982533,0.0,0.0,0.0,0.0,0.0,33.129459734904515,9.653281544462772,80.45805096626282,67.39094257354736,0.3248749375343323,0.13205356895923615
你的发音还不够标准，需要多加练习。,"{'S001813_P0005_T00', '抱怨是没有标准的,你再锻炼也徒劳无益。'}","(1151, 1151)","[806, 518]",26.31578947368421,6.3750380081936955,12.091270835166858,0.0,0.0,0.0,0.0,0.0,16.564729867422354,7.975813417789403,76.35412812232971,72.1800684928894,0.4539912939071655,0.09400969743728638
王师傅做出的每个产品都在标准线之上。,"{'S001815_P0000_T00', '王老师工作以产品的标准升高。'}","(1152, 1152)","[704, 573]",42.94155960430207,17.647058823529417,22.281281199135595,0.0,0.0,0.0,0.0,0.0,42.44402985072378,12.668146793718451,77.05990076065063,70.77407240867615,0.42170166969299316,0.1167818009853363
他非常符合我的择偶标准。,"{'他是我找的结婚标准,他适合我吗?', 'S001822_P0000_T00'}","(1153, 1153)","[1006, 993]",37.5,6.236713233544119,22.360679774997894,0.0,0.0,0.0,0.0,0.0,34.34065934059094,6.438227814171732,79.04189825057983,65.49251079559326,0.3688855767250061,0.048484742641448975
他非常符合我的择偶标准。,"{'他是我找的最适合他的妻子的标准。', 'S001822_P0004_T00'}","(1154, 1154)","[79, 992]",43.74999999999999,6.818181818181818,24.152294576982403,3.9819890490142416,16.091489743427164,0.0,0.0,0.0,41.20879120872282,7.449239694070796,79.93285059928894,63.074904680252075,0.3536396026611328,0.12157192081212997
伤口还没有痊愈，别感染了。,"{'伤员们现在没有受伤,伤员们没有受伤。', 'S001841_P0004_T00'}","(1155, 1155)","[48, 510]",22.22222222222222,0.0,11.433239009500591,0.0,0.0,0.0,0.0,0.0,24.560966496381344,0.0,75.84190964698792,67.15141534805298,0.42000144720077515,-0.021150797605514526
伤口还没有痊愈，别感染了。,"{'S001841_P0005_T00', '伤员被诊断为无伤,没有受伤。'}","(1156, 1156)","[301, 294]",28.57142857142857,10.380107463819925,14.82498633322202,5.4208343276100495,0.0,0.0,0.0,0.0,29.54867435736067,16.991297140498148,75.27186870574951,66.411954164505,0.47937506437301636,0.29065048694610596
祖国到处呈现出万象更新的景象。,"{'S001851_P0005_T00', '祖国到处都是变化,变化无常。'}","(1157, 1157)","[752, 475]",33.252242132286526,10.526315789473687,26.72938097836187,0.0,22.298133219351378,0.0,17.502413882486998,0.0,34.40104592249361,11.452022669466057,75.43420195579529,67.32540726661682,0.560961127281189,0.12275081872940063
文化交流是沟通各国人民互相了解的桥梁。,"{'文化交流是沟通不同国家的文化的一种桥梁。', 'S001874_P0000_T00'}","(1158, 1158)","[225, 990]",59.999999999999986,19.999999999999996,50.26246899500345,0.0,43.83174833688701,0.0,37.51840463233444,0.0,61.457702402529414,14.46208112868145,85.80465316772461,70.34088373184204,0.7994841933250427,0.3247489929199219
文化交流是沟通各国人民互相了解的桥梁。,"{'文化交流是沟通不同国家的文化的一种桥梁。', 'S001874_P0004_T00'}","(1159, 1159)","[549, 1055]",59.999999999999986,23.529411764705884,50.26246899500345,0.0,43.83174833688701,0.0,37.51840463233444,0.0,61.457702402529414,17.647058823479416,85.80465316772461,68.1686520576477,0.7994841933250427,0.13659489154815674
让我好好休息休息吧，天气变化无常，估计是要下雨了。,"{'S001882_P0004_T00', '请我休息好,一会儿天气再变化,我估计会下雨。'}","(1160, 1160)","[239, 700]",51.55831276046594,8.695652173913045,32.72756663192539,0.0,0.0,0.0,0.0,0.0,50.65276138998398,9.213070858271093,83.84895920753479,63.88096213340759,0.6738761067390442,0.14639131724834442
让我好好休息休息吧，天气变化无常，估计是要下雨了。,"{'让我好好休息一下,可以随时随机应变,估计明天会下雨。', 'S001882_P0005_T00'}","(1161, 1161)","[460, 614]",49.99999999999999,15.0,37.41657386773941,0.0,28.575396274377987,0.0,23.48781140011496,0.0,47.02268003970406,15.3644256005912,80.10476231575012,68.02424788475037,0.6335614323616028,0.17232710123062134
话剧剧本的情节安排不是固定不变的。,"{'表演书的预报上不变化。', 'S001891_P0000_T00'}","(1162, 1162)","[184, 654]",21.075573773993074,7.667036788577693,11.052124127213364,0.0,0.0,0.0,0.0,0.0,26.265214606016286,7.974522292952097,78.02366614341736,66.73790216445923,0.34810084104537964,0.09625208377838135
话剧剧本的情节安排不是固定不变的。,"{'S001891_P0004_T00', '跳舞的书是书,应该从这个阶段处理,不要变来变去。'}","(1163, 1163)","[1059, 581]",20.833333333333332,18.75,0.0,0.0,0.0,0.0,0.0,0.0,23.082670651582625,13.216374268944438,70.27907371520996,67.96067953109741,0.15044087171554565,0.1416565179824829
我们上课一直没有固定的教室，今天这儿，明天变成那儿。,"{'我上课的教室没有固定,现在变多了,明天去看一下。', 'S001894_P0000_T00'}","(1164, 1164)","[169, 180]",57.50277591433272,7.999999999999998,40.126742391514576,0.0,27.234854426114698,0.0,17.24809630093877,0.0,39.872611464926614,8.567065820075882,81.0589075088501,63.363081216812134,0.5394582748413086,0.26612141728401184
我们上课一直没有固定的教室，今天这儿，明天变成那儿。,"{'我上课的教室没有固定,现在改成了固定的,明天是固定的。', 'S001894_P0004_T00'}","(1165, 1165)","[535, 680]",51.85185185185186,4.157176896050262,39.94297930101854,0.0,29.44423652357998,0.0,18.05915447393609,0.0,41.47991089395855,5.323791237560911,82.89815187454224,63.88738751411438,0.6303845643997192,0.05908769369125366
我捡到了一张公交卡，而且这张卡已经被人家挂失了。,"{'我的交通卡在局部挂失了。', 'S001900_P0004_T00'}","(1166, 1166)","[320, 182]",21.459634068334136,19.999999999999996,14.673313614241469,0.0,11.657282051731768,0.0,8.970439686619665,0.0,32.407407407414816,13.268397259566491,77.59525179862976,62.75961399078369,0.6147611737251282,0.12633056938648224
我捡到了一张公交卡，而且这张卡已经被人家挂失了。,"{'S001900_P0005_T00', '我交通卡早挂失了。'}","(1167, 1167)","[440, 72]",14.690324665143699,4.295557992443577,10.200448385380882,0.0,8.249901845209294,0.0,6.483996016841,0.0,31.601731601742035,5.018990775893216,79.43763732910156,65.02190828323364,0.482397198677063,0.05100686848163605
请逐项填写这份挂失申请表，我们将仔细核对。,"{'请你看下这张挂失要求填表,并核对一下挂失请求。', 'S001902_P0000_T00'}","(1168, 1168)","[769, 1132]",43.478260869565226,6.6887171122080415,19.881069312188604,0.0,0.0,0.0,0.0,0.0,36.21429904791636,10.101010101017508,78.51618528366089,68.70338320732117,0.66819828748703,0.07970090210437775
请逐项填写这份挂失申请表，我们将仔细核对。,"{'S001902_P0005_T00', '请看下每一项挂失请求的填表,并核对一下。'}","(1169, 1169)","[376, 857]",47.561471225035696,8.18730753077982,21.822699650110344,0.0,0.0,0.0,0.0,0.0,43.850298360420865,8.94428152489663,78.34513187408447,69.8750913143158,0.6672500371932983,0.19754861295223236
我喜欢听惊险的故事，但有时越听越害怕。,"{'我喜欢听紧张的程序,害怕害怕,喜欢有的时候会感动。', 'S001923_P0004_T00'}","(1170, 1170)","[887, 793]",40.0,5.654934466089881,25.819888974716118,0.0,17.96402428624494,0.0,12.740810460323607,0.0,35.082725493616316,6.441631504901945,81.5205454826355,67.76288747787476,0.3294694721698761,0.2496301233768463
我喜欢听惊险的故事，但有时越听越害怕。,"{'我喜欢听朋友的紧张故事,我喜欢有的时候会害怕。', 'S001923_P0005_T00'}","(1171, 1171)","[659, 563]",52.173913043478265,2.664662434661565,37.72167680771589,0.0,27.291536056118634,0.0,17.855149299161596,0.0,56.133711762785985,6.336517839745095,84.05806422233582,63.24101686477661,0.45991456508636475,0.04690954089164734
我怀着惴惴不安的心情走进办公室，害怕会受到老板的责备。,"{'S001927_P0000_T00', '我害怕走办公室,害怕进办公室,害怕老板不会。'}","(1172, 1172)","[1043, 529]",47.07793231188635,6.703200460356395,29.883564533786544,0.0,19.23330132542687,0.0,13.142444560678783,0.0,43.99129603373328,7.905982905969005,78.73452305793762,63.93660306930542,0.3760213255882263,0.10016350448131561
我怀着惴惴不安的心情走进办公室，害怕会受到老板的责备。,"{'S001927_P0005_T00', '我害怕走办公室,害怕进办公室,害怕老板哭。'}","(1173, 1173)","[630, 432]",39.36309630394355,14.486606950235943,27.19396672864648,7.565383741945782,18.018243854152434,0.0,12.501012357600619,0.0,44.46517412933074,20.29734970911885,78.09174060821533,70.64812183380127,0.4255765676498413,0.08772120624780655
这段时间，我要集中精力准备好期末考试。,"{'在这个阶段,我集中好时间复习段考试。', 'S001954_P0000_T00'}","(1174, 1174)","[909, 342]",57.80863421096899,0.0,35.87055975110039,0.0,19.667218883679517,0.0,0.0,0.0,48.57773225115727,0.0,81.94910883903503,64.49648141860962,0.6537519097328186,0.015798941254615784
这段时间，我要集中精力准备好期末考试。,"{'请帮我集中好时间复习考试。', 'S001954_P0004_T00'}","(1175, 1175)","[331, 217]",43.63706676438829,7.6923076923076925,30.27926606662024,0.0,17.38407013238199,0.0,0.0,0.0,40.96731448762249,8.487824841347129,78.26431393623352,65.39425253868103,0.6546921730041504,0.421819269657135
